1 -1 #SUP: 267
2 -1 #SUP: 250
3 -1 #SUP: 117
4 -1 #SUP: 143
5 -1 #SUP: 310
6 -1 #SUP: 214
7 -1 #SUP: 142
8 -1 #SUP: 145
9 -1 #SUP: 143
10 -1 #SUP: 198
11 -1 #SUP: 338
12 -1 #SUP: 399
13 -1 #SUP: 230
14 -1 #SUP: 232
14 -1 24 -1 #SUP: 117
15 -1 #SUP: 199
16 -1 #SUP: 173
18 -1 #SUP: 185
19 -1 #SUP: 314
19 -1 20 -1 #SUP: 114
20 -1 #SUP: 358
20 -1 29 -1 #SUP: 136
20 -1 21 -1 #SUP: 123
21 -1 #SUP: 308
23 -1 #SUP: 259
24 -1 #SUP: 304
25 -1 #SUP: 305
26 -1 #SUP: 277
28 -1 #SUP: 305
29 -1 #SUP: 428
29 -1 19 -1 #SUP: 114
29 -1 20 -1 #SUP: 148
29 -1 21 -1 #SUP: 117
30 -1 #SUP: 134
33 -1 #SUP: 155
34 -1 #SUP: 138
35 -1 #SUP: 182
36 -1 #SUP: 135
37 -1 #SUP: 160
38 -1 #SUP: 177
39 -1 #SUP: 203
40 -1 #SUP: 180
41 -1 #SUP: 188
42 -1 #SUP: 213
43 -1 #SUP: 172
44 -1 #SUP: 402
46 -1 #SUP: 320
47 -1 #SUP: 332
48 -1 #SUP: 732
48 -1 81 -1 #SUP: 249
48 -1 67 -1 #SUP: 125
48 -1 68 -1 #SUP: 122
48 -1 69 -1 #SUP: 156
48 -1 73 -1 #SUP: 120
48 -1 74 -1 #SUP: 265
48 -1 75 -1 #SUP: 229
48 -1 76 -1 #SUP: 163
48 -1 77 -1 #SUP: 148
48 -1 78 -1 #SUP: 152
67 -1 63 -1 61 -1 60 -1 56 -1 #SUP: 147
48 -1 80 -1 #SUP: 137
49 -1 #SUP: 666
49 -1 81 -1 #SUP: 136
49 -1 68 -1 #SUP: 136
49 -1 69 -1 #SUP: 127
49 -1 55 -1 #SUP: 163
49 -1 74 -1 #SUP: 183
49 -1 75 -1 #SUP: 216
49 -1 76 -1 #SUP: 166
49 -1 62 -1 #SUP: 135
49 -1 48 -1 #SUP: 246
49 -1 77 -1 #SUP: 223
49 -1 78 -1 #SUP: 133
49 -1 93 -1 #SUP: 115
49 -1 94 -1 #SUP: 114
50 -1 #SUP: 616
50 -1 81 -1 #SUP: 155
50 -1 73 -1 #SUP: 120
72 -1 71 -1 65 -1 74 -1 #SUP: 129
50 -1 74 -1 #SUP: 154
50 -1 75 -1 #SUP: 141
50 -1 48 -1 #SUP: 163
50 -1 49 -1 #SUP: 141
50 -1 78 -1 #SUP: 237
50 -1 79 -1 #SUP: 156
50 -1 80 -1 #SUP: 137
51 -1 #SUP: 526
51 -1 81 -1 #SUP: 157
51 -1 74 -1 #SUP: 118
51 -1 47 -1 #SUP: 151
51 -1 48 -1 #SUP: 135
51 -1 78 -1 #SUP: 159
51 -1 50 -1 #SUP: 194
51 -1 79 -1 #SUP: 256
51 -1 79 -1 47 -1 #SUP: 122
67 -1 66 -1 57 -1 74 -1 #SUP: 128
51 -1 79 -1 78 -1 #SUP: 116
51 -1 80 -1 #SUP: 140
52 -1 #SUP: 639
52 -1 81 -1 #SUP: 163
52 -1 72 -1 #SUP: 133
52 -1 58 -1 #SUP: 148
52 -1 73 -1 #SUP: 156
52 -1 74 -1 #SUP: 198
52 -1 75 -1 #SUP: 160
52 -1 90 -1 #SUP: 140
52 -1 48 -1 #SUP: 169
52 -1 91 -1 #SUP: 121
52 -1 49 -1 #SUP: 145
52 -1 78 -1 #SUP: 164
52 -1 50 -1 #SUP: 203
52 -1 79 -1 #SUP: 143
67 -1 66 -1 65 -1 62 -1 61 -1 #SUP: 141
52 -1 51 -1 #SUP: 214
52 -1 80 -1 #SUP: 269
53 -1 #SUP: 736
53 -1 81 -1 #SUP: 368
53 -1 81 -1 69 -1 #SUP: 138
53 -1 81 -1 74 -1 #SUP: 139
53 -1 67 -1 #SUP: 118
53 -1 69 -1 #SUP: 178
53 -1 73 -1 #SUP: 175
53 -1 74 -1 #SUP: 302
53 -1 74 -1 75 -1 #SUP: 126
53 -1 60 -1 #SUP: 123
53 -1 75 -1 #SUP: 226
53 -1 61 -1 #SUP: 117
53 -1 76 -1 #SUP: 137
53 -1 48 -1 #SUP: 291
53 -1 48 -1 81 -1 #SUP: 191
53 -1 48 -1 74 -1 #SUP: 131
53 -1 77 -1 #SUP: 116
53 -1 49 -1 #SUP: 192
53 -1 49 -1 48 -1 #SUP: 114
53 -1 78 -1 #SUP: 146
53 -1 50 -1 #SUP: 193
53 -1 50 -1 81 -1 #SUP: 118
53 -1 79 -1 #SUP: 121
53 -1 51 -1 #SUP: 197
53 -1 51 -1 81 -1 #SUP: 119
53 -1 80 -1 #SUP: 140
53 -1 52 -1 #SUP: 235
53 -1 52 -1 81 -1 #SUP: 127
53 -1 52 -1 51 -1 #SUP: 120
54 -1 #SUP: 793
54 -1 81 -1 #SUP: 258
54 -1 81 -1 74 -1 #SUP: 120
68 -1 67 -1 66 -1 55 -1 #SUP: 158
54 -1 67 -1 #SUP: 158
54 -1 53 -1 #SUP: 411
54 -1 53 -1 81 -1 #SUP: 206
54 -1 53 -1 74 -1 #SUP: 205
54 -1 53 -1 75 -1 #SUP: 148
54 -1 53 -1 48 -1 #SUP: 224
54 -1 53 -1 48 -1 81 -1 #SUP: 157
54 -1 53 -1 48 -1 74 -1 #SUP: 122
54 -1 53 -1 49 -1 #SUP: 141
54 -1 53 -1 50 -1 #SUP: 115
54 -1 53 -1 51 -1 #SUP: 119
54 -1 53 -1 52 -1 #SUP: 151
54 -1 68 -1 #SUP: 152
54 -1 69 -1 #SUP: 173
54 -1 55 -1 #SUP: 135
54 -1 73 -1 #SUP: 169
54 -1 73 -1 74 -1 #SUP: 117
54 -1 74 -1 #SUP: 368
54 -1 74 -1 75 -1 #SUP: 185
54 -1 75 -1 #SUP: 303
54 -1 61 -1 #SUP: 180
54 -1 76 -1 #SUP: 176
54 -1 62 -1 #SUP: 132
54 -1 48 -1 #SUP: 380
54 -1 48 -1 81 -1 #SUP: 188
54 -1 48 -1 74 -1 #SUP: 175
54 -1 48 -1 75 -1 #SUP: 143
54 -1 77 -1 #SUP: 170
54 -1 49 -1 #SUP: 248
54 -1 49 -1 48 -1 #SUP: 151
54 -1 78 -1 #SUP: 118
54 -1 50 -1 #SUP: 160
54 -1 51 -1 #SUP: 146
54 -1 80 -1 #SUP: 120
54 -1 52 -1 #SUP: 205
55 -1 #SUP: 808
55 -1 81 -1 #SUP: 150
55 -1 53 -1 #SUP: 236
55 -1 68 -1 #SUP: 191
55 -1 54 -1 #SUP: 321
55 -1 54 -1 53 -1 #SUP: 184
55 -1 54 -1 74 -1 #SUP: 153
55 -1 54 -1 75 -1 #SUP: 148
55 -1 54 -1 48 -1 #SUP: 156
64 -1 60 -1 57 -1 53 -1 #SUP: 161
55 -1 54 -1 49 -1 #SUP: 150
55 -1 69 -1 #SUP: 123
71 -1 70 -1 61 -1 57 -1 #SUP: 126
55 -1 74 -1 #SUP: 267
55 -1 74 -1 75 -1 #SUP: 163
55 -1 75 -1 #SUP: 324
55 -1 61 -1 #SUP: 115
67 -1 64 -1 63 -1 60 -1 59 -1 57 -1 #SUP: 135
55 -1 76 -1 #SUP: 144
55 -1 62 -1 #SUP: 192
55 -1 48 -1 #SUP: 262
55 -1 77 -1 #SUP: 189
55 -1 49 -1 #SUP: 318
55 -1 49 -1 75 -1 #SUP: 124
55 -1 49 -1 48 -1 #SUP: 142
55 -1 92 -1 #SUP: 116
55 -1 78 -1 #SUP: 127
55 -1 50 -1 #SUP: 133
55 -1 94 -1 #SUP: 132
55 -1 52 -1 #SUP: 138
56 -1 #SUP: 647
56 -1 81 -1 #SUP: 160
56 -1 53 -1 #SUP: 263
56 -1 53 -1 81 -1 #SUP: 128
56 -1 53 -1 50 -1 #SUP: 116
56 -1 53 -1 51 -1 #SUP: 128
56 -1 53 -1 52 -1 #SUP: 131
56 -1 54 -1 #SUP: 251
56 -1 54 -1 53 -1 #SUP: 176
56 -1 54 -1 74 -1 #SUP: 115
56 -1 55 -1 #SUP: 246
56 -1 55 -1 54 -1 #SUP: 123
56 -1 73 -1 #SUP: 129
65 -1 64 -1 61 -1 60 -1 57 -1 #SUP: 148
56 -1 74 -1 #SUP: 205
71 -1 54 -1 #SUP: 207
56 -1 75 -1 #SUP: 197
56 -1 48 -1 #SUP: 153
56 -1 49 -1 #SUP: 144
56 -1 78 -1 #SUP: 164
56 -1 50 -1 #SUP: 252
56 -1 79 -1 #SUP: 162
56 -1 51 -1 #SUP: 225
56 -1 51 -1 50 -1 #SUP: 126
56 -1 80 -1 #SUP: 116
56 -1 52 -1 #SUP: 220
56 -1 52 -1 50 -1 #SUP: 122
64 -1 63 -1 61 -1 60 -1 56 -1 #SUP: 128
56 -1 52 -1 51 -1 #SUP: 131
57 -1 #SUP: 716
57 -1 81 -1 #SUP: 155
57 -1 53 -1 #SUP: 270
57 -1 53 -1 81 -1 #SUP: 127
57 -1 53 -1 51 -1 #SUP: 161
57 -1 53 -1 52 -1 #SUP: 136
57 -1 54 -1 #SUP: 245
57 -1 54 -1 53 -1 #SUP: 173
57 -1 54 -1 74 -1 #SUP: 116
57 -1 54 -1 51 -1 #SUP: 120
57 -1 55 -1 #SUP: 232
57 -1 55 -1 54 -1 #SUP: 117
72 -1 64 -1 57 -1 74 -1 #SUP: 119
57 -1 56 -1 #SUP: 343
57 -1 56 -1 53 -1 #SUP: 178
67 -1 63 -1 61 -1 59 -1 #SUP: 182
57 -1 56 -1 53 -1 51 -1 #SUP: 114
57 -1 56 -1 54 -1 #SUP: 165
57 -1 56 -1 54 -1 53 -1 #SUP: 125
57 -1 56 -1 55 -1 #SUP: 140
57 -1 56 -1 74 -1 #SUP: 123
57 -1 56 -1 50 -1 #SUP: 132
57 -1 56 -1 51 -1 #SUP: 179
71 -1 70 -1 57 -1 #SUP: 184
57 -1 56 -1 52 -1 #SUP: 143
57 -1 56 -1 52 -1 51 -1 #SUP: 114
57 -1 73 -1 #SUP: 132
57 -1 74 -1 #SUP: 216
57 -1 75 -1 #SUP: 192
57 -1 47 -1 #SUP: 161
57 -1 48 -1 #SUP: 159
57 -1 49 -1 #SUP: 124
57 -1 78 -1 #SUP: 158
57 -1 50 -1 #SUP: 200
57 -1 79 -1 #SUP: 219
57 -1 51 -1 #SUP: 337
57 -1 51 -1 47 -1 #SUP: 118
57 -1 51 -1 50 -1 #SUP: 142
57 -1 51 -1 79 -1 #SUP: 183
57 -1 80 -1 #SUP: 130
57 -1 52 -1 #SUP: 231
57 -1 52 -1 51 -1 #SUP: 170
58 -1 #SUP: 386
58 -1 74 -1 #SUP: 120
58 -1 91 -1 #SUP: 119
67 -1 63 -1 61 -1 60 -1 59 -1 57 -1 #SUP: 141
59 -1 #SUP: 786
59 -1 81 -1 #SUP: 161
59 -1 53 -1 #SUP: 282
59 -1 53 -1 81 -1 #SUP: 127
59 -1 53 -1 74 -1 #SUP: 123
59 -1 53 -1 51 -1 #SUP: 118
71 -1 66 -1 64 -1 62 -1 #SUP: 129
59 -1 53 -1 52 -1 #SUP: 173
59 -1 54 -1 #SUP: 287
59 -1 54 -1 53 -1 #SUP: 184
59 -1 54 -1 53 -1 52 -1 #SUP: 116
59 -1 54 -1 74 -1 #SUP: 147
59 -1 54 -1 52 -1 #SUP: 156
59 -1 55 -1 #SUP: 247
59 -1 55 -1 54 -1 #SUP: 124
59 -1 56 -1 #SUP: 325
59 -1 56 -1 53 -1 #SUP: 165
59 -1 56 -1 54 -1 #SUP: 161
59 -1 56 -1 54 -1 53 -1 #SUP: 119
59 -1 56 -1 55 -1 #SUP: 147
59 -1 56 -1 74 -1 #SUP: 130
59 -1 56 -1 50 -1 #SUP: 130
59 -1 56 -1 51 -1 #SUP: 133
59 -1 56 -1 52 -1 #SUP: 173
59 -1 57 -1 #SUP: 374
59 -1 57 -1 53 -1 #SUP: 172
59 -1 57 -1 53 -1 52 -1 #SUP: 119
59 -1 57 -1 54 -1 #SUP: 169
59 -1 57 -1 54 -1 53 -1 #SUP: 121
71 -1 67 -1 66 -1 64 -1 60 -1 #SUP: 134
73 -1 65 -1 56 -1 #SUP: 128
59 -1 57 -1 55 -1 #SUP: 145
59 -1 57 -1 56 -1 #SUP: 247
59 -1 57 -1 56 -1 53 -1 #SUP: 131
59 -1 57 -1 56 -1 54 -1 #SUP: 126
59 -1 57 -1 56 -1 51 -1 #SUP: 116
59 -1 57 -1 56 -1 52 -1 #SUP: 124
59 -1 57 -1 74 -1 #SUP: 145
59 -1 57 -1 50 -1 #SUP: 118
59 -1 57 -1 51 -1 #SUP: 179
59 -1 57 -1 52 -1 #SUP: 191
59 -1 57 -1 52 -1 51 -1 #SUP: 142
59 -1 72 -1 #SUP: 137
59 -1 58 -1 #SUP: 143
59 -1 73 -1 #SUP: 165
59 -1 74 -1 #SUP: 264
59 -1 74 -1 75 -1 #SUP: 120
67 -1 66 -1 64 -1 60 -1 54 -1 #SUP: 121
73 -1 72 -1 71 -1 59 -1 57 -1 #SUP: 120
59 -1 89 -1 #SUP: 114
59 -1 75 -1 #SUP: 223
59 -1 90 -1 #SUP: 124
59 -1 48 -1 #SUP: 165
59 -1 77 -1 #SUP: 115
59 -1 49 -1 #SUP: 140
59 -1 78 -1 #SUP: 156
59 -1 50 -1 #SUP: 223
59 -1 79 -1 #SUP: 125
59 -1 51 -1 #SUP: 211
59 -1 94 -1 #SUP: 126
66 -1 60 -1 57 -1 54 -1 53 -1 #SUP: 130
72 -1 70 -1 67 -1 59 -1 #SUP: 145
59 -1 80 -1 #SUP: 197
59 -1 52 -1 #SUP: 356
59 -1 52 -1 74 -1 #SUP: 123
59 -1 52 -1 50 -1 #SUP: 142
59 -1 52 -1 51 -1 #SUP: 162
59 -1 52 -1 80 -1 #SUP: 165
60 -1 #SUP: 907
60 -1 81 -1 #SUP: 334
60 -1 81 -1 69 -1 #SUP: 121
60 -1 81 -1 74 -1 #SUP: 137
60 -1 67 -1 #SUP: 126
60 -1 53 -1 #SUP: 528
60 -1 53 -1 81 -1 #SUP: 284
60 -1 53 -1 81 -1 74 -1 #SUP: 121
60 -1 53 -1 69 -1 #SUP: 130
60 -1 53 -1 73 -1 #SUP: 121
60 -1 53 -1 74 -1 #SUP: 237
60 -1 53 -1 75 -1 #SUP: 165
60 -1 53 -1 48 -1 #SUP: 224
60 -1 53 -1 48 -1 81 -1 #SUP: 159
60 -1 53 -1 48 -1 74 -1 #SUP: 116
60 -1 53 -1 49 -1 #SUP: 144
60 -1 53 -1 50 -1 #SUP: 148
60 -1 53 -1 51 -1 #SUP: 161
60 -1 53 -1 52 -1 #SUP: 193
65 -1 63 -1 60 -1 57 -1 #SUP: 188
60 -1 68 -1 #SUP: 132
70 -1 64 -1 63 -1 60 -1 57 -1 #SUP: 138
70 -1 65 -1 64 -1 59 -1 56 -1 #SUP: 143
60 -1 54 -1 #SUP: 438
60 -1 54 -1 81 -1 #SUP: 187
60 -1 54 -1 53 -1 #SUP: 337
60 -1 54 -1 53 -1 81 -1 #SUP: 171
60 -1 54 -1 53 -1 74 -1 #SUP: 184
60 -1 54 -1 53 -1 75 -1 #SUP: 133
60 -1 54 -1 53 -1 48 -1 #SUP: 184
60 -1 54 -1 53 -1 48 -1 81 -1 #SUP: 136
60 -1 54 -1 53 -1 49 -1 #SUP: 115
60 -1 54 -1 53 -1 52 -1 #SUP: 131
60 -1 54 -1 74 -1 #SUP: 229
60 -1 54 -1 75 -1 #SUP: 166
60 -1 54 -1 48 -1 #SUP: 217
60 -1 54 -1 48 -1 81 -1 #SUP: 143
60 -1 54 -1 48 -1 74 -1 #SUP: 122
60 -1 54 -1 49 -1 #SUP: 135
60 -1 54 -1 52 -1 #SUP: 147
60 -1 69 -1 #SUP: 184
60 -1 55 -1 #SUP: 332
60 -1 55 -1 53 -1 #SUP: 187
60 -1 55 -1 54 -1 #SUP: 199
60 -1 55 -1 54 -1 53 -1 #SUP: 158
60 -1 55 -1 54 -1 74 -1 #SUP: 117
60 -1 55 -1 74 -1 #SUP: 156
60 -1 55 -1 75 -1 #SUP: 149
60 -1 55 -1 48 -1 #SUP: 115
72 -1 66 -1 65 -1 56 -1 #SUP: 138
60 -1 55 -1 49 -1 #SUP: 118
60 -1 56 -1 #SUP: 320
60 -1 56 -1 53 -1 #SUP: 215
60 -1 56 -1 53 -1 52 -1 #SUP: 114
60 -1 56 -1 54 -1 #SUP: 192
60 -1 56 -1 54 -1 53 -1 #SUP: 157
60 -1 56 -1 55 -1 #SUP: 146
60 -1 56 -1 74 -1 #SUP: 139
60 -1 56 -1 75 -1 #SUP: 117
60 -1 56 -1 51 -1 #SUP: 121
60 -1 56 -1 52 -1 #SUP: 125
60 -1 57 -1 #SUP: 375
60 -1 57 -1 53 -1 #SUP: 219
60 -1 57 -1 53 -1 51 -1 #SUP: 133
60 -1 57 -1 53 -1 52 -1 #SUP: 117
60 -1 57 -1 54 -1 #SUP: 193
60 -1 57 -1 54 -1 53 -1 #SUP: 150
60 -1 57 -1 55 -1 #SUP: 147
60 -1 57 -1 56 -1 #SUP: 234
60 -1 57 -1 56 -1 53 -1 #SUP: 148
60 -1 57 -1 56 -1 54 -1 #SUP: 137
60 -1 57 -1 74 -1 #SUP: 148
60 -1 57 -1 75 -1 #SUP: 126
60 -1 57 -1 51 -1 #SUP: 167
60 -1 57 -1 52 -1 #SUP: 139
60 -1 58 -1 #SUP: 116
60 -1 73 -1 #SUP: 190
60 -1 73 -1 74 -1 #SUP: 117
60 -1 59 -1 #SUP: 408
60 -1 59 -1 53 -1 #SUP: 232
60 -1 59 -1 53 -1 52 -1 #SUP: 150
60 -1 59 -1 54 -1 #SUP: 213
60 -1 59 -1 54 -1 53 -1 #SUP: 161
60 -1 59 -1 54 -1 74 -1 #SUP: 119
60 -1 59 -1 54 -1 52 -1 #SUP: 118
60 -1 59 -1 55 -1 #SUP: 156
60 -1 59 -1 56 -1 #SUP: 230
60 -1 59 -1 56 -1 53 -1 #SUP: 145
60 -1 59 -1 56 -1 54 -1 #SUP: 140
60 -1 59 -1 57 -1 #SUP: 268
60 -1 59 -1 57 -1 53 -1 #SUP: 150
60 -1 59 -1 57 -1 54 -1 #SUP: 147
60 -1 59 -1 57 -1 56 -1 #SUP: 194
60 -1 59 -1 57 -1 56 -1 53 -1 #SUP: 116
60 -1 59 -1 57 -1 56 -1 54 -1 #SUP: 115
60 -1 59 -1 57 -1 74 -1 #SUP: 123
60 -1 59 -1 57 -1 52 -1 #SUP: 122
60 -1 59 -1 74 -1 #SUP: 174
60 -1 59 -1 75 -1 #SUP: 127
60 -1 59 -1 50 -1 #SUP: 114
60 -1 59 -1 51 -1 #SUP: 120
60 -1 59 -1 52 -1 #SUP: 185
60 -1 74 -1 #SUP: 358
60 -1 74 -1 75 -1 #SUP: 174
60 -1 75 -1 #SUP: 292
60 -1 61 -1 #SUP: 126
60 -1 76 -1 #SUP: 146
60 -1 48 -1 #SUP: 321
60 -1 48 -1 81 -1 #SUP: 181
60 -1 48 -1 74 -1 #SUP: 144
60 -1 77 -1 #SUP: 142
60 -1 49 -1 #SUP: 207
60 -1 78 -1 #SUP: 163
71 -1 70 -1 59 -1 57 -1 #SUP: 156
60 -1 50 -1 #SUP: 200
60 -1 79 -1 #SUP: 126
60 -1 51 -1 #SUP: 203
60 -1 94 -1 #SUP: 124
60 -1 80 -1 #SUP: 144
60 -1 66 -1 #SUP: 158
60 -1 52 -1 #SUP: 247
60 -1 52 -1 51 -1 #SUP: 118
61 -1 #SUP: 990
61 -1 81 -1 #SUP: 250
61 -1 81 -1 74 -1 #SUP: 132
61 -1 67 -1 #SUP: 229
61 -1 53 -1 #SUP: 390
61 -1 53 -1 81 -1 #SUP: 198
61 -1 53 -1 81 -1 74 -1 #SUP: 116
61 -1 53 -1 74 -1 #SUP: 222
61 -1 53 -1 75 -1 #SUP: 147
61 -1 53 -1 48 -1 #SUP: 192
61 -1 53 -1 48 -1 81 -1 #SUP: 136
61 -1 53 -1 48 -1 74 -1 #SUP: 118
61 -1 53 -1 49 -1 #SUP: 115
73 -1 70 -1 67 -1 65 -1 61 -1 #SUP: 124
61 -1 53 -1 52 -1 #SUP: 125
70 -1 67 -1 66 -1 65 -1 64 -1 #SUP: 139
61 -1 68 -1 #SUP: 183
61 -1 54 -1 #SUP: 517
61 -1 54 -1 81 -1 #SUP: 190
61 -1 54 -1 53 -1 #SUP: 315
61 -1 54 -1 53 -1 81 -1 #SUP: 159
61 -1 54 -1 53 -1 74 -1 #SUP: 191
61 -1 54 -1 53 -1 75 -1 #SUP: 129
61 -1 54 -1 53 -1 48 -1 #SUP: 177
61 -1 54 -1 53 -1 48 -1 81 -1 #SUP: 126
61 -1 54 -1 53 -1 48 -1 74 -1 #SUP: 114
61 -1 54 -1 69 -1 #SUP: 130
61 -1 54 -1 74 -1 #SUP: 286
61 -1 54 -1 74 -1 75 -1 #SUP: 141
61 -1 54 -1 75 -1 #SUP: 213
61 -1 54 -1 76 -1 #SUP: 125
61 -1 54 -1 48 -1 #SUP: 280
61 -1 54 -1 48 -1 81 -1 #SUP: 148
61 -1 54 -1 48 -1 74 -1 #SUP: 156
61 -1 54 -1 48 -1 75 -1 #SUP: 122
61 -1 54 -1 49 -1 #SUP: 162
61 -1 54 -1 49 -1 48 -1 #SUP: 117
61 -1 54 -1 52 -1 #SUP: 145
61 -1 69 -1 #SUP: 185
67 -1 65 -1 62 -1 #SUP: 203
61 -1 55 -1 #SUP: 390
61 -1 55 -1 53 -1 #SUP: 161
61 -1 55 -1 54 -1 #SUP: 234
61 -1 55 -1 54 -1 53 -1 #SUP: 148
61 -1 55 -1 54 -1 74 -1 #SUP: 139
61 -1 55 -1 54 -1 75 -1 #SUP: 125
61 -1 55 -1 54 -1 48 -1 #SUP: 124
61 -1 55 -1 54 -1 49 -1 #SUP: 114
72 -1 70 -1 57 -1 56 -1 #SUP: 125
61 -1 55 -1 74 -1 #SUP: 185
61 -1 55 -1 74 -1 75 -1 #SUP: 120
61 -1 55 -1 75 -1 #SUP: 193
61 -1 55 -1 48 -1 #SUP: 149
61 -1 55 -1 49 -1 #SUP: 145
61 -1 56 -1 #SUP: 264
61 -1 56 -1 53 -1 #SUP: 148
61 -1 56 -1 54 -1 #SUP: 176
61 -1 56 -1 54 -1 53 -1 #SUP: 131
61 -1 56 -1 55 -1 #SUP: 140
61 -1 56 -1 74 -1 #SUP: 139
61 -1 56 -1 75 -1 #SUP: 124
61 -1 57 -1 #SUP: 290
61 -1 57 -1 53 -1 #SUP: 146
61 -1 57 -1 54 -1 #SUP: 174
61 -1 57 -1 54 -1 53 -1 #SUP: 128
61 -1 57 -1 55 -1 #SUP: 140
61 -1 57 -1 56 -1 #SUP: 191
61 -1 57 -1 56 -1 54 -1 #SUP: 125
61 -1 57 -1 74 -1 #SUP: 143
61 -1 57 -1 75 -1 #SUP: 129
61 -1 29 -1 #SUP: 120
61 -1 58 -1 #SUP: 118
61 -1 44 -1 #SUP: 116
61 -1 73 -1 #SUP: 181
61 -1 73 -1 74 -1 #SUP: 121
61 -1 59 -1 #SUP: 335
61 -1 59 -1 53 -1 #SUP: 150
61 -1 59 -1 54 -1 #SUP: 198
61 -1 59 -1 54 -1 53 -1 #SUP: 134
61 -1 59 -1 54 -1 74 -1 #SUP: 132
61 -1 59 -1 55 -1 #SUP: 148
68 -1 67 -1 66 -1 61 -1 60 -1 74 -1 #SUP: 137
61 -1 59 -1 56 -1 #SUP: 177
66 -1 63 -1 57 -1 56 -1 #SUP: 178
61 -1 59 -1 56 -1 54 -1 #SUP: 116
61 -1 59 -1 57 -1 #SUP: 207
61 -1 59 -1 57 -1 54 -1 #SUP: 122
61 -1 59 -1 57 -1 56 -1 #SUP: 152
61 -1 59 -1 57 -1 74 -1 #SUP: 116
61 -1 59 -1 74 -1 #SUP: 176
61 -1 59 -1 75 -1 #SUP: 132
61 -1 59 -1 52 -1 #SUP: 139
61 -1 74 -1 #SUP: 464
61 -1 74 -1 75 -1 #SUP: 244
61 -1 60 -1 #SUP: 532
61 -1 60 -1 81 -1 #SUP: 195
61 -1 60 -1 81 -1 74 -1 #SUP: 114
61 -1 60 -1 53 -1 #SUP: 326
61 -1 60 -1 53 -1 81 -1 #SUP: 171
61 -1 60 -1 53 -1 74 -1 #SUP: 198
61 -1 60 -1 53 -1 75 -1 #SUP: 133
61 -1 60 -1 53 -1 48 -1 #SUP: 167
61 -1 60 -1 53 -1 48 -1 81 -1 #SUP: 124
61 -1 60 -1 54 -1 #SUP: 340
61 -1 60 -1 54 -1 81 -1 #SUP: 151
61 -1 60 -1 55 -1 54 -1 #SUP: 164
61 -1 60 -1 54 -1 53 -1 #SUP: 271
61 -1 60 -1 54 -1 53 -1 81 -1 #SUP: 140
61 -1 60 -1 54 -1 53 -1 74 -1 #SUP: 173
61 -1 60 -1 54 -1 53 -1 75 -1 #SUP: 120
61 -1 60 -1 54 -1 53 -1 48 -1 #SUP: 155
61 -1 60 -1 54 -1 53 -1 48 -1 81 -1 #SUP: 115
61 -1 60 -1 54 -1 74 -1 #SUP: 214
61 -1 60 -1 54 -1 75 -1 #SUP: 148
61 -1 60 -1 54 -1 48 -1 #SUP: 178
61 -1 60 -1 54 -1 48 -1 81 -1 #SUP: 121
61 -1 60 -1 54 -1 48 -1 74 -1 #SUP: 114
61 -1 60 -1 69 -1 #SUP: 118
67 -1 60 -1 55 -1 74 -1 #SUP: 135
61 -1 60 -1 55 -1 #SUP: 240
61 -1 60 -1 55 -1 53 -1 #SUP: 141
61 -1 60 -1 55 -1 54 -1 53 -1 #SUP: 132
61 -1 60 -1 55 -1 74 -1 #SUP: 138
61 -1 60 -1 55 -1 75 -1 #SUP: 129
61 -1 60 -1 56 -1 #SUP: 213
61 -1 60 -1 56 -1 53 -1 #SUP: 132
61 -1 60 -1 56 -1 54 -1 #SUP: 146
61 -1 60 -1 56 -1 54 -1 53 -1 #SUP: 119
61 -1 60 -1 56 -1 55 -1 #SUP: 118
61 -1 60 -1 56 -1 74 -1 #SUP: 121
61 -1 60 -1 57 -1 #SUP: 234
61 -1 60 -1 57 -1 53 -1 #SUP: 126
67 -1 66 -1 64 -1 61 -1 60 -1 59 -1 #SUP: 139
61 -1 60 -1 57 -1 54 -1 #SUP: 144
61 -1 60 -1 57 -1 55 -1 #SUP: 114
61 -1 60 -1 57 -1 56 -1 #SUP: 160
61 -1 60 -1 57 -1 74 -1 #SUP: 124
61 -1 60 -1 59 -1 #SUP: 264
61 -1 60 -1 59 -1 53 -1 #SUP: 135
61 -1 60 -1 59 -1 54 -1 #SUP: 159
61 -1 60 -1 59 -1 54 -1 53 -1 #SUP: 121
61 -1 60 -1 59 -1 55 -1 #SUP: 122
61 -1 60 -1 59 -1 56 -1 #SUP: 158
65 -1 61 -1 75 -1 #SUP: 150
61 -1 60 -1 59 -1 57 -1 #SUP: 182
61 -1 60 -1 59 -1 57 -1 56 -1 #SUP: 138
61 -1 60 -1 59 -1 74 -1 #SUP: 147
61 -1 60 -1 74 -1 #SUP: 274
61 -1 60 -1 74 -1 75 -1 #SUP: 145
61 -1 60 -1 75 -1 #SUP: 220
61 -1 60 -1 48 -1 #SUP: 228
61 -1 60 -1 48 -1 81 -1 #SUP: 138
61 -1 60 -1 48 -1 74 -1 #SUP: 129
61 -1 60 -1 49 -1 #SUP: 126
61 -1 60 -1 52 -1 #SUP: 130
61 -1 75 -1 #SUP: 400
61 -1 76 -1 #SUP: 173
61 -1 62 -1 #SUP: 135
61 -1 48 -1 #SUP: 391
61 -1 48 -1 81 -1 #SUP: 169
61 -1 48 -1 74 -1 #SUP: 182
61 -1 48 -1 75 -1 #SUP: 149
61 -1 77 -1 #SUP: 183
61 -1 49 -1 #SUP: 245
61 -1 49 -1 48 -1 #SUP: 137
61 -1 92 -1 #SUP: 133
61 -1 78 -1 #SUP: 151
61 -1 50 -1 #SUP: 168
61 -1 93 -1 #SUP: 118
61 -1 51 -1 #SUP: 136
61 -1 94 -1 #SUP: 150
61 -1 80 -1 #SUP: 125
61 -1 66 -1 #SUP: 136
61 -1 52 -1 #SUP: 194
62 -1 #SUP: 902
62 -1 81 -1 #SUP: 166
62 -1 67 -1 #SUP: 129
62 -1 53 -1 #SUP: 258
62 -1 53 -1 81 -1 #SUP: 119
62 -1 53 -1 74 -1 #SUP: 119
62 -1 53 -1 49 -1 #SUP: 116
62 -1 68 -1 #SUP: 253
62 -1 68 -1 75 -1 #SUP: 115
62 -1 54 -1 #SUP: 330
62 -1 54 -1 53 -1 #SUP: 185
62 -1 54 -1 74 -1 #SUP: 157
62 -1 54 -1 75 -1 #SUP: 162
62 -1 54 -1 48 -1 #SUP: 161
62 -1 54 -1 49 -1 #SUP: 149
62 -1 12 -1 #SUP: 122
62 -1 69 -1 #SUP: 132
62 -1 55 -1 #SUP: 450
62 -1 55 -1 53 -1 #SUP: 157
62 -1 55 -1 54 -1 #SUP: 219
62 -1 55 -1 54 -1 53 -1 #SUP: 135
62 -1 55 -1 54 -1 74 -1 #SUP: 115
62 -1 55 -1 54 -1 75 -1 #SUP: 114
70 -1 66 -1 65 -1 61 -1 56 -1 #SUP: 120
62 -1 55 -1 74 -1 #SUP: 166
62 -1 55 -1 74 -1 75 -1 #SUP: 117
62 -1 55 -1 75 -1 #SUP: 203
62 -1 55 -1 48 -1 #SUP: 154
62 -1 55 -1 49 -1 #SUP: 192
62 -1 56 -1 #SUP: 209
62 -1 56 -1 55 -1 #SUP: 148
62 -1 57 -1 #SUP: 219
62 -1 57 -1 55 -1 #SUP: 134
62 -1 57 -1 56 -1 #SUP: 140
62 -1 29 -1 #SUP: 141
62 -1 44 -1 #SUP: 133
62 -1 73 -1 #SUP: 124
62 -1 59 -1 #SUP: 258
62 -1 59 -1 54 -1 #SUP: 129
62 -1 59 -1 55 -1 #SUP: 152
62 -1 59 -1 56 -1 #SUP: 145
62 -1 59 -1 57 -1 #SUP: 159
62 -1 59 -1 57 -1 56 -1 #SUP: 119
62 -1 59 -1 74 -1 #SUP: 116
62 -1 74 -1 #SUP: 299
62 -1 74 -1 75 -1 #SUP: 192
62 -1 60 -1 #SUP: 359
62 -1 60 -1 53 -1 #SUP: 210
62 -1 60 -1 54 -1 #SUP: 206
62 -1 60 -1 54 -1 53 -1 #SUP: 158
62 -1 60 -1 54 -1 74 -1 #SUP: 123
62 -1 60 -1 55 -1 #SUP: 215
62 -1 60 -1 55 -1 53 -1 #SUP: 131
72 -1 67 -1 65 -1 63 -1 60 -1 #SUP: 136
62 -1 60 -1 55 -1 54 -1 #SUP: 143
62 -1 60 -1 55 -1 54 -1 53 -1 #SUP: 115
62 -1 60 -1 55 -1 74 -1 #SUP: 119
62 -1 60 -1 55 -1 75 -1 #SUP: 115
62 -1 60 -1 56 -1 #SUP: 147
62 -1 60 -1 57 -1 #SUP: 161
62 -1 60 -1 57 -1 56 -1 #SUP: 114
62 -1 60 -1 59 -1 #SUP: 185
62 -1 60 -1 59 -1 56 -1 #SUP: 117
62 -1 60 -1 59 -1 57 -1 #SUP: 130
62 -1 60 -1 74 -1 #SUP: 171
62 -1 60 -1 75 -1 #SUP: 165
62 -1 60 -1 48 -1 #SUP: 119
62 -1 60 -1 49 -1 #SUP: 121
62 -1 75 -1 #SUP: 381
62 -1 61 -1 #SUP: 423
62 -1 61 -1 53 -1 #SUP: 169
62 -1 61 -1 54 -1 #SUP: 245
62 -1 61 -1 54 -1 53 -1 #SUP: 147
62 -1 61 -1 54 -1 74 -1 #SUP: 149
62 -1 61 -1 54 -1 75 -1 #SUP: 139
62 -1 61 -1 54 -1 48 -1 #SUP: 129
62 -1 61 -1 55 -1 #SUP: 251
62 -1 61 -1 55 -1 53 -1 #SUP: 116
62 -1 61 -1 55 -1 54 -1 #SUP: 169
62 -1 61 -1 55 -1 74 -1 #SUP: 144
62 -1 61 -1 55 -1 75 -1 #SUP: 142
62 -1 61 -1 56 -1 #SUP: 136
62 -1 61 -1 57 -1 #SUP: 144
62 -1 61 -1 59 -1 #SUP: 170
62 -1 61 -1 59 -1 57 -1 #SUP: 118
62 -1 61 -1 74 -1 #SUP: 200
62 -1 61 -1 74 -1 75 -1 #SUP: 137
62 -1 61 -1 60 -1 #SUP: 273
62 -1 61 -1 60 -1 53 -1 #SUP: 151
62 -1 61 -1 60 -1 54 -1 #SUP: 179
62 -1 61 -1 60 -1 54 -1 53 -1 #SUP: 134
62 -1 61 -1 60 -1 54 -1 74 -1 #SUP: 120
62 -1 61 -1 60 -1 55 -1 #SUP: 175
62 -1 61 -1 60 -1 55 -1 54 -1 #SUP: 125
70 -1 64 -1 61 -1 56 -1 #SUP: 129
62 -1 61 -1 60 -1 55 -1 74 -1 #SUP: 114
62 -1 61 -1 60 -1 56 -1 #SUP: 119
62 -1 61 -1 60 -1 57 -1 #SUP: 126
73 -1 72 -1 66 -1 63 -1 61 -1 #SUP: 119
62 -1 61 -1 60 -1 59 -1 #SUP: 150
62 -1 61 -1 60 -1 74 -1 #SUP: 157
62 -1 61 -1 60 -1 75 -1 #SUP: 149
62 -1 61 -1 75 -1 #SUP: 209
62 -1 61 -1 48 -1 #SUP: 155
62 -1 61 -1 49 -1 #SUP: 143
62 -1 76 -1 #SUP: 151
62 -1 48 -1 #SUP: 255
62 -1 77 -1 #SUP: 206
74 -1 67 -1 66 -1 #SUP: 204
62 -1 49 -1 #SUP: 311
62 -1 49 -1 75 -1 #SUP: 120
74 -1 73 -1 70 -1 #SUP: 121
62 -1 49 -1 48 -1 #SUP: 132
62 -1 92 -1 #SUP: 129
62 -1 78 -1 #SUP: 138
62 -1 50 -1 #SUP: 145
62 -1 93 -1 #SUP: 132
62 -1 94 -1 #SUP: 151
62 -1 52 -1 #SUP: 158
63 -1 #SUP: 785
63 -1 81 -1 #SUP: 146
63 -1 53 -1 #SUP: 253
63 -1 53 -1 52 -1 #SUP: 123
63 -1 68 -1 #SUP: 119
63 -1 54 -1 #SUP: 265
63 -1 54 -1 53 -1 #SUP: 176
63 -1 54 -1 74 -1 #SUP: 125
63 -1 54 -1 48 -1 #SUP: 114
63 -1 55 -1 #SUP: 262
63 -1 55 -1 54 -1 #SUP: 123
67 -1 66 -1 63 -1 62 -1 61 -1 #SUP: 122
63 -1 55 -1 75 -1 #SUP: 115
63 -1 70 -1 #SUP: 135
63 -1 56 -1 #SUP: 327
63 -1 56 -1 53 -1 #SUP: 165
63 -1 56 -1 54 -1 #SUP: 164
63 -1 56 -1 54 -1 53 -1 #SUP: 126
63 -1 56 -1 55 -1 #SUP: 148
63 -1 56 -1 74 -1 #SUP: 124
63 -1 56 -1 75 -1 #SUP: 114
63 -1 56 -1 50 -1 #SUP: 134
63 -1 56 -1 51 -1 #SUP: 139
63 -1 56 -1 52 -1 #SUP: 141
63 -1 71 -1 #SUP: 121
63 -1 57 -1 #SUP: 342
63 -1 57 -1 53 -1 #SUP: 153
63 -1 57 -1 54 -1 #SUP: 149
63 -1 57 -1 55 -1 #SUP: 135
63 -1 57 -1 56 -1 #SUP: 239
63 -1 57 -1 56 -1 53 -1 #SUP: 131
63 -1 57 -1 56 -1 54 -1 #SUP: 128
63 -1 57 -1 56 -1 51 -1 #SUP: 120
63 -1 57 -1 74 -1 #SUP: 119
63 -1 57 -1 51 -1 #SUP: 164
63 -1 57 -1 52 -1 #SUP: 135
63 -1 72 -1 #SUP: 142
63 -1 73 -1 #SUP: 145
63 -1 59 -1 #SUP: 339
63 -1 59 -1 53 -1 #SUP: 151
63 -1 59 -1 54 -1 #SUP: 151
63 -1 59 -1 54 -1 53 -1 #SUP: 115
70 -1 66 -1 63 -1 61 -1 60 -1 57 -1 #SUP: 123
63 -1 59 -1 55 -1 #SUP: 134
63 -1 59 -1 56 -1 #SUP: 225
63 -1 59 -1 56 -1 53 -1 #SUP: 121
63 -1 59 -1 56 -1 54 -1 #SUP: 119
63 -1 59 -1 56 -1 52 -1 #SUP: 118
63 -1 59 -1 57 -1 #SUP: 248
63 -1 59 -1 57 -1 53 -1 #SUP: 118
63 -1 59 -1 57 -1 54 -1 #SUP: 121
63 -1 59 -1 57 -1 56 -1 #SUP: 195
63 -1 59 -1 57 -1 52 -1 #SUP: 119
63 -1 59 -1 74 -1 #SUP: 127
63 -1 59 -1 51 -1 #SUP: 117
63 -1 59 -1 52 -1 #SUP: 157
63 -1 74 -1 #SUP: 230
63 -1 60 -1 #SUP: 367
63 -1 60 -1 53 -1 #SUP: 205
63 -1 60 -1 54 -1 #SUP: 190
63 -1 60 -1 54 -1 53 -1 #SUP: 152
63 -1 60 -1 55 -1 #SUP: 145
63 -1 60 -1 56 -1 #SUP: 226
63 -1 60 -1 56 -1 53 -1 #SUP: 148
63 -1 60 -1 56 -1 54 -1 #SUP: 140
63 -1 60 -1 56 -1 54 -1 53 -1 #SUP: 117
63 -1 60 -1 57 -1 #SUP: 242
63 -1 60 -1 57 -1 53 -1 #SUP: 135
63 -1 60 -1 57 -1 54 -1 #SUP: 128
63 -1 60 -1 57 -1 56 -1 #SUP: 186
63 -1 60 -1 57 -1 56 -1 53 -1 #SUP: 116
63 -1 60 -1 59 -1 #SUP: 250
63 -1 60 -1 59 -1 53 -1 #SUP: 132
63 -1 60 -1 59 -1 54 -1 #SUP: 133
63 -1 60 -1 59 -1 56 -1 #SUP: 180
63 -1 60 -1 59 -1 57 -1 #SUP: 201
63 -1 60 -1 59 -1 57 -1 56 -1 #SUP: 162
63 -1 60 -1 59 -1 74 -1 #SUP: 115
63 -1 60 -1 74 -1 #SUP: 153
63 -1 60 -1 75 -1 #SUP: 127
63 -1 60 -1 51 -1 #SUP: 116
63 -1 60 -1 52 -1 #SUP: 125
63 -1 75 -1 #SUP: 226
63 -1 61 -1 #SUP: 376
63 -1 61 -1 53 -1 #SUP: 150
63 -1 61 -1 54 -1 #SUP: 193
63 -1 61 -1 54 -1 53 -1 #SUP: 133
63 -1 61 -1 54 -1 74 -1 #SUP: 114
63 -1 61 -1 55 -1 #SUP: 155
63 -1 61 -1 56 -1 #SUP: 185
63 -1 61 -1 56 -1 54 -1 #SUP: 127
63 -1 61 -1 57 -1 #SUP: 197
63 -1 61 -1 57 -1 54 -1 #SUP: 117
63 -1 61 -1 57 -1 56 -1 #SUP: 153
63 -1 61 -1 59 -1 #SUP: 205
63 -1 61 -1 59 -1 54 -1 #SUP: 114
63 -1 61 -1 59 -1 56 -1 #SUP: 141
63 -1 61 -1 59 -1 57 -1 #SUP: 161
63 -1 61 -1 59 -1 57 -1 56 -1 #SUP: 129
63 -1 61 -1 74 -1 #SUP: 158
63 -1 61 -1 60 -1 #SUP: 266
63 -1 61 -1 60 -1 53 -1 #SUP: 137
63 -1 61 -1 60 -1 54 -1 #SUP: 154
63 -1 61 -1 60 -1 54 -1 53 -1 #SUP: 122
63 -1 61 -1 60 -1 55 -1 #SUP: 120
63 -1 61 -1 60 -1 56 -1 #SUP: 169
63 -1 61 -1 60 -1 56 -1 54 -1 #SUP: 114
63 -1 61 -1 60 -1 57 -1 #SUP: 179
63 -1 61 -1 60 -1 57 -1 56 -1 #SUP: 140
63 -1 61 -1 60 -1 59 -1 #SUP: 191
63 -1 61 -1 60 -1 59 -1 56 -1 #SUP: 137
63 -1 61 -1 60 -1 59 -1 57 -1 #SUP: 156
63 -1 61 -1 60 -1 59 -1 57 -1 56 -1 #SUP: 125
63 -1 61 -1 60 -1 74 -1 #SUP: 134
63 -1 61 -1 60 -1 75 -1 #SUP: 115
63 -1 61 -1 75 -1 #SUP: 139
66 -1 64 -1 63 -1 61 -1 57 -1 #SUP: 146
63 -1 62 -1 #SUP: 302
63 -1 62 -1 54 -1 #SUP: 120
63 -1 62 -1 55 -1 #SUP: 155
63 -1 62 -1 56 -1 #SUP: 143
63 -1 62 -1 57 -1 #SUP: 146
63 -1 62 -1 59 -1 #SUP: 149
63 -1 62 -1 59 -1 57 -1 #SUP: 120
63 -1 62 -1 60 -1 #SUP: 173
63 -1 62 -1 60 -1 57 -1 #SUP: 119
63 -1 62 -1 60 -1 59 -1 #SUP: 129
63 -1 62 -1 75 -1 #SUP: 127
63 -1 62 -1 61 -1 #SUP: 182
63 -1 62 -1 61 -1 59 -1 #SUP: 115
67 -1 66 -1 63 -1 62 -1 61 -1 60 -1 #SUP: 115
63 -1 62 -1 61 -1 60 -1 #SUP: 147
63 -1 48 -1 #SUP: 187
63 -1 77 -1 #SUP: 123
63 -1 49 -1 #SUP: 183
63 -1 92 -1 #SUP: 117
63 -1 78 -1 #SUP: 156
63 -1 50 -1 #SUP: 200
63 -1 79 -1 #SUP: 131
63 -1 51 -1 #SUP: 202
63 -1 94 -1 #SUP: 121
63 -1 80 -1 #SUP: 132
63 -1 52 -1 #SUP: 211
63 -1 52 -1 51 -1 #SUP: 118
64 -1 #SUP: 735
64 -1 81 -1 #SUP: 134
64 -1 53 -1 #SUP: 241
64 -1 53 -1 51 -1 #SUP: 127
64 -1 53 -1 52 -1 #SUP: 115
64 -1 68 -1 #SUP: 128
64 -1 54 -1 #SUP: 226
64 -1 54 -1 53 -1 #SUP: 153
64 -1 55 -1 #SUP: 244
64 -1 56 -1 #SUP: 299
64 -1 56 -1 53 -1 #SUP: 155
64 -1 56 -1 54 -1 #SUP: 146
64 -1 56 -1 55 -1 #SUP: 128
64 -1 56 -1 74 -1 #SUP: 115
64 -1 56 -1 50 -1 #SUP: 118
64 -1 56 -1 51 -1 #SUP: 146
64 -1 56 -1 52 -1 #SUP: 132
64 -1 71 -1 #SUP: 128
64 -1 57 -1 #SUP: 432
64 -1 57 -1 53 -1 #SUP: 191
64 -1 57 -1 53 -1 51 -1 #SUP: 118
64 -1 57 -1 54 -1 #SUP: 183
64 -1 57 -1 54 -1 53 -1 #SUP: 131
64 -1 57 -1 55 -1 #SUP: 162
64 -1 57 -1 56 -1 #SUP: 260
64 -1 57 -1 56 -1 53 -1 #SUP: 145
64 -1 57 -1 56 -1 54 -1 #SUP: 137
81 -1 78 -1 #SUP: 147
64 -1 57 -1 56 -1 55 -1 #SUP: 114
64 -1 57 -1 56 -1 51 -1 #SUP: 131
64 -1 57 -1 56 -1 52 -1 #SUP: 114
64 -1 57 -1 74 -1 #SUP: 148
64 -1 57 -1 75 -1 #SUP: 132
64 -1 57 -1 50 -1 #SUP: 126
64 -1 57 -1 79 -1 #SUP: 125
64 -1 57 -1 51 -1 #SUP: 221
64 -1 57 -1 52 -1 #SUP: 164
64 -1 57 -1 52 -1 51 -1 #SUP: 126
64 -1 72 -1 #SUP: 135
64 -1 73 -1 #SUP: 140
64 -1 59 -1 #SUP: 348
64 -1 59 -1 53 -1 #SUP: 152
64 -1 59 -1 54 -1 #SUP: 156
64 -1 59 -1 55 -1 #SUP: 134
64 -1 59 -1 56 -1 #SUP: 216
64 -1 59 -1 56 -1 53 -1 #SUP: 119
64 -1 59 -1 56 -1 54 -1 #SUP: 117
64 -1 63 -1 62 -1 57 -1 #SUP: 118
64 -1 59 -1 57 -1 #SUP: 285
64 -1 59 -1 57 -1 53 -1 #SUP: 139
64 -1 59 -1 57 -1 54 -1 #SUP: 141
64 -1 59 -1 57 -1 55 -1 #SUP: 119
64 -1 59 -1 57 -1 56 -1 #SUP: 202
64 -1 59 -1 57 -1 56 -1 53 -1 #SUP: 115
64 -1 59 -1 57 -1 74 -1 #SUP: 121
64 -1 59 -1 57 -1 51 -1 #SUP: 133
64 -1 59 -1 57 -1 52 -1 #SUP: 143
64 -1 59 -1 74 -1 #SUP: 135
64 -1 59 -1 51 -1 #SUP: 143
64 -1 59 -1 52 -1 #SUP: 167
64 -1 59 -1 52 -1 51 -1 #SUP: 115
64 -1 74 -1 #SUP: 226
64 -1 60 -1 #SUP: 361
64 -1 60 -1 53 -1 #SUP: 196
64 -1 60 -1 54 -1 #SUP: 175
64 -1 60 -1 54 -1 53 -1 #SUP: 133
64 -1 60 -1 55 -1 #SUP: 138
64 -1 60 -1 56 -1 #SUP: 205
64 -1 60 -1 56 -1 53 -1 #SUP: 132
67 -1 66 -1 64 -1 61 -1 59 -1 57 -1 #SUP: 143
64 -1 60 -1 56 -1 54 -1 #SUP: 126
64 -1 60 -1 57 -1 #SUP: 276
64 -1 60 -1 57 -1 54 -1 #SUP: 152
64 -1 60 -1 57 -1 54 -1 53 -1 #SUP: 116
64 -1 60 -1 57 -1 55 -1 #SUP: 115
64 -1 60 -1 57 -1 56 -1 #SUP: 194
64 -1 60 -1 57 -1 56 -1 53 -1 #SUP: 123
64 -1 60 -1 57 -1 56 -1 54 -1 #SUP: 120
64 -1 60 -1 57 -1 74 -1 #SUP: 118
64 -1 60 -1 57 -1 51 -1 #SUP: 124
64 -1 60 -1 59 -1 #SUP: 248
64 -1 60 -1 59 -1 53 -1 #SUP: 131
64 -1 60 -1 59 -1 54 -1 #SUP: 133
64 -1 60 -1 59 -1 56 -1 #SUP: 172
64 -1 60 -1 59 -1 57 -1 #SUP: 217
64 -1 60 -1 59 -1 57 -1 53 -1 #SUP: 122
64 -1 60 -1 59 -1 57 -1 54 -1 #SUP: 124
64 -1 60 -1 59 -1 57 -1 56 -1 #SUP: 167
64 -1 60 -1 74 -1 #SUP: 147
64 -1 60 -1 75 -1 #SUP: 120
64 -1 60 -1 51 -1 #SUP: 131
64 -1 60 -1 52 -1 #SUP: 120
67 -1 66 -1 60 -1 56 -1 53 -1 #SUP: 121
64 -1 75 -1 #SUP: 200
64 -1 61 -1 #SUP: 324
64 -1 61 -1 53 -1 #SUP: 139
64 -1 61 -1 54 -1 #SUP: 165
64 -1 61 -1 54 -1 53 -1 #SUP: 116
64 -1 61 -1 55 -1 #SUP: 134
64 -1 61 -1 56 -1 #SUP: 171
64 -1 61 -1 57 -1 #SUP: 213
64 -1 61 -1 57 -1 54 -1 #SUP: 134
64 -1 61 -1 57 -1 56 -1 #SUP: 159
64 -1 61 -1 57 -1 74 -1 #SUP: 117
64 -1 61 -1 59 -1 #SUP: 195
64 -1 61 -1 59 -1 54 -1 #SUP: 115
64 -1 61 -1 59 -1 56 -1 #SUP: 136
64 -1 61 -1 59 -1 57 -1 #SUP: 171
64 -1 61 -1 59 -1 57 -1 56 -1 #SUP: 132
64 -1 61 -1 74 -1 #SUP: 152
64 -1 61 -1 60 -1 #SUP: 233
64 -1 61 -1 60 -1 53 -1 #SUP: 118
64 -1 61 -1 60 -1 54 -1 #SUP: 134
64 -1 61 -1 60 -1 56 -1 #SUP: 144
64 -1 61 -1 60 -1 57 -1 #SUP: 181
64 -1 61 -1 60 -1 57 -1 54 -1 #SUP: 115
64 -1 61 -1 60 -1 57 -1 56 -1 #SUP: 137
64 -1 61 -1 60 -1 59 -1 #SUP: 171
64 -1 61 -1 60 -1 59 -1 56 -1 #SUP: 125
64 -1 61 -1 60 -1 59 -1 57 -1 #SUP: 153
64 -1 61 -1 60 -1 59 -1 57 -1 56 -1 #SUP: 122
64 -1 61 -1 60 -1 74 -1 #SUP: 124
72 -1 71 -1 70 -1 63 -1 59 -1 57 -1 #SUP: 114
64 -1 61 -1 75 -1 #SUP: 131
64 -1 47 -1 #SUP: 116
64 -1 62 -1 #SUP: 272
64 -1 62 -1 55 -1 #SUP: 141
64 -1 62 -1 56 -1 #SUP: 127
64 -1 62 -1 57 -1 #SUP: 162
64 -1 62 -1 57 -1 56 -1 #SUP: 115
64 -1 62 -1 59 -1 #SUP: 148
73 -1 66 -1 60 -1 74 -1 #SUP: 141
64 -1 62 -1 59 -1 57 -1 #SUP: 130
64 -1 62 -1 60 -1 #SUP: 162
64 -1 62 -1 60 -1 57 -1 #SUP: 127
64 -1 62 -1 60 -1 59 -1 #SUP: 123
64 -1 62 -1 61 -1 #SUP: 159
64 -1 62 -1 61 -1 60 -1 #SUP: 128
64 -1 48 -1 #SUP: 167
64 -1 63 -1 #SUP: 353
64 -1 63 -1 53 -1 #SUP: 141
64 -1 63 -1 54 -1 #SUP: 140
64 -1 63 -1 55 -1 #SUP: 131
64 -1 63 -1 56 -1 #SUP: 214
64 -1 63 -1 56 -1 53 -1 #SUP: 116
64 -1 63 -1 56 -1 54 -1 #SUP: 115
64 -1 63 -1 57 -1 #SUP: 257
64 -1 63 -1 57 -1 53 -1 #SUP: 125
64 -1 63 -1 57 -1 54 -1 #SUP: 123
64 -1 63 -1 57 -1 56 -1 #SUP: 195
64 -1 63 -1 57 -1 51 -1 #SUP: 124
64 -1 63 -1 59 -1 #SUP: 234
64 -1 63 -1 59 -1 56 -1 #SUP: 172
64 -1 63 -1 59 -1 57 -1 #SUP: 207
64 -1 63 -1 59 -1 57 -1 56 -1 #SUP: 167
64 -1 63 -1 74 -1 #SUP: 115
64 -1 63 -1 60 -1 #SUP: 230
64 -1 63 -1 60 -1 53 -1 #SUP: 121
68 -1 67 -1 66 -1 61 -1 55 -1 #SUP: 136
64 -1 63 -1 60 -1 54 -1 #SUP: 118
70 -1 56 -1 74 -1 #SUP: 120
71 -1 70 -1 67 -1 60 -1 59 -1 #SUP: 121
64 -1 63 -1 60 -1 56 -1 #SUP: 165
64 -1 63 -1 60 -1 57 -1 #SUP: 194
64 -1 63 -1 60 -1 57 -1 56 -1 #SUP: 157
64 -1 63 -1 60 -1 59 -1 #SUP: 189
64 -1 63 -1 60 -1 59 -1 56 -1 #SUP: 145
64 -1 63 -1 60 -1 59 -1 57 -1 #SUP: 172
64 -1 63 -1 60 -1 59 -1 57 -1 56 -1 #SUP: 142
64 -1 63 -1 61 -1 #SUP: 215
64 -1 63 -1 61 -1 56 -1 #SUP: 138
64 -1 63 -1 61 -1 57 -1 #SUP: 161
64 -1 63 -1 61 -1 57 -1 56 -1 #SUP: 131
66 -1 65 -1 64 -1 61 -1 60 -1 59 -1 #SUP: 133
64 -1 63 -1 61 -1 59 -1 #SUP: 154
64 -1 63 -1 61 -1 59 -1 56 -1 #SUP: 116
66 -1 64 -1 63 -1 61 -1 57 -1 56 -1 #SUP: 118
64 -1 63 -1 61 -1 59 -1 57 -1 #SUP: 138
64 -1 63 -1 61 -1 59 -1 57 -1 56 -1 #SUP: 114
64 -1 63 -1 61 -1 60 -1 #SUP: 178
64 -1 63 -1 61 -1 60 -1 57 -1 #SUP: 150
64 -1 63 -1 61 -1 60 -1 57 -1 56 -1 #SUP: 122
64 -1 63 -1 61 -1 60 -1 59 -1 #SUP: 149
64 -1 63 -1 61 -1 60 -1 59 -1 57 -1 #SUP: 135
64 -1 63 -1 62 -1 #SUP: 167
64 -1 63 -1 62 -1 59 -1 #SUP: 115
64 -1 63 -1 62 -1 60 -1 #SUP: 119
64 -1 63 -1 51 -1 #SUP: 135
64 -1 63 -1 52 -1 #SUP: 128
71 -1 59 -1 54 -1 #SUP: 128
64 -1 49 -1 #SUP: 137
64 -1 78 -1 #SUP: 134
64 -1 50 -1 #SUP: 179
64 -1 79 -1 #SUP: 151
64 -1 51 -1 #SUP: 254
64 -1 51 -1 79 -1 #SUP: 121
64 -1 94 -1 #SUP: 116
70 -1 67 -1 65 -1 60 -1 57 -1 #SUP: 133
64 -1 66 -1 #SUP: 130
64 -1 52 -1 #SUP: 204
64 -1 52 -1 51 -1 #SUP: 135
65 -1 #SUP: 823
65 -1 81 -1 #SUP: 163
65 -1 67 -1 #SUP: 123
65 -1 53 -1 #SUP: 284
65 -1 53 -1 81 -1 #SUP: 130
65 -1 53 -1 74 -1 #SUP: 134
65 -1 53 -1 52 -1 #SUP: 148
65 -1 68 -1 #SUP: 133
65 -1 54 -1 #SUP: 295
65 -1 54 -1 53 -1 #SUP: 188
65 -1 54 -1 74 -1 #SUP: 158
65 -1 54 -1 48 -1 #SUP: 123
65 -1 54 -1 52 -1 #SUP: 133
67 -1 61 -1 54 -1 74 -1 75 -1 #SUP: 133
65 -1 55 -1 #SUP: 271
65 -1 55 -1 54 -1 #SUP: 124
65 -1 55 -1 74 -1 #SUP: 116
65 -1 55 -1 75 -1 #SUP: 116
66 -1 60 -1 57 -1 55 -1 #SUP: 128
65 -1 56 -1 #SUP: 306
65 -1 56 -1 53 -1 #SUP: 152
65 -1 56 -1 54 -1 #SUP: 150
65 -1 56 -1 55 -1 #SUP: 136
65 -1 56 -1 74 -1 #SUP: 128
65 -1 56 -1 51 -1 #SUP: 118
65 -1 56 -1 52 -1 #SUP: 150
65 -1 57 -1 #SUP: 355
65 -1 57 -1 53 -1 #SUP: 160
65 -1 57 -1 54 -1 #SUP: 164
65 -1 57 -1 55 -1 #SUP: 143
65 -1 57 -1 56 -1 #SUP: 234
65 -1 57 -1 56 -1 53 -1 #SUP: 120
68 -1 67 -1 66 -1 57 -1 #SUP: 127
65 -1 57 -1 56 -1 54 -1 #SUP: 119
65 -1 57 -1 74 -1 #SUP: 145
65 -1 57 -1 75 -1 #SUP: 119
65 -1 57 -1 51 -1 #SUP: 162
65 -1 57 -1 52 -1 #SUP: 161
65 -1 57 -1 52 -1 51 -1 #SUP: 117
65 -1 72 -1 #SUP: 176
65 -1 58 -1 #SUP: 146
65 -1 73 -1 #SUP: 205
65 -1 73 -1 74 -1 #SUP: 118
65 -1 59 -1 #SUP: 480
65 -1 59 -1 53 -1 #SUP: 208
65 -1 59 -1 53 -1 52 -1 #SUP: 138
65 -1 59 -1 54 -1 #SUP: 217
65 -1 59 -1 54 -1 53 -1 #SUP: 147
65 -1 59 -1 54 -1 74 -1 #SUP: 124
65 -1 59 -1 54 -1 52 -1 #SUP: 126
65 -1 59 -1 55 -1 #SUP: 172
65 -1 59 -1 56 -1 #SUP: 257
65 -1 59 -1 56 -1 53 -1 #SUP: 134
65 -1 59 -1 56 -1 54 -1 #SUP: 135
65 -1 59 -1 56 -1 55 -1 #SUP: 121
65 -1 59 -1 56 -1 74 -1 #SUP: 118
65 -1 59 -1 56 -1 52 -1 #SUP: 137
65 -1 59 -1 57 -1 #SUP: 291
65 -1 59 -1 57 -1 53 -1 #SUP: 138
65 -1 59 -1 57 -1 54 -1 #SUP: 145
65 -1 59 -1 57 -1 55 -1 #SUP: 123
65 -1 59 -1 57 -1 56 -1 #SUP: 209
65 -1 59 -1 57 -1 74 -1 #SUP: 132
65 -1 59 -1 57 -1 51 -1 #SUP: 130
65 -1 59 -1 57 -1 52 -1 #SUP: 150
65 -1 59 -1 73 -1 #SUP: 115
65 -1 59 -1 74 -1 #SUP: 192
65 -1 59 -1 75 -1 #SUP: 148
65 -1 59 -1 50 -1 #SUP: 140
65 -1 59 -1 51 -1 #SUP: 145
65 -1 59 -1 80 -1 #SUP: 128
65 -1 59 -1 52 -1 #SUP: 246
65 -1 59 -1 52 -1 51 -1 #SUP: 119
65 -1 74 -1 #SUP: 301
65 -1 74 -1 75 -1 #SUP: 146
65 -1 60 -1 #SUP: 422
65 -1 60 -1 81 -1 #SUP: 120
65 -1 60 -1 53 -1 #SUP: 247
65 -1 60 -1 53 -1 74 -1 #SUP: 120
65 -1 60 -1 53 -1 52 -1 #SUP: 133
65 -1 60 -1 54 -1 #SUP: 220
65 -1 60 -1 54 -1 53 -1 #SUP: 170
65 -1 60 -1 54 -1 74 -1 #SUP: 130
65 -1 60 -1 55 -1 #SUP: 161
65 -1 60 -1 56 -1 #SUP: 221
65 -1 60 -1 56 -1 53 -1 #SUP: 136
65 -1 60 -1 56 -1 54 -1 #SUP: 130
65 -1 60 -1 57 -1 #SUP: 257
65 -1 60 -1 57 -1 53 -1 #SUP: 142
65 -1 60 -1 57 -1 54 -1 #SUP: 142
65 -1 60 -1 57 -1 56 -1 #SUP: 184
65 -1 60 -1 57 -1 74 -1 #SUP: 121
65 -1 60 -1 59 -1 #SUP: 318
65 -1 60 -1 59 -1 53 -1 #SUP: 184
65 -1 60 -1 59 -1 53 -1 52 -1 #SUP: 124
65 -1 60 -1 59 -1 54 -1 #SUP: 176
65 -1 60 -1 59 -1 54 -1 53 -1 #SUP: 134
65 -1 60 -1 59 -1 55 -1 #SUP: 129
65 -1 60 -1 59 -1 56 -1 #SUP: 199
65 -1 60 -1 59 -1 56 -1 53 -1 #SUP: 121
65 -1 60 -1 59 -1 56 -1 54 -1 #SUP: 121
70 -1 78 -1 #SUP: 133
65 -1 60 -1 59 -1 57 -1 #SUP: 227
65 -1 60 -1 59 -1 57 -1 53 -1 #SUP: 125
65 -1 60 -1 59 -1 57 -1 54 -1 #SUP: 129
66 -1 62 -1 55 -1 74 -1 #SUP: 128
65 -1 60 -1 59 -1 57 -1 56 -1 #SUP: 172
65 -1 60 -1 59 -1 74 -1 #SUP: 150
65 -1 60 -1 59 -1 52 -1 #SUP: 153
65 -1 60 -1 74 -1 #SUP: 183
65 -1 60 -1 75 -1 #SUP: 136
66 -1 63 -1 62 -1 61 -1 #SUP: 134
65 -1 60 -1 51 -1 #SUP: 115
65 -1 60 -1 52 -1 #SUP: 167
65 -1 75 -1 #SUP: 245
65 -1 61 -1 #SUP: 398
65 -1 61 -1 53 -1 #SUP: 177
65 -1 61 -1 54 -1 #SUP: 229
65 -1 61 -1 54 -1 53 -1 #SUP: 155
65 -1 61 -1 54 -1 74 -1 #SUP: 146
65 -1 61 -1 55 -1 #SUP: 166
65 -1 61 -1 56 -1 #SUP: 180
65 -1 61 -1 56 -1 54 -1 #SUP: 119
65 -1 61 -1 57 -1 #SUP: 204
65 -1 61 -1 57 -1 54 -1 #SUP: 127
65 -1 61 -1 57 -1 56 -1 #SUP: 152
65 -1 61 -1 57 -1 74 -1 #SUP: 121
65 -1 61 -1 59 -1 #SUP: 261
65 -1 61 -1 59 -1 53 -1 #SUP: 126
65 -1 61 -1 59 -1 54 -1 #SUP: 167
65 -1 61 -1 59 -1 54 -1 53 -1 #SUP: 115
72 -1 71 -1 70 -1 66 -1 57 -1 #SUP: 125
65 -1 61 -1 59 -1 54 -1 74 -1 #SUP: 114
71 -1 67 -1 66 -1 63 -1 57 -1 #SUP: 122
65 -1 61 -1 59 -1 55 -1 #SUP: 121
65 -1 61 -1 59 -1 56 -1 #SUP: 160
65 -1 61 -1 59 -1 57 -1 #SUP: 180
65 -1 61 -1 59 -1 57 -1 56 -1 #SUP: 140
65 -1 61 -1 59 -1 74 -1 #SUP: 151
65 -1 61 -1 74 -1 #SUP: 203
65 -1 61 -1 60 -1 #SUP: 284
65 -1 61 -1 60 -1 53 -1 #SUP: 161
65 -1 61 -1 60 -1 54 -1 #SUP: 182
65 -1 61 -1 60 -1 54 -1 53 -1 #SUP: 142
65 -1 61 -1 60 -1 54 -1 74 -1 #SUP: 122
65 -1 61 -1 60 -1 55 -1 #SUP: 130
65 -1 61 -1 60 -1 56 -1 #SUP: 157
65 -1 61 -1 60 -1 57 -1 #SUP: 179
65 -1 61 -1 60 -1 57 -1 56 -1 #SUP: 135
65 -1 61 -1 60 -1 59 -1 #SUP: 218
65 -1 61 -1 60 -1 59 -1 53 -1 #SUP: 117
65 -1 61 -1 60 -1 59 -1 54 -1 #SUP: 141
65 -1 61 -1 60 -1 59 -1 56 -1 #SUP: 144
65 -1 61 -1 60 -1 59 -1 57 -1 #SUP: 161
65 -1 61 -1 60 -1 59 -1 57 -1 56 -1 #SUP: 128
65 -1 61 -1 60 -1 59 -1 74 -1 #SUP: 129
65 -1 61 -1 60 -1 74 -1 #SUP: 159
65 -1 61 -1 60 -1 75 -1 #SUP: 118
65 -1 61 -1 48 -1 #SUP: 117
65 -1 61 -1 52 -1 #SUP: 123
65 -1 62 -1 #SUP: 322
65 -1 62 -1 54 -1 #SUP: 134
65 -1 62 -1 55 -1 #SUP: 176
65 -1 62 -1 56 -1 #SUP: 143
65 -1 62 -1 57 -1 #SUP: 157
65 -1 62 -1 57 -1 56 -1 #SUP: 117
68 -1 67 -1 66 -1 65 -1 59 -1 #SUP: 115
65 -1 62 -1 59 -1 #SUP: 194
65 -1 62 -1 59 -1 55 -1 #SUP: 123
65 -1 62 -1 59 -1 56 -1 #SUP: 127
73 -1 72 -1 67 -1 66 -1 61 -1 60 -1 #SUP: 124
65 -1 62 -1 59 -1 57 -1 #SUP: 139
65 -1 62 -1 74 -1 #SUP: 127
65 -1 62 -1 60 -1 #SUP: 189
65 -1 62 -1 60 -1 55 -1 #SUP: 116
65 -1 62 -1 60 -1 57 -1 #SUP: 127
65 -1 62 -1 60 -1 59 -1 #SUP: 153
65 -1 62 -1 60 -1 59 -1 57 -1 #SUP: 118
65 -1 62 -1 75 -1 #SUP: 131
65 -1 62 -1 61 -1 #SUP: 193
65 -1 62 -1 61 -1 55 -1 #SUP: 120
65 -1 62 -1 61 -1 57 -1 #SUP: 117
65 -1 62 -1 61 -1 59 -1 #SUP: 142
65 -1 62 -1 61 -1 60 -1 #SUP: 155
65 -1 62 -1 61 -1 60 -1 59 -1 #SUP: 128
65 -1 48 -1 #SUP: 188
65 -1 91 -1 #SUP: 115
65 -1 77 -1 #SUP: 139
65 -1 63 -1 #SUP: 365
65 -1 63 -1 53 -1 #SUP: 155
65 -1 63 -1 54 -1 #SUP: 156
65 -1 63 -1 55 -1 #SUP: 143
65 -1 63 -1 56 -1 #SUP: 221
65 -1 63 -1 56 -1 53 -1 #SUP: 116
72 -1 67 -1 66 -1 63 -1 57 -1 #SUP: 116
65 -1 63 -1 56 -1 54 -1 #SUP: 115
65 -1 63 -1 57 -1 #SUP: 236
65 -1 63 -1 57 -1 54 -1 #SUP: 115
65 -1 63 -1 57 -1 56 -1 #SUP: 183
65 -1 63 -1 59 -1 #SUP: 267
65 -1 63 -1 59 -1 53 -1 #SUP: 130
65 -1 63 -1 59 -1 54 -1 #SUP: 129
65 -1 63 -1 59 -1 56 -1 #SUP: 195
65 -1 63 -1 59 -1 57 -1 #SUP: 211
65 -1 63 -1 59 -1 57 -1 56 -1 #SUP: 170
65 -1 63 -1 59 -1 74 -1 #SUP: 114
65 -1 63 -1 59 -1 52 -1 #SUP: 130
65 -1 63 -1 74 -1 #SUP: 132
65 -1 63 -1 60 -1 #SUP: 244
65 -1 63 -1 60 -1 53 -1 #SUP: 137
65 -1 63 -1 60 -1 54 -1 #SUP: 130
65 -1 63 -1 60 -1 56 -1 #SUP: 175
65 -1 63 -1 60 -1 57 -1 56 -1 #SUP: 154
65 -1 63 -1 60 -1 59 -1 #SUP: 210
65 -1 63 -1 60 -1 59 -1 53 -1 #SUP: 118
65 -1 63 -1 60 -1 59 -1 54 -1 #SUP: 118
65 -1 63 -1 60 -1 59 -1 56 -1 #SUP: 163
65 -1 63 -1 60 -1 59 -1 57 -1 #SUP: 177
65 -1 63 -1 60 -1 59 -1 57 -1 56 -1 #SUP: 147
65 -1 63 -1 60 -1 74 -1 #SUP: 116
65 -1 63 -1 75 -1 #SUP: 115
65 -1 63 -1 61 -1 #SUP: 225
65 -1 63 -1 61 -1 54 -1 #SUP: 121
65 -1 63 -1 61 -1 56 -1 #SUP: 142
65 -1 63 -1 61 -1 57 -1 #SUP: 154
65 -1 63 -1 61 -1 57 -1 56 -1 #SUP: 126
65 -1 63 -1 61 -1 59 -1 #SUP: 169
65 -1 63 -1 61 -1 59 -1 56 -1 #SUP: 130
65 -1 63 -1 61 -1 59 -1 57 -1 #SUP: 142
65 -1 63 -1 61 -1 59 -1 57 -1 56 -1 #SUP: 119
71 -1 67 -1 66 -1 60 -1 56 -1 #SUP: 120
65 -1 63 -1 61 -1 60 -1 #SUP: 184
65 -1 63 -1 61 -1 60 -1 56 -1 #SUP: 135
65 -1 63 -1 61 -1 60 -1 57 -1 #SUP: 146
65 -1 63 -1 61 -1 60 -1 57 -1 56 -1 #SUP: 120
65 -1 63 -1 61 -1 60 -1 59 -1 #SUP: 161
65 -1 63 -1 61 -1 60 -1 59 -1 56 -1 #SUP: 127
65 -1 63 -1 61 -1 60 -1 59 -1 57 -1 #SUP: 138
65 -1 63 -1 61 -1 60 -1 59 -1 57 -1 56 -1 #SUP: 116
65 -1 63 -1 62 -1 #SUP: 187
65 -1 63 -1 62 -1 56 -1 #SUP: 115
65 -1 63 -1 62 -1 57 -1 #SUP: 117
65 -1 63 -1 62 -1 59 -1 #SUP: 131
65 -1 63 -1 62 -1 60 -1 #SUP: 129
65 -1 63 -1 62 -1 60 -1 59 -1 #SUP: 115
65 -1 63 -1 62 -1 61 -1 #SUP: 123
65 -1 63 -1 52 -1 #SUP: 142
65 -1 49 -1 #SUP: 159
65 -1 92 -1 #SUP: 118
65 -1 78 -1 #SUP: 143
65 -1 64 -1 #SUP: 412
65 -1 64 -1 53 -1 #SUP: 159
65 -1 64 -1 54 -1 #SUP: 159
65 -1 64 -1 55 -1 #SUP: 155
65 -1 64 -1 56 -1 #SUP: 218
65 -1 64 -1 56 -1 53 -1 #SUP: 115
65 -1 64 -1 57 -1 #SUP: 287
65 -1 64 -1 57 -1 53 -1 #SUP: 135
65 -1 64 -1 57 -1 54 -1 #SUP: 138
65 -1 64 -1 57 -1 55 -1 #SUP: 120
65 -1 64 -1 57 -1 56 -1 #SUP: 201
65 -1 64 -1 57 -1 74 -1 #SUP: 121
65 -1 64 -1 57 -1 51 -1 #SUP: 142
65 -1 64 -1 57 -1 52 -1 #SUP: 134
65 -1 64 -1 59 -1 #SUP: 280
65 -1 64 -1 59 -1 53 -1 #SUP: 128
65 -1 64 -1 59 -1 54 -1 #SUP: 136
65 -1 64 -1 59 -1 56 -1 #SUP: 189
65 -1 64 -1 59 -1 57 -1 #SUP: 237
65 -1 64 -1 59 -1 57 -1 53 -1 #SUP: 117
65 -1 64 -1 59 -1 57 -1 54 -1 #SUP: 123
65 -1 64 -1 59 -1 57 -1 56 -1 #SUP: 178
65 -1 64 -1 59 -1 57 -1 51 -1 #SUP: 114
65 -1 64 -1 59 -1 57 -1 52 -1 #SUP: 125
65 -1 64 -1 59 -1 74 -1 #SUP: 121
65 -1 64 -1 59 -1 51 -1 #SUP: 122
65 -1 64 -1 59 -1 52 -1 #SUP: 146
65 -1 64 -1 74 -1 #SUP: 146
65 -1 64 -1 60 -1 #SUP: 251
65 -1 64 -1 60 -1 53 -1 #SUP: 138
65 -1 64 -1 60 -1 54 -1 #SUP: 134
65 -1 64 -1 60 -1 56 -1 #SUP: 169
65 -1 64 -1 60 -1 57 -1 #SUP: 209
65 -1 64 -1 60 -1 57 -1 53 -1 #SUP: 118
65 -1 64 -1 60 -1 57 -1 54 -1 #SUP: 120
65 -1 64 -1 60 -1 57 -1 56 -1 #SUP: 162
65 -1 64 -1 60 -1 59 -1 #SUP: 210
65 -1 64 -1 60 -1 59 -1 54 -1 #SUP: 118
70 -1 64 -1 63 -1 60 -1 57 -1 56 -1 #SUP: 119
65 -1 64 -1 60 -1 59 -1 56 -1 #SUP: 155
65 -1 64 -1 60 -1 59 -1 57 -1 #SUP: 187
65 -1 64 -1 60 -1 59 -1 57 -1 56 -1 #SUP: 151
65 -1 64 -1 75 -1 #SUP: 118
65 -1 64 -1 61 -1 #SUP: 218
65 -1 64 -1 61 -1 54 -1 #SUP: 125
65 -1 64 -1 61 -1 56 -1 #SUP: 140
71 -1 65 -1 59 -1 57 -1 56 -1 #SUP: 143
65 -1 64 -1 61 -1 57 -1 #SUP: 169
65 -1 64 -1 61 -1 57 -1 56 -1 #SUP: 134
65 -1 64 -1 61 -1 59 -1 #SUP: 170
65 -1 64 -1 61 -1 59 -1 56 -1 #SUP: 127
65 -1 64 -1 61 -1 59 -1 57 -1 #SUP: 151
65 -1 64 -1 61 -1 59 -1 57 -1 56 -1 #SUP: 123
65 -1 64 -1 61 -1 74 -1 #SUP: 120
65 -1 64 -1 61 -1 60 -1 #SUP: 176
65 -1 64 -1 61 -1 60 -1 56 -1 #SUP: 125
65 -1 64 -1 61 -1 60 -1 57 -1 56 -1 #SUP: 120
65 -1 64 -1 61 -1 60 -1 59 -1 #SUP: 149
65 -1 64 -1 61 -1 60 -1 59 -1 56 -1 #SUP: 117
65 -1 64 -1 61 -1 60 -1 59 -1 57 -1 #SUP: 136
65 -1 64 -1 61 -1 60 -1 59 -1 57 -1 56 -1 #SUP: 114
67 -1 65 -1 63 -1 60 -1 57 -1 56 -1 #SUP: 117
65 -1 64 -1 62 -1 #SUP: 187
65 -1 64 -1 62 -1 57 -1 #SUP: 129
65 -1 64 -1 62 -1 59 -1 #SUP: 130
73 -1 67 -1 64 -1 59 -1 #SUP: 119
65 -1 64 -1 62 -1 59 -1 57 -1 #SUP: 115
65 -1 64 -1 62 -1 60 -1 #SUP: 126
65 -1 64 -1 62 -1 61 -1 #SUP: 121
65 -1 64 -1 63 -1 #SUP: 261
65 -1 64 -1 63 -1 56 -1 #SUP: 173
65 -1 64 -1 63 -1 57 -1 #SUP: 204
65 -1 64 -1 63 -1 57 -1 56 -1 #SUP: 164
65 -1 64 -1 63 -1 59 -1 #SUP: 201
65 -1 64 -1 63 -1 59 -1 56 -1 #SUP: 155
65 -1 64 -1 63 -1 59 -1 57 -1 #SUP: 182
65 -1 64 -1 63 -1 59 -1 57 -1 56 -1 #SUP: 151
65 -1 64 -1 63 -1 60 -1 #SUP: 186
65 -1 64 -1 63 -1 60 -1 56 -1 #SUP: 143
65 -1 64 -1 63 -1 60 -1 57 -1 #SUP: 164
65 -1 64 -1 63 -1 60 -1 57 -1 56 -1 #SUP: 139
66 -1 60 -1 59 -1 55 -1 #SUP: 145
65 -1 64 -1 63 -1 60 -1 59 -1 #SUP: 165
65 -1 64 -1 63 -1 60 -1 59 -1 56 -1 #SUP: 134
65 -1 64 -1 63 -1 60 -1 59 -1 57 -1 #SUP: 154
65 -1 64 -1 63 -1 60 -1 59 -1 57 -1 56 -1 #SUP: 132
65 -1 64 -1 63 -1 61 -1 #SUP: 166
65 -1 64 -1 63 -1 61 -1 56 -1 #SUP: 118
65 -1 64 -1 63 -1 61 -1 57 -1 #SUP: 134
65 -1 64 -1 63 -1 61 -1 57 -1 56 -1 #SUP: 114
65 -1 64 -1 63 -1 61 -1 59 -1 #SUP: 134
65 -1 64 -1 63 -1 61 -1 59 -1 57 -1 #SUP: 123
65 -1 64 -1 63 -1 61 -1 60 -1 #SUP: 144
65 -1 64 -1 63 -1 61 -1 60 -1 57 -1 #SUP: 128
72 -1 66 -1 63 -1 61 -1 60 -1 59 -1 #SUP: 129
65 -1 64 -1 63 -1 61 -1 60 -1 59 -1 #SUP: 130
65 -1 64 -1 63 -1 61 -1 60 -1 59 -1 57 -1 #SUP: 121
65 -1 64 -1 63 -1 62 -1 #SUP: 139
65 -1 64 -1 51 -1 #SUP: 158
65 -1 64 -1 52 -1 #SUP: 159
65 -1 50 -1 #SUP: 195
65 -1 51 -1 #SUP: 193
65 -1 94 -1 #SUP: 137
65 -1 80 -1 #SUP: 171
65 -1 66 -1 #SUP: 151
65 -1 52 -1 #SUP: 290
65 -1 52 -1 51 -1 #SUP: 132
65 -1 52 -1 80 -1 #SUP: 133
66 -1 #SUP: 1074
66 -1 81 -1 #SUP: 284
66 -1 81 -1 74 -1 #SUP: 129
66 -1 67 -1 #SUP: 249
66 -1 53 -1 #SUP: 455
66 -1 53 -1 81 -1 #SUP: 229
66 -1 53 -1 74 -1 #SUP: 225
66 -1 53 -1 75 -1 #SUP: 151
66 -1 53 -1 48 -1 #SUP: 189
66 -1 53 -1 48 -1 81 -1 #SUP: 128
66 -1 53 -1 49 -1 #SUP: 124
66 -1 53 -1 50 -1 #SUP: 115
66 -1 53 -1 51 -1 #SUP: 123
66 -1 53 -1 52 -1 #SUP: 158
66 -1 68 -1 #SUP: 217
66 -1 54 -1 #SUP: 436
66 -1 54 -1 81 -1 #SUP: 169
66 -1 54 -1 53 -1 #SUP: 307
66 -1 54 -1 53 -1 81 -1 #SUP: 147
66 -1 54 -1 53 -1 74 -1 #SUP: 174
66 -1 54 -1 53 -1 75 -1 #SUP: 122
70 -1 66 -1 65 -1 60 -1 59 -1 56 -1 #SUP: 135
66 -1 54 -1 53 -1 48 -1 #SUP: 157
66 -1 54 -1 53 -1 52 -1 #SUP: 119
66 -1 54 -1 74 -1 #SUP: 231
66 -1 54 -1 74 -1 75 -1 #SUP: 116
66 -1 54 -1 75 -1 #SUP: 170
66 -1 54 -1 48 -1 #SUP: 205
66 -1 54 -1 48 -1 81 -1 #SUP: 125
66 -1 54 -1 48 -1 74 -1 #SUP: 118
66 -1 54 -1 49 -1 #SUP: 128
66 -1 54 -1 52 -1 #SUP: 137
66 -1 12 -1 #SUP: 140
66 -1 69 -1 #SUP: 189
66 -1 55 -1 #SUP: 376
66 -1 55 -1 53 -1 #SUP: 175
66 -1 55 -1 54 -1 #SUP: 205
66 -1 55 -1 54 -1 53 -1 #SUP: 146
66 -1 55 -1 54 -1 74 -1 #SUP: 119
66 -1 55 -1 74 -1 #SUP: 170
66 -1 55 -1 75 -1 #SUP: 172
66 -1 55 -1 48 -1 #SUP: 119
66 -1 55 -1 49 -1 #SUP: 138
66 -1 70 -1 #SUP: 120
66 -1 56 -1 #SUP: 317
66 -1 56 -1 53 -1 #SUP: 186
66 -1 56 -1 54 -1 #SUP: 183
66 -1 56 -1 54 -1 53 -1 #SUP: 144
72 -1 54 -1 53 -1 #SUP: 140
66 -1 56 -1 55 -1 #SUP: 157
66 -1 56 -1 74 -1 #SUP: 143
66 -1 56 -1 75 -1 #SUP: 120
66 -1 56 -1 52 -1 #SUP: 121
66 -1 71 -1 #SUP: 115
66 -1 65 -1 64 -1 54 -1 #SUP: 133
66 -1 57 -1 #SUP: 367
66 -1 57 -1 53 -1 #SUP: 190
66 -1 57 -1 54 -1 #SUP: 185
66 -1 57 -1 54 -1 53 -1 #SUP: 141
66 -1 57 -1 55 -1 #SUP: 152
66 -1 57 -1 56 -1 #SUP: 231
66 -1 57 -1 56 -1 53 -1 #SUP: 133
66 -1 57 -1 56 -1 54 -1 #SUP: 130
66 -1 57 -1 74 -1 #SUP: 154
66 -1 57 -1 75 -1 #SUP: 129
72 -1 66 -1 64 -1 61 -1 60 -1 #SUP: 134
66 -1 57 -1 51 -1 #SUP: 156
66 -1 57 -1 52 -1 #SUP: 131
66 -1 29 -1 #SUP: 129
67 -1 60 -1 59 -1 53 -1 #SUP: 140
66 -1 72 -1 #SUP: 157
66 -1 58 -1 #SUP: 121
66 -1 44 -1 #SUP: 137
72 -1 70 -1 65 -1 61 -1 #SUP: 152
66 -1 73 -1 #SUP: 274
66 -1 73 -1 74 -1 #SUP: 175
66 -1 59 -1 #SUP: 409
66 -1 59 -1 53 -1 #SUP: 205
66 -1 59 -1 53 -1 52 -1 #SUP: 126
66 -1 59 -1 54 -1 #SUP: 210
66 -1 59 -1 54 -1 53 -1 #SUP: 155
66 -1 59 -1 54 -1 74 -1 #SUP: 118
66 -1 59 -1 55 -1 #SUP: 166
66 -1 59 -1 56 -1 #SUP: 232
66 -1 59 -1 56 -1 53 -1 #SUP: 134
66 -1 59 -1 56 -1 54 -1 #SUP: 138
66 -1 59 -1 56 -1 55 -1 #SUP: 119
66 -1 59 -1 57 -1 #SUP: 271
66 -1 59 -1 57 -1 53 -1 #SUP: 137
66 -1 59 -1 57 -1 54 -1 #SUP: 144
66 -1 59 -1 57 -1 55 -1 #SUP: 120
66 -1 59 -1 57 -1 56 -1 #SUP: 196
66 -1 59 -1 57 -1 74 -1 #SUP: 128
66 -1 59 -1 57 -1 52 -1 #SUP: 121
66 -1 59 -1 74 -1 #SUP: 179
66 -1 59 -1 75 -1 #SUP: 137
66 -1 59 -1 51 -1 #SUP: 114
66 -1 59 -1 52 -1 #SUP: 179
66 -1 74 -1 #SUP: 443
66 -1 74 -1 75 -1 #SUP: 232
66 -1 60 -1 #SUP: 629
66 -1 60 -1 81 -1 #SUP: 234
66 -1 60 -1 81 -1 74 -1 #SUP: 117
66 -1 60 -1 53 -1 #SUP: 397
66 -1 60 -1 53 -1 81 -1 #SUP: 202
66 -1 60 -1 53 -1 74 -1 #SUP: 207
66 -1 60 -1 53 -1 75 -1 #SUP: 142
66 -1 60 -1 53 -1 48 -1 #SUP: 170
66 -1 60 -1 53 -1 48 -1 81 -1 #SUP: 119
66 -1 60 -1 53 -1 51 -1 #SUP: 115
66 -1 60 -1 53 -1 52 -1 #SUP: 147
66 -1 60 -1 54 -1 #SUP: 352
66 -1 60 -1 54 -1 81 -1 #SUP: 146
66 -1 60 -1 54 -1 53 -1 #SUP: 278
66 -1 60 -1 54 -1 53 -1 81 -1 #SUP: 133
66 -1 60 -1 54 -1 53 -1 74 -1 #SUP: 165
66 -1 60 -1 54 -1 53 -1 75 -1 #SUP: 117
66 -1 60 -1 54 -1 53 -1 48 -1 #SUP: 146
66 -1 60 -1 54 -1 74 -1 #SUP: 203
66 -1 60 -1 54 -1 75 -1 #SUP: 145
66 -1 60 -1 54 -1 48 -1 #SUP: 167
72 -1 71 -1 68 -1 #SUP: 194
66 -1 60 -1 54 -1 52 -1 #SUP: 124
66 -1 60 -1 69 -1 #SUP: 131
66 -1 60 -1 55 -1 #SUP: 261
66 -1 60 -1 55 -1 53 -1 #SUP: 160
66 -1 60 -1 55 -1 54 -1 #SUP: 169
66 -1 60 -1 55 -1 54 -1 53 -1 #SUP: 135
66 -1 60 -1 55 -1 74 -1 #SUP: 141
66 -1 60 -1 55 -1 75 -1 #SUP: 126
66 -1 60 -1 56 -1 #SUP: 263
66 -1 60 -1 56 -1 53 -1 #SUP: 174
66 -1 60 -1 56 -1 54 -1 #SUP: 166
66 -1 60 -1 56 -1 54 -1 53 -1 #SUP: 136
66 -1 60 -1 56 -1 55 -1 #SUP: 134
66 -1 60 -1 56 -1 74 -1 #SUP: 130
66 -1 60 -1 57 -1 #SUP: 304
66 -1 60 -1 57 -1 53 -1 #SUP: 174
66 -1 60 -1 57 -1 54 -1 #SUP: 168
66 -1 60 -1 57 -1 56 -1 #SUP: 202
66 -1 60 -1 57 -1 56 -1 53 -1 #SUP: 122
66 -1 60 -1 57 -1 56 -1 54 -1 #SUP: 120
66 -1 60 -1 57 -1 74 -1 #SUP: 139
66 -1 60 -1 57 -1 75 -1 #SUP: 119
66 -1 60 -1 57 -1 51 -1 #SUP: 121
66 -1 60 -1 73 -1 #SUP: 137
66 -1 60 -1 59 -1 #SUP: 338
66 -1 60 -1 59 -1 53 -1 #SUP: 190
66 -1 60 -1 59 -1 53 -1 52 -1 #SUP: 120
66 -1 60 -1 59 -1 54 -1 #SUP: 191
66 -1 60 -1 59 -1 54 -1 53 -1 #SUP: 145
66 -1 60 -1 59 -1 56 -1 #SUP: 208
66 -1 60 -1 59 -1 56 -1 53 -1 #SUP: 127
66 -1 60 -1 59 -1 56 -1 54 -1 #SUP: 130
66 -1 60 -1 59 -1 57 -1 #SUP: 238
66 -1 60 -1 59 -1 57 -1 53 -1 #SUP: 128
74 -1 73 -1 67 -1 60 -1 #SUP: 120
66 -1 60 -1 59 -1 57 -1 54 -1 #SUP: 134
66 -1 60 -1 59 -1 57 -1 56 -1 #SUP: 177
66 -1 60 -1 59 -1 57 -1 74 -1 #SUP: 117
67 -1 66 -1 65 -1 62 -1 61 -1 59 -1 #SUP: 117
66 -1 60 -1 59 -1 74 -1 #SUP: 160
66 -1 60 -1 59 -1 75 -1 #SUP: 119
66 -1 60 -1 59 -1 52 -1 #SUP: 146
66 -1 60 -1 74 -1 #SUP: 289
66 -1 60 -1 74 -1 75 -1 #SUP: 145
66 -1 60 -1 75 -1 #SUP: 226
66 -1 60 -1 48 -1 #SUP: 225
66 -1 60 -1 48 -1 81 -1 #SUP: 134
66 -1 60 -1 48 -1 74 -1 #SUP: 121
66 -1 60 -1 49 -1 #SUP: 152
66 -1 60 -1 50 -1 #SUP: 135
66 -1 60 -1 51 -1 #SUP: 141
66 -1 60 -1 52 -1 #SUP: 183
66 -1 75 -1 #SUP: 361
66 -1 61 -1 #SUP: 569
66 -1 61 -1 81 -1 #SUP: 172
66 -1 61 -1 53 -1 #SUP: 296
66 -1 61 -1 53 -1 81 -1 #SUP: 147
66 -1 61 -1 53 -1 74 -1 #SUP: 187
66 -1 61 -1 53 -1 75 -1 #SUP: 122
66 -1 61 -1 53 -1 48 -1 #SUP: 146
66 -1 61 -1 54 -1 #SUP: 337
66 -1 61 -1 54 -1 81 -1 #SUP: 138
66 -1 61 -1 54 -1 53 -1 #SUP: 250
66 -1 61 -1 54 -1 53 -1 81 -1 #SUP: 123
66 -1 61 -1 54 -1 53 -1 74 -1 #SUP: 164
66 -1 61 -1 54 -1 53 -1 48 -1 #SUP: 137
66 -1 61 -1 54 -1 74 -1 #SUP: 213
66 -1 61 -1 54 -1 75 -1 #SUP: 150
66 -1 61 -1 54 -1 48 -1 #SUP: 174
66 -1 61 -1 69 -1 #SUP: 114
66 -1 61 -1 55 -1 #SUP: 243
66 -1 61 -1 55 -1 53 -1 #SUP: 132
66 -1 61 -1 55 -1 54 -1 #SUP: 165
66 -1 61 -1 55 -1 54 -1 53 -1 #SUP: 121
66 -1 61 -1 55 -1 74 -1 #SUP: 142
66 -1 61 -1 55 -1 75 -1 #SUP: 130
66 -1 61 -1 56 -1 #SUP: 207
66 -1 61 -1 56 -1 53 -1 #SUP: 121
66 -1 61 -1 56 -1 54 -1 #SUP: 141
66 -1 61 -1 56 -1 55 -1 #SUP: 119
66 -1 61 -1 56 -1 74 -1 #SUP: 122
66 -1 61 -1 57 -1 #SUP: 231
66 -1 61 -1 57 -1 53 -1 #SUP: 121
66 -1 64 -1 63 -1 60 -1 59 -1 57 -1 56 -1 #SUP: 136
73 -1 67 -1 63 -1 59 -1 #SUP: 123
66 -1 61 -1 57 -1 54 -1 #SUP: 143
66 -1 61 -1 57 -1 55 -1 #SUP: 117
66 -1 61 -1 57 -1 56 -1 #SUP: 160
66 -1 61 -1 57 -1 74 -1 #SUP: 129
66 -1 61 -1 57 -1 75 -1 #SUP: 115
68 -1 67 -1 66 -1 62 -1 61 -1 75 -1 #SUP: 116
66 -1 61 -1 59 -1 #SUP: 256
66 -1 61 -1 59 -1 53 -1 #SUP: 127
66 -1 61 -1 59 -1 54 -1 #SUP: 159
66 -1 61 -1 59 -1 54 -1 53 -1 #SUP: 119
66 -1 61 -1 59 -1 55 -1 #SUP: 123
66 -1 61 -1 59 -1 56 -1 #SUP: 159
66 -1 61 -1 59 -1 57 -1 #SUP: 182
66 -1 61 -1 59 -1 57 -1 56 -1 #SUP: 138
66 -1 61 -1 59 -1 74 -1 #SUP: 148
66 -1 61 -1 59 -1 75 -1 #SUP: 114
66 -1 61 -1 74 -1 #SUP: 295
66 -1 61 -1 74 -1 75 -1 #SUP: 156
66 -1 61 -1 60 -1 #SUP: 424
66 -1 61 -1 60 -1 81 -1 #SUP: 154
66 -1 61 -1 60 -1 53 -1 #SUP: 269
66 -1 61 -1 60 -1 53 -1 81 -1 #SUP: 134
66 -1 61 -1 60 -1 53 -1 74 -1 #SUP: 178
66 -1 61 -1 60 -1 53 -1 75 -1 #SUP: 118
67 -1 66 -1 63 -1 61 -1 60 -1 56 -1 #SUP: 139
66 -1 61 -1 60 -1 53 -1 48 -1 #SUP: 136
66 -1 61 -1 60 -1 54 -1 #SUP: 289
66 -1 61 -1 60 -1 54 -1 81 -1 #SUP: 124
66 -1 61 -1 60 -1 54 -1 53 -1 #SUP: 232
66 -1 61 -1 60 -1 54 -1 53 -1 81 -1 #SUP: 114
66 -1 61 -1 60 -1 54 -1 53 -1 74 -1 #SUP: 157
66 -1 61 -1 60 -1 54 -1 53 -1 48 -1 #SUP: 129
66 -1 61 -1 60 -1 54 -1 74 -1 #SUP: 194
66 -1 61 -1 60 -1 54 -1 75 -1 #SUP: 133
66 -1 61 -1 60 -1 54 -1 48 -1 #SUP: 148
66 -1 61 -1 60 -1 55 -1 #SUP: 204
66 -1 61 -1 60 -1 55 -1 53 -1 #SUP: 123
66 -1 61 -1 60 -1 55 -1 54 -1 #SUP: 143
66 -1 61 -1 60 -1 55 -1 54 -1 53 -1 #SUP: 114
66 -1 61 -1 60 -1 55 -1 74 -1 #SUP: 129
66 -1 61 -1 60 -1 55 -1 75 -1 #SUP: 115
66 -1 61 -1 60 -1 56 -1 #SUP: 186
66 -1 61 -1 60 -1 56 -1 54 -1 #SUP: 129
66 -1 61 -1 60 -1 57 -1 #SUP: 206
66 -1 61 -1 60 -1 57 -1 54 -1 #SUP: 130
66 -1 61 -1 60 -1 57 -1 56 -1 #SUP: 144
66 -1 61 -1 60 -1 57 -1 74 -1 #SUP: 118
66 -1 61 -1 60 -1 59 -1 #SUP: 231
66 -1 61 -1 60 -1 59 -1 53 -1 #SUP: 119
66 -1 61 -1 60 -1 59 -1 54 -1 #SUP: 147
66 -1 61 -1 60 -1 59 -1 56 -1 #SUP: 147
66 -1 61 -1 60 -1 59 -1 57 -1 #SUP: 166
66 -1 61 -1 60 -1 59 -1 57 -1 56 -1 #SUP: 128
66 -1 61 -1 60 -1 59 -1 74 -1 #SUP: 137
66 -1 61 -1 60 -1 74 -1 #SUP: 245
66 -1 61 -1 60 -1 74 -1 75 -1 #SUP: 134
66 -1 61 -1 60 -1 75 -1 #SUP: 193
66 -1 61 -1 60 -1 48 -1 #SUP: 182
66 -1 61 -1 60 -1 48 -1 74 -1 #SUP: 114
66 -1 61 -1 75 -1 #SUP: 240
66 -1 61 -1 48 -1 #SUP: 225
66 -1 61 -1 48 -1 81 -1 #SUP: 122
66 -1 61 -1 48 -1 74 -1 #SUP: 130
66 -1 61 -1 49 -1 #SUP: 136
66 -1 61 -1 52 -1 #SUP: 126
66 -1 76 -1 #SUP: 180
66 -1 62 -1 #SUP: 422
66 -1 62 -1 53 -1 #SUP: 178
66 -1 62 -1 54 -1 #SUP: 199
66 -1 62 -1 54 -1 53 -1 #SUP: 138
66 -1 62 -1 54 -1 74 -1 #SUP: 124
66 -1 62 -1 55 -1 #SUP: 233
66 -1 62 -1 55 -1 53 -1 #SUP: 118
66 -1 62 -1 55 -1 54 -1 #SUP: 143
66 -1 62 -1 55 -1 75 -1 #SUP: 122
66 -1 62 -1 56 -1 #SUP: 147
66 -1 62 -1 57 -1 #SUP: 162
66 -1 62 -1 57 -1 56 -1 #SUP: 114
66 -1 62 -1 59 -1 #SUP: 182
66 -1 62 -1 59 -1 55 -1 #SUP: 116
66 -1 62 -1 59 -1 56 -1 #SUP: 119
66 -1 62 -1 59 -1 57 -1 #SUP: 135
66 -1 62 -1 74 -1 #SUP: 188
66 -1 62 -1 74 -1 75 -1 #SUP: 129
66 -1 62 -1 60 -1 #SUP: 277
66 -1 62 -1 60 -1 53 -1 #SUP: 165
66 -1 62 -1 60 -1 54 -1 #SUP: 169
66 -1 62 -1 60 -1 54 -1 53 -1 #SUP: 131
66 -1 62 -1 60 -1 55 -1 #SUP: 182
66 -1 62 -1 60 -1 55 -1 54 -1 #SUP: 123
72 -1 71 -1 70 -1 65 -1 57 -1 #SUP: 127
66 -1 62 -1 60 -1 56 -1 #SUP: 133
66 -1 62 -1 60 -1 57 -1 #SUP: 145
66 -1 62 -1 60 -1 59 -1 #SUP: 161
66 -1 62 -1 60 -1 59 -1 57 -1 #SUP: 124
66 -1 62 -1 60 -1 74 -1 #SUP: 154
66 -1 62 -1 60 -1 75 -1 #SUP: 140
66 -1 62 -1 75 -1 #SUP: 199
66 -1 62 -1 61 -1 #SUP: 270
66 -1 62 -1 61 -1 53 -1 #SUP: 130
66 -1 62 -1 61 -1 54 -1 #SUP: 169
66 -1 62 -1 61 -1 54 -1 53 -1 #SUP: 118
66 -1 62 -1 61 -1 54 -1 74 -1 #SUP: 120
66 -1 62 -1 61 -1 55 -1 #SUP: 170
66 -1 62 -1 61 -1 55 -1 54 -1 #SUP: 123
66 -1 62 -1 61 -1 55 -1 74 -1 #SUP: 117
66 -1 62 -1 61 -1 56 -1 #SUP: 116
66 -1 62 -1 61 -1 57 -1 #SUP: 126
66 -1 62 -1 61 -1 59 -1 #SUP: 145
66 -1 62 -1 61 -1 74 -1 #SUP: 157
66 -1 62 -1 61 -1 60 -1 #SUP: 221
66 -1 62 -1 61 -1 60 -1 53 -1 #SUP: 124
66 -1 62 -1 61 -1 60 -1 54 -1 #SUP: 150
66 -1 62 -1 61 -1 60 -1 54 -1 53 -1 #SUP: 115
66 -1 62 -1 61 -1 60 -1 55 -1 #SUP: 150
66 -1 62 -1 61 -1 60 -1 57 -1 #SUP: 116
66 -1 62 -1 61 -1 60 -1 59 -1 #SUP: 134
66 -1 62 -1 61 -1 60 -1 74 -1 #SUP: 141
66 -1 62 -1 61 -1 60 -1 75 -1 #SUP: 131
66 -1 62 -1 61 -1 75 -1 #SUP: 150
66 -1 62 -1 48 -1 #SUP: 115
66 -1 62 -1 49 -1 #SUP: 131
66 -1 48 -1 #SUP: 315
66 -1 48 -1 81 -1 #SUP: 151
66 -1 48 -1 74 -1 #SUP: 145
66 -1 48 -1 75 -1 #SUP: 124
66 -1 91 -1 #SUP: 134
66 -1 77 -1 #SUP: 188
66 -1 63 -1 #SUP: 365
66 -1 63 -1 53 -1 #SUP: 179
66 -1 63 -1 54 -1 #SUP: 181
66 -1 63 -1 54 -1 53 -1 #SUP: 138
66 -1 63 -1 55 -1 #SUP: 152
66 -1 63 -1 56 -1 #SUP: 215
66 -1 63 -1 56 -1 53 -1 #SUP: 132
66 -1 63 -1 56 -1 54 -1 #SUP: 134
66 -1 63 -1 56 -1 55 -1 #SUP: 118
66 -1 63 -1 57 -1 #SUP: 231
66 -1 63 -1 57 -1 53 -1 #SUP: 121
70 -1 67 -1 65 -1 59 -1 57 -1 #SUP: 133
66 -1 63 -1 57 -1 54 -1 #SUP: 122
66 -1 63 -1 59 -1 #SUP: 234
66 -1 63 -1 59 -1 53 -1 #SUP: 122
72 -1 68 -1 67 -1 60 -1 #SUP: 133
66 -1 63 -1 59 -1 54 -1 #SUP: 127
66 -1 63 -1 59 -1 56 -1 #SUP: 177
66 -1 63 -1 59 -1 57 -1 #SUP: 197
66 -1 63 -1 59 -1 57 -1 56 -1 #SUP: 160
66 -1 63 -1 74 -1 #SUP: 148
66 -1 63 -1 60 -1 #SUP: 284
66 -1 63 -1 60 -1 53 -1 #SUP: 163
66 -1 63 -1 60 -1 54 -1 #SUP: 162
66 -1 63 -1 60 -1 54 -1 53 -1 #SUP: 130
66 -1 63 -1 60 -1 55 -1 #SUP: 128
66 -1 63 -1 60 -1 56 -1 #SUP: 195
66 -1 63 -1 60 -1 56 -1 53 -1 #SUP: 126
71 -1 66 -1 63 -1 61 -1 60 -1 #SUP: 132
66 -1 63 -1 60 -1 56 -1 54 -1 #SUP: 126
66 -1 63 -1 60 -1 57 -1 #SUP: 209
66 -1 63 -1 60 -1 57 -1 53 -1 #SUP: 114
66 -1 63 -1 60 -1 57 -1 54 -1 #SUP: 115
66 -1 63 -1 60 -1 57 -1 56 -1 #SUP: 164
66 -1 63 -1 60 -1 59 -1 #SUP: 219
66 -1 63 -1 60 -1 59 -1 53 -1 #SUP: 117
66 -1 63 -1 60 -1 59 -1 54 -1 #SUP: 123
70 -1 57 -1 53 -1 #SUP: 116
66 -1 63 -1 60 -1 59 -1 56 -1 #SUP: 167
66 -1 63 -1 60 -1 59 -1 57 -1 #SUP: 185
66 -1 63 -1 60 -1 59 -1 57 -1 56 -1 #SUP: 151
66 -1 63 -1 60 -1 74 -1 #SUP: 136
66 -1 63 -1 75 -1 #SUP: 128
66 -1 63 -1 61 -1 #SUP: 253
66 -1 63 -1 61 -1 53 -1 #SUP: 118
66 -1 63 -1 61 -1 54 -1 #SUP: 141
66 -1 63 -1 61 -1 55 -1 #SUP: 116
66 -1 63 -1 61 -1 56 -1 #SUP: 158
66 -1 63 -1 61 -1 57 -1 #SUP: 166
66 -1 63 -1 61 -1 57 -1 56 -1 #SUP: 132
66 -1 63 -1 61 -1 59 -1 #SUP: 173
66 -1 63 -1 61 -1 59 -1 56 -1 #SUP: 131
66 -1 63 -1 61 -1 59 -1 57 -1 #SUP: 146
66 -1 63 -1 61 -1 59 -1 57 -1 56 -1 #SUP: 119
66 -1 63 -1 61 -1 74 -1 #SUP: 127
66 -1 63 -1 61 -1 60 -1 #SUP: 213
66 -1 63 -1 61 -1 60 -1 54 -1 #SUP: 132
66 -1 63 -1 61 -1 60 -1 56 -1 #SUP: 151
66 -1 63 -1 61 -1 60 -1 57 -1 #SUP: 159
66 -1 63 -1 61 -1 60 -1 57 -1 56 -1 #SUP: 126
66 -1 63 -1 61 -1 60 -1 59 -1 #SUP: 170
66 -1 63 -1 61 -1 60 -1 59 -1 56 -1 #SUP: 129
66 -1 63 -1 61 -1 60 -1 59 -1 57 -1 #SUP: 144
66 -1 63 -1 61 -1 60 -1 59 -1 57 -1 56 -1 #SUP: 117
66 -1 63 -1 61 -1 60 -1 74 -1 #SUP: 122
66 -1 63 -1 62 -1 #SUP: 176
66 -1 63 -1 62 -1 57 -1 #SUP: 114
66 -1 63 -1 62 -1 59 -1 #SUP: 121
66 -1 63 -1 62 -1 60 -1 #SUP: 143
66 -1 63 -1 62 -1 60 -1 59 -1 #SUP: 118
72 -1 55 -1 54 -1 #SUP: 119
66 -1 63 -1 62 -1 61 -1 60 -1 #SUP: 123
66 -1 63 -1 52 -1 #SUP: 116
66 -1 49 -1 #SUP: 246
66 -1 49 -1 48 -1 #SUP: 114
66 -1 92 -1 #SUP: 136
66 -1 78 -1 #SUP: 173
66 -1 64 -1 #SUP: 382
66 -1 64 -1 53 -1 #SUP: 170
66 -1 64 -1 54 -1 #SUP: 161
66 -1 64 -1 54 -1 53 -1 #SUP: 121
66 -1 64 -1 55 -1 #SUP: 153
66 -1 64 -1 56 -1 #SUP: 205
66 -1 64 -1 56 -1 53 -1 #SUP: 123
66 -1 64 -1 56 -1 54 -1 #SUP: 119
66 -1 64 -1 57 -1 #SUP: 273
66 -1 64 -1 57 -1 53 -1 #SUP: 143
66 -1 64 -1 57 -1 54 -1 #SUP: 141
66 -1 64 -1 57 -1 55 -1 #SUP: 122
66 -1 64 -1 57 -1 56 -1 #SUP: 193
66 -1 64 -1 57 -1 56 -1 53 -1 #SUP: 115
66 -1 64 -1 57 -1 74 -1 #SUP: 123
66 -1 64 -1 57 -1 51 -1 #SUP: 120
66 -1 64 -1 59 -1 #SUP: 248
66 -1 64 -1 59 -1 53 -1 #SUP: 124
70 -1 66 -1 61 -1 60 -1 56 -1 #SUP: 134
66 -1 64 -1 59 -1 54 -1 #SUP: 129
66 -1 64 -1 59 -1 56 -1 #SUP: 175
66 -1 64 -1 59 -1 57 -1 #SUP: 222
66 -1 64 -1 59 -1 57 -1 53 -1 #SUP: 115
66 -1 64 -1 59 -1 57 -1 54 -1 #SUP: 119
73 -1 65 -1 63 -1 61 -1 60 -1 #SUP: 114
66 -1 64 -1 59 -1 57 -1 56 -1 #SUP: 170
66 -1 64 -1 59 -1 74 -1 #SUP: 117
66 -1 64 -1 59 -1 52 -1 #SUP: 115
66 -1 64 -1 74 -1 #SUP: 150
66 -1 64 -1 60 -1 #SUP: 273
66 -1 64 -1 60 -1 53 -1 #SUP: 154
66 -1 64 -1 60 -1 54 -1 #SUP: 147
66 -1 64 -1 60 -1 55 -1 #SUP: 122
66 -1 64 -1 60 -1 56 -1 #SUP: 179
66 -1 64 -1 60 -1 57 -1 #SUP: 232
66 -1 64 -1 60 -1 57 -1 53 -1 #SUP: 131
66 -1 64 -1 60 -1 57 -1 54 -1 #SUP: 130
66 -1 64 -1 60 -1 57 -1 56 -1 #SUP: 172
66 -1 64 -1 60 -1 59 -1 #SUP: 216
66 -1 64 -1 60 -1 59 -1 53 -1 #SUP: 114
66 -1 64 -1 60 -1 59 -1 54 -1 #SUP: 118
66 -1 64 -1 60 -1 59 -1 56 -1 #SUP: 159
66 -1 64 -1 60 -1 59 -1 57 -1 #SUP: 197
66 -1 64 -1 60 -1 59 -1 57 -1 56 -1 #SUP: 155
66 -1 64 -1 60 -1 74 -1 #SUP: 130
66 -1 64 -1 75 -1 #SUP: 131
66 -1 64 -1 61 -1 #SUP: 231
66 -1 64 -1 61 -1 54 -1 #SUP: 131
71 -1 63 -1 60 -1 56 -1 #SUP: 133
66 -1 64 -1 61 -1 56 -1 #SUP: 144
67 -1 64 -1 62 -1 61 -1 #SUP: 139
66 -1 64 -1 61 -1 57 -1 #SUP: 182
67 -1 64 -1 61 -1 57 -1 #SUP: 183
66 -1 64 -1 61 -1 57 -1 56 -1 #SUP: 138
66 -1 64 -1 61 -1 59 -1 #SUP: 171
66 -1 64 -1 61 -1 59 -1 56 -1 #SUP: 128
66 -1 64 -1 61 -1 59 -1 57 -1 #SUP: 157
66 -1 64 -1 61 -1 59 -1 57 -1 56 -1 #SUP: 124
66 -1 64 -1 61 -1 74 -1 #SUP: 127
66 -1 64 -1 61 -1 60 -1 #SUP: 190
66 -1 64 -1 61 -1 60 -1 54 -1 #SUP: 116
67 -1 66 -1 64 -1 74 -1 #SUP: 130
66 -1 64 -1 61 -1 60 -1 56 -1 #SUP: 130
66 -1 64 -1 61 -1 60 -1 57 -1 #SUP: 162
68 -1 67 -1 60 -1 74 -1 #SUP: 157
66 -1 64 -1 61 -1 60 -1 57 -1 56 -1 #SUP: 125
66 -1 64 -1 61 -1 60 -1 59 -1 #SUP: 152
66 -1 64 -1 61 -1 60 -1 59 -1 56 -1 #SUP: 118
66 -1 64 -1 61 -1 60 -1 59 -1 57 -1 #SUP: 142
66 -1 64 -1 61 -1 60 -1 59 -1 57 -1 56 -1 #SUP: 115
66 -1 64 -1 61 -1 60 -1 74 -1 #SUP: 114
66 -1 64 -1 62 -1 #SUP: 178
66 -1 64 -1 62 -1 57 -1 #SUP: 132
66 -1 64 -1 62 -1 59 -1 #SUP: 125
66 -1 64 -1 62 -1 59 -1 57 -1 #SUP: 117
66 -1 64 -1 62 -1 60 -1 #SUP: 138
66 -1 64 -1 62 -1 60 -1 57 -1 #SUP: 119
66 -1 64 -1 62 -1 60 -1 59 -1 #SUP: 114
66 -1 64 -1 62 -1 61 -1 #SUP: 127
67 -1 55 -1 74 -1 75 -1 #SUP: 122
66 -1 64 -1 63 -1 #SUP: 233
66 -1 64 -1 63 -1 56 -1 #SUP: 162
66 -1 64 -1 63 -1 57 -1 #SUP: 195
66 -1 64 -1 63 -1 57 -1 56 -1 #SUP: 156
66 -1 64 -1 63 -1 59 -1 #SUP: 183
66 -1 64 -1 63 -1 59 -1 56 -1 #SUP: 146
66 -1 64 -1 63 -1 59 -1 57 -1 #SUP: 175
66 -1 64 -1 63 -1 59 -1 57 -1 56 -1 #SUP: 144
66 -1 64 -1 63 -1 60 -1 #SUP: 192
66 -1 64 -1 63 -1 60 -1 56 -1 #SUP: 149
66 -1 64 -1 63 -1 60 -1 57 -1 #SUP: 178
66 -1 64 -1 63 -1 60 -1 57 -1 56 -1 #SUP: 145
73 -1 68 -1 59 -1 #SUP: 144
66 -1 64 -1 63 -1 60 -1 59 -1 #SUP: 171
66 -1 64 -1 63 -1 60 -1 59 -1 56 -1 #SUP: 138
66 -1 64 -1 63 -1 60 -1 59 -1 57 -1 #SUP: 164
66 -1 64 -1 63 -1 61 -1 #SUP: 170
66 -1 64 -1 63 -1 61 -1 56 -1 #SUP: 122
66 -1 64 -1 63 -1 61 -1 59 -1 #SUP: 139
66 -1 64 -1 63 -1 61 -1 59 -1 57 -1 #SUP: 132
66 -1 64 -1 63 -1 61 -1 60 -1 #SUP: 152
66 -1 64 -1 63 -1 61 -1 60 -1 56 -1 #SUP: 118
66 -1 64 -1 63 -1 61 -1 60 -1 57 -1 #SUP: 141
66 -1 64 -1 63 -1 61 -1 60 -1 57 -1 56 -1 #SUP: 114
66 -1 64 -1 63 -1 61 -1 60 -1 59 -1 #SUP: 136
66 -1 64 -1 63 -1 61 -1 60 -1 59 -1 57 -1 #SUP: 130
66 -1 64 -1 63 -1 62 -1 #SUP: 123
66 -1 64 -1 51 -1 #SUP: 130
66 -1 64 -1 52 -1 #SUP: 124
66 -1 50 -1 #SUP: 205
66 -1 93 -1 #SUP: 131
66 -1 65 -1 #SUP: 462
66 -1 65 -1 53 -1 #SUP: 221
66 -1 65 -1 53 -1 74 -1 #SUP: 114
66 -1 65 -1 53 -1 52 -1 #SUP: 118
66 -1 65 -1 54 -1 #SUP: 216
66 -1 65 -1 54 -1 53 -1 #SUP: 164
66 -1 65 -1 54 -1 74 -1 #SUP: 129
67 -1 66 -1 62 -1 61 -1 75 -1 #SUP: 140
66 -1 65 -1 55 -1 #SUP: 178
66 -1 65 -1 56 -1 #SUP: 224
66 -1 65 -1 56 -1 53 -1 #SUP: 130
66 -1 65 -1 56 -1 54 -1 #SUP: 129
66 -1 65 -1 57 -1 #SUP: 258
66 -1 65 -1 57 -1 53 -1 #SUP: 134
66 -1 65 -1 57 -1 54 -1 #SUP: 138
66 -1 65 -1 57 -1 55 -1 #SUP: 114
66 -1 65 -1 57 -1 56 -1 #SUP: 185
66 -1 65 -1 57 -1 74 -1 #SUP: 125
66 -1 65 -1 57 -1 52 -1 #SUP: 114
66 -1 65 -1 73 -1 #SUP: 116
66 -1 65 -1 59 -1 #SUP: 315
66 -1 65 -1 59 -1 53 -1 #SUP: 169
66 -1 65 -1 59 -1 54 -1 #SUP: 172
66 -1 65 -1 59 -1 54 -1 53 -1 #SUP: 131
66 -1 65 -1 59 -1 55 -1 #SUP: 130
66 -1 65 -1 59 -1 56 -1 #SUP: 199
66 -1 65 -1 59 -1 56 -1 53 -1 #SUP: 116
66 -1 65 -1 59 -1 56 -1 54 -1 #SUP: 119
66 -1 65 -1 59 -1 57 -1 #SUP: 226
66 -1 65 -1 59 -1 57 -1 53 -1 #SUP: 118
66 -1 65 -1 59 -1 57 -1 54 -1 #SUP: 124
66 -1 65 -1 59 -1 57 -1 56 -1 #SUP: 172
66 -1 65 -1 59 -1 57 -1 74 -1 #SUP: 115
66 -1 65 -1 59 -1 74 -1 #SUP: 153
73 -1 70 -1 57 -1 #SUP: 144
66 -1 65 -1 59 -1 52 -1 #SUP: 157
66 -1 65 -1 74 -1 #SUP: 198
66 -1 65 -1 60 -1 #SUP: 337
66 -1 65 -1 60 -1 53 -1 #SUP: 206
66 -1 65 -1 60 -1 54 -1 #SUP: 195
66 -1 65 -1 60 -1 54 -1 53 -1 #SUP: 155
66 -1 65 -1 60 -1 54 -1 74 -1 #SUP: 118
66 -1 65 -1 60 -1 55 -1 #SUP: 142
66 -1 65 -1 60 -1 56 -1 #SUP: 195
66 -1 65 -1 60 -1 56 -1 53 -1 #SUP: 123
66 -1 65 -1 60 -1 56 -1 54 -1 #SUP: 120
66 -1 65 -1 60 -1 57 -1 #SUP: 223
66 -1 65 -1 60 -1 57 -1 53 -1 #SUP: 124
66 -1 65 -1 60 -1 57 -1 54 -1 #SUP: 128
66 -1 65 -1 60 -1 57 -1 56 -1 #SUP: 165
66 -1 65 -1 60 -1 57 -1 74 -1 #SUP: 114
66 -1 65 -1 60 -1 59 -1 #SUP: 272
66 -1 65 -1 60 -1 59 -1 53 -1 #SUP: 159
66 -1 65 -1 60 -1 59 -1 54 -1 #SUP: 159
66 -1 65 -1 60 -1 59 -1 54 -1 53 -1 #SUP: 124
71 -1 66 -1 63 -1 56 -1 #SUP: 137
66 -1 65 -1 60 -1 59 -1 55 -1 #SUP: 118
66 -1 65 -1 60 -1 59 -1 56 -1 #SUP: 181
66 -1 65 -1 60 -1 59 -1 57 -1 #SUP: 202
66 -1 65 -1 60 -1 59 -1 57 -1 54 -1 #SUP: 117
66 -1 65 -1 60 -1 59 -1 57 -1 56 -1 #SUP: 157
66 -1 65 -1 60 -1 59 -1 74 -1 #SUP: 138
66 -1 65 -1 60 -1 59 -1 52 -1 #SUP: 131
66 -1 65 -1 60 -1 74 -1 #SUP: 167
66 -1 65 -1 60 -1 75 -1 #SUP: 119
66 -1 65 -1 60 -1 52 -1 #SUP: 142
66 -1 65 -1 75 -1 #SUP: 152
66 -1 65 -1 61 -1 #SUP: 280
66 -1 65 -1 61 -1 53 -1 #SUP: 150
66 -1 65 -1 61 -1 54 -1 #SUP: 180
66 -1 65 -1 61 -1 54 -1 53 -1 #SUP: 137
66 -1 65 -1 61 -1 54 -1 74 -1 #SUP: 121
66 -1 65 -1 61 -1 55 -1 #SUP: 129
66 -1 65 -1 61 -1 56 -1 #SUP: 155
66 -1 65 -1 61 -1 57 -1 #SUP: 175
66 -1 65 -1 61 -1 57 -1 56 -1 #SUP: 132
66 -1 65 -1 61 -1 59 -1 #SUP: 209
66 -1 65 -1 61 -1 59 -1 54 -1 #SUP: 140
66 -1 65 -1 61 -1 59 -1 56 -1 #SUP: 142
66 -1 65 -1 61 -1 59 -1 57 -1 #SUP: 156
66 -1 65 -1 61 -1 59 -1 57 -1 56 -1 #SUP: 124
66 -1 65 -1 61 -1 59 -1 74 -1 #SUP: 131
66 -1 65 -1 61 -1 74 -1 #SUP: 165
66 -1 65 -1 61 -1 60 -1 #SUP: 236
66 -1 65 -1 61 -1 60 -1 53 -1 #SUP: 140
66 -1 65 -1 61 -1 60 -1 54 -1 #SUP: 163
66 -1 65 -1 61 -1 60 -1 54 -1 53 -1 #SUP: 129
66 -1 65 -1 61 -1 60 -1 55 -1 #SUP: 114
66 -1 65 -1 61 -1 60 -1 56 -1 #SUP: 141
66 -1 65 -1 61 -1 60 -1 57 -1 #SUP: 157
66 -1 65 -1 61 -1 60 -1 57 -1 56 -1 #SUP: 121
66 -1 65 -1 61 -1 60 -1 59 -1 #SUP: 189
66 -1 65 -1 61 -1 60 -1 59 -1 54 -1 #SUP: 129
66 -1 65 -1 61 -1 60 -1 59 -1 56 -1 #SUP: 132
66 -1 65 -1 61 -1 60 -1 59 -1 57 -1 #SUP: 142
66 -1 65 -1 61 -1 60 -1 59 -1 57 -1 56 -1 #SUP: 116
66 -1 65 -1 61 -1 60 -1 59 -1 74 -1 #SUP: 120
72 -1 67 -1 66 -1 65 -1 59 -1 57 -1 #SUP: 121
66 -1 65 -1 61 -1 60 -1 74 -1 #SUP: 146
66 -1 65 -1 61 -1 75 -1 #SUP: 121
66 -1 65 -1 62 -1 #SUP: 210
66 -1 65 -1 62 -1 55 -1 #SUP: 123
66 -1 65 -1 62 -1 56 -1 #SUP: 114
66 -1 65 -1 62 -1 57 -1 #SUP: 129
66 -1 65 -1 62 -1 59 -1 #SUP: 149
72 -1 67 -1 56 -1 #SUP: 152
66 -1 65 -1 62 -1 59 -1 57 -1 #SUP: 118
66 -1 65 -1 62 -1 60 -1 #SUP: 160
66 -1 65 -1 62 -1 60 -1 57 -1 #SUP: 118
70 -1 66 -1 61 -1 57 -1 56 -1 #SUP: 120
66 -1 65 -1 62 -1 60 -1 59 -1 #SUP: 137
66 -1 65 -1 62 -1 61 -1 #SUP: 151
66 -1 65 -1 62 -1 61 -1 59 -1 #SUP: 122
66 -1 65 -1 62 -1 61 -1 60 -1 #SUP: 132
66 -1 65 -1 48 -1 #SUP: 120
66 -1 65 -1 63 -1 #SUP: 250
66 -1 65 -1 63 -1 53 -1 #SUP: 129
66 -1 65 -1 63 -1 54 -1 #SUP: 131
66 -1 65 -1 63 -1 56 -1 #SUP: 175
66 -1 65 -1 63 -1 57 -1 #SUP: 188
66 -1 65 -1 63 -1 57 -1 56 -1 #SUP: 153
66 -1 65 -1 63 -1 59 -1 #SUP: 199
66 -1 65 -1 63 -1 59 -1 54 -1 #SUP: 114
66 -1 65 -1 63 -1 59 -1 56 -1 #SUP: 161
66 -1 65 -1 63 -1 59 -1 57 -1 #SUP: 173
66 -1 65 -1 63 -1 59 -1 57 -1 56 -1 #SUP: 145
66 -1 65 -1 63 -1 74 -1 #SUP: 114
66 -1 65 -1 63 -1 60 -1 #SUP: 206
66 -1 65 -1 63 -1 60 -1 53 -1 #SUP: 120
66 -1 65 -1 63 -1 60 -1 54 -1 #SUP: 121
66 -1 65 -1 63 -1 60 -1 56 -1 #SUP: 160
66 -1 65 -1 63 -1 60 -1 57 -1 #SUP: 171
66 -1 65 -1 63 -1 60 -1 57 -1 56 -1 #SUP: 142
66 -1 65 -1 63 -1 60 -1 59 -1 #SUP: 185
66 -1 65 -1 63 -1 60 -1 59 -1 56 -1 #SUP: 152
66 -1 65 -1 63 -1 60 -1 59 -1 57 -1 #SUP: 162
66 -1 65 -1 63 -1 60 -1 59 -1 57 -1 56 -1 #SUP: 137
66 -1 65 -1 63 -1 61 -1 #SUP: 177
66 -1 65 -1 63 -1 61 -1 56 -1 #SUP: 128
66 -1 65 -1 63 -1 61 -1 57 -1 #SUP: 136
72 -1 71 -1 63 -1 61 -1 59 -1 #SUP: 132
66 -1 65 -1 63 -1 61 -1 59 -1 #SUP: 144
66 -1 65 -1 63 -1 61 -1 59 -1 56 -1 #SUP: 119
66 -1 65 -1 63 -1 61 -1 59 -1 57 -1 #SUP: 126
66 -1 65 -1 63 -1 61 -1 60 -1 #SUP: 157
66 -1 65 -1 63 -1 61 -1 60 -1 56 -1 #SUP: 124
70 -1 68 -1 65 -1 62 -1 #SUP: 120
66 -1 65 -1 63 -1 61 -1 60 -1 57 -1 #SUP: 132
67 -1 56 -1 54 -1 53 -1 #SUP: 126
66 -1 65 -1 63 -1 61 -1 60 -1 59 -1 #SUP: 142
70 -1 65 -1 64 -1 63 -1 61 -1 #SUP: 136
66 -1 65 -1 63 -1 61 -1 60 -1 59 -1 56 -1 #SUP: 118
66 -1 65 -1 63 -1 61 -1 60 -1 59 -1 57 -1 #SUP: 125
66 -1 65 -1 63 -1 62 -1 #SUP: 135
70 -1 67 -1 62 -1 60 -1 #SUP: 141
66 -1 65 -1 64 -1 #SUP: 293
66 -1 65 -1 64 -1 53 -1 #SUP: 133
66 -1 65 -1 64 -1 55 -1 #SUP: 120
66 -1 65 -1 64 -1 56 -1 #SUP: 177
66 -1 65 -1 64 -1 57 -1 #SUP: 220
66 -1 65 -1 64 -1 57 -1 53 -1 #SUP: 114
66 -1 65 -1 64 -1 57 -1 54 -1 #SUP: 117
66 -1 65 -1 64 -1 57 -1 56 -1 #SUP: 168
66 -1 65 -1 64 -1 59 -1 #SUP: 215
66 -1 65 -1 64 -1 59 -1 54 -1 #SUP: 117
66 -1 65 -1 64 -1 59 -1 56 -1 #SUP: 161
66 -1 65 -1 64 -1 59 -1 57 -1 #SUP: 194
66 -1 65 -1 64 -1 59 -1 57 -1 56 -1 #SUP: 156
66 -1 65 -1 64 -1 74 -1 #SUP: 126
66 -1 65 -1 64 -1 60 -1 #SUP: 213
66 -1 65 -1 64 -1 60 -1 53 -1 #SUP: 120
66 -1 65 -1 64 -1 60 -1 54 -1 #SUP: 120
66 -1 65 -1 64 -1 60 -1 56 -1 #SUP: 155
66 -1 65 -1 64 -1 60 -1 57 -1 #SUP: 186
66 -1 65 -1 64 -1 60 -1 57 -1 56 -1 #SUP: 149
66 -1 65 -1 64 -1 60 -1 59 -1 #SUP: 186
66 -1 65 -1 64 -1 60 -1 59 -1 56 -1 #SUP: 146
66 -1 65 -1 64 -1 60 -1 59 -1 57 -1 #SUP: 171
66 -1 65 -1 64 -1 60 -1 59 -1 57 -1 56 -1 #SUP: 142
66 -1 65 -1 64 -1 61 -1 #SUP: 181
66 -1 65 -1 64 -1 61 -1 56 -1 #SUP: 128
66 -1 65 -1 64 -1 61 -1 57 -1 #SUP: 154
66 -1 65 -1 64 -1 61 -1 57 -1 56 -1 #SUP: 123
66 -1 65 -1 64 -1 61 -1 59 -1 #SUP: 151
66 -1 65 -1 64 -1 61 -1 59 -1 56 -1 #SUP: 120
66 -1 65 -1 64 -1 61 -1 59 -1 57 -1 #SUP: 140
66 -1 65 -1 64 -1 61 -1 59 -1 57 -1 56 -1 #SUP: 116
66 -1 65 -1 64 -1 61 -1 60 -1 #SUP: 153
66 -1 65 -1 64 -1 61 -1 60 -1 56 -1 #SUP: 116
66 -1 65 -1 64 -1 61 -1 60 -1 57 -1 #SUP: 136
66 -1 65 -1 64 -1 61 -1 60 -1 59 -1 57 -1 #SUP: 126
66 -1 65 -1 64 -1 62 -1 #SUP: 144
66 -1 65 -1 64 -1 62 -1 57 -1 #SUP: 114
67 -1 65 -1 62 -1 57 -1 #SUP: 117
66 -1 65 -1 64 -1 63 -1 #SUP: 194
66 -1 65 -1 64 -1 63 -1 56 -1 #SUP: 146
66 -1 65 -1 64 -1 63 -1 57 -1 #SUP: 170
66 -1 65 -1 64 -1 63 -1 57 -1 56 -1 #SUP: 142
66 -1 65 -1 64 -1 63 -1 59 -1 #SUP: 162
66 -1 65 -1 64 -1 63 -1 59 -1 56 -1 #SUP: 136
66 -1 65 -1 64 -1 63 -1 59 -1 57 -1 #SUP: 157
66 -1 65 -1 64 -1 63 -1 59 -1 57 -1 56 -1 #SUP: 134
73 -1 66 -1 60 -1 55 -1 #SUP: 132
66 -1 65 -1 64 -1 63 -1 60 -1 #SUP: 163
67 -1 66 -1 65 -1 64 -1 61 -1 #SUP: 165
66 -1 65 -1 64 -1 63 -1 60 -1 56 -1 #SUP: 135
66 -1 65 -1 64 -1 63 -1 60 -1 57 -1 #SUP: 155
66 -1 65 -1 64 -1 63 -1 60 -1 57 -1 56 -1 #SUP: 132
66 -1 65 -1 64 -1 63 -1 60 -1 59 -1 #SUP: 151
66 -1 65 -1 64 -1 63 -1 60 -1 59 -1 56 -1 #SUP: 129
66 -1 65 -1 64 -1 63 -1 60 -1 59 -1 57 -1 #SUP: 147
66 -1 65 -1 64 -1 63 -1 60 -1 59 -1 57 -1 56 -1 #SUP: 127
66 -1 65 -1 64 -1 63 -1 61 -1 #SUP: 139
66 -1 65 -1 64 -1 63 -1 61 -1 57 -1 #SUP: 126
66 -1 65 -1 64 -1 63 -1 61 -1 59 -1 #SUP: 121
66 -1 65 -1 64 -1 63 -1 61 -1 59 -1 57 -1 #SUP: 117
66 -1 65 -1 64 -1 63 -1 61 -1 60 -1 #SUP: 127
66 -1 65 -1 64 -1 63 -1 61 -1 60 -1 57 -1 #SUP: 122
70 -1 66 -1 64 -1 63 -1 59 -1 56 -1 #SUP: 119
66 -1 65 -1 64 -1 63 -1 61 -1 60 -1 59 -1 #SUP: 119
66 -1 65 -1 64 -1 63 -1 61 -1 60 -1 59 -1 57 -1 #SUP: 116
66 -1 65 -1 51 -1 #SUP: 128
66 -1 65 -1 52 -1 #SUP: 174
66 -1 51 -1 #SUP: 192
66 -1 94 -1 #SUP: 155
66 -1 80 -1 #SUP: 141
66 -1 52 -1 #SUP: 239
67 -1 #SUP: 1099
67 -1 81 -1 #SUP: 215
67 -1 81 -1 74 -1 #SUP: 123
67 -1 67 -1 #SUP: 153
67 -1 53 -1 #SUP: 368
67 -1 53 -1 81 -1 #SUP: 171
67 -1 53 -1 74 -1 #SUP: 216
67 -1 53 -1 75 -1 #SUP: 145
67 -1 53 -1 48 -1 #SUP: 174
67 -1 53 -1 48 -1 81 -1 #SUP: 114
67 -1 53 -1 49 -1 #SUP: 114
67 -1 53 -1 52 -1 #SUP: 114
72 -1 71 -1 66 -1 64 -1 60 -1 59 -1 57 -1 #SUP: 128
67 -1 68 -1 #SUP: 268
67 -1 68 -1 75 -1 #SUP: 129
67 -1 54 -1 #SUP: 488
67 -1 54 -1 81 -1 #SUP: 156
67 -1 54 -1 53 -1 #SUP: 287
67 -1 54 -1 53 -1 81 -1 #SUP: 131
67 -1 54 -1 53 -1 74 -1 #SUP: 178
67 -1 54 -1 53 -1 75 -1 #SUP: 125
67 -1 54 -1 53 -1 48 -1 #SUP: 156
67 -1 54 -1 74 -1 #SUP: 266
67 -1 54 -1 74 -1 75 -1 #SUP: 136
67 -1 54 -1 75 -1 #SUP: 203
67 -1 54 -1 76 -1 #SUP: 114
67 -1 54 -1 48 -1 #SUP: 244
67 -1 54 -1 48 -1 81 -1 #SUP: 118
67 -1 54 -1 48 -1 74 -1 #SUP: 145
67 -1 54 -1 49 -1 #SUP: 159
67 -1 54 -1 52 -1 #SUP: 135
67 -1 12 -1 #SUP: 133
67 -1 69 -1 #SUP: 181
67 -1 55 -1 #SUP: 413
67 -1 55 -1 53 -1 #SUP: 150
67 -1 55 -1 54 -1 #SUP: 226
67 -1 55 -1 54 -1 53 -1 #SUP: 137
67 -1 55 -1 54 -1 74 -1 #SUP: 128
67 -1 55 -1 54 -1 75 -1 #SUP: 117
67 -1 55 -1 74 -1 #SUP: 181
67 -1 55 -1 75 -1 #SUP: 200
67 -1 55 -1 48 -1 #SUP: 139
67 -1 55 -1 49 -1 #SUP: 156
67 -1 70 -1 #SUP: 124
67 -1 56 -1 #SUP: 272
67 -1 56 -1 53 -1 #SUP: 143
67 -1 56 -1 54 -1 #SUP: 172
67 -1 56 -1 55 -1 #SUP: 147
67 -1 56 -1 74 -1 #SUP: 135
67 -1 56 -1 75 -1 #SUP: 121
70 -1 55 -1 75 -1 #SUP: 125
67 -1 57 -1 #SUP: 291
67 -1 57 -1 53 -1 #SUP: 133
67 -1 57 -1 54 -1 #SUP: 161
67 -1 57 -1 54 -1 53 -1 #SUP: 114
72 -1 67 -1 66 -1 64 -1 59 -1 #SUP: 127
67 -1 57 -1 55 -1 #SUP: 132
67 -1 57 -1 56 -1 #SUP: 180
67 -1 57 -1 74 -1 #SUP: 142
67 -1 57 -1 75 -1 #SUP: 125
67 -1 29 -1 #SUP: 151
67 -1 72 -1 #SUP: 126
67 -1 44 -1 #SUP: 158
67 -1 73 -1 #SUP: 258
67 -1 73 -1 74 -1 #SUP: 195
67 -1 59 -1 #SUP: 349
67 -1 59 -1 53 -1 #SUP: 151
67 -1 59 -1 54 -1 #SUP: 197
67 -1 59 -1 54 -1 53 -1 #SUP: 127
67 -1 59 -1 54 -1 74 -1 #SUP: 123
67 -1 59 -1 55 -1 #SUP: 154
67 -1 59 -1 56 -1 #SUP: 185
67 -1 59 -1 56 -1 54 -1 #SUP: 121
67 -1 59 -1 57 -1 #SUP: 206
67 -1 59 -1 57 -1 54 -1 #SUP: 122
67 -1 64 -1 60 -1 59 -1 56 -1 #SUP: 126
70 -1 64 -1 55 -1 #SUP: 126
67 -1 59 -1 57 -1 56 -1 #SUP: 152
67 -1 59 -1 57 -1 74 -1 #SUP: 114
67 -1 59 -1 74 -1 #SUP: 176
67 -1 59 -1 75 -1 #SUP: 133
67 -1 59 -1 52 -1 #SUP: 136
67 -1 74 -1 #SUP: 532
67 -1 74 -1 75 -1 #SUP: 293
67 -1 60 -1 #SUP: 530
67 -1 60 -1 81 -1 #SUP: 174
67 -1 60 -1 53 -1 #SUP: 315
67 -1 60 -1 53 -1 81 -1 #SUP: 150
67 -1 60 -1 53 -1 74 -1 #SUP: 192
67 -1 60 -1 53 -1 75 -1 #SUP: 129
67 -1 60 -1 53 -1 48 -1 #SUP: 153
68 -1 67 -1 66 -1 54 -1 #SUP: 171
67 -1 60 -1 54 -1 #SUP: 330
67 -1 60 -1 54 -1 81 -1 #SUP: 126
67 -1 60 -1 54 -1 53 -1 #SUP: 252
67 -1 60 -1 54 -1 53 -1 81 -1 #SUP: 116
67 -1 60 -1 54 -1 53 -1 74 -1 #SUP: 162
67 -1 60 -1 54 -1 53 -1 75 -1 #SUP: 116
67 -1 60 -1 54 -1 53 -1 48 -1 #SUP: 139
67 -1 60 -1 54 -1 74 -1 #SUP: 202
67 -1 60 -1 54 -1 75 -1 #SUP: 141
67 -1 60 -1 54 -1 48 -1 #SUP: 160
67 -1 60 -1 55 -1 #SUP: 238
67 -1 60 -1 55 -1 53 -1 #SUP: 130
67 -1 60 -1 55 -1 54 -1 #SUP: 159
67 -1 60 -1 55 -1 54 -1 53 -1 #SUP: 123
71 -1 70 -1 65 -1 64 -1 60 -1 #SUP: 133
67 -1 60 -1 55 -1 75 -1 #SUP: 125
67 -1 60 -1 56 -1 #SUP: 216
67 -1 60 -1 56 -1 53 -1 #SUP: 130
67 -1 60 -1 56 -1 54 -1 #SUP: 145
67 -1 60 -1 56 -1 54 -1 53 -1 #SUP: 116
67 -1 60 -1 56 -1 55 -1 #SUP: 119
67 -1 60 -1 56 -1 74 -1 #SUP: 118
67 -1 60 -1 57 -1 #SUP: 234
67 -1 60 -1 57 -1 53 -1 #SUP: 119
72 -1 71 -1 70 -1 64 -1 60 -1 59 -1 #SUP: 120
67 -1 60 -1 57 -1 54 -1 #SUP: 141
67 -1 60 -1 57 -1 56 -1 #SUP: 158
67 -1 60 -1 57 -1 74 -1 #SUP: 123
67 -1 60 -1 59 -1 #SUP: 273
67 -1 60 -1 59 -1 54 -1 #SUP: 163
67 -1 60 -1 59 -1 54 -1 53 -1 #SUP: 119
67 -1 60 -1 59 -1 55 -1 #SUP: 126
70 -1 65 -1 64 -1 63 -1 62 -1 #SUP: 115
67 -1 60 -1 59 -1 56 -1 #SUP: 163
67 -1 60 -1 59 -1 57 -1 #SUP: 184
67 -1 60 -1 59 -1 57 -1 56 -1 #SUP: 139
67 -1 60 -1 59 -1 74 -1 #SUP: 148
67 -1 60 -1 74 -1 #SUP: 277
67 -1 60 -1 74 -1 75 -1 #SUP: 144
67 -1 60 -1 75 -1 #SUP: 213
67 -1 60 -1 48 -1 #SUP: 210
67 -1 60 -1 48 -1 81 -1 #SUP: 115
67 -1 60 -1 48 -1 74 -1 #SUP: 126
67 -1 60 -1 49 -1 #SUP: 131
67 -1 60 -1 52 -1 #SUP: 127
67 -1 75 -1 #SUP: 450
67 -1 61 -1 #SUP: 701
67 -1 61 -1 81 -1 #SUP: 182
67 -1 61 -1 81 -1 74 -1 #SUP: 115
67 -1 61 -1 53 -1 #SUP: 302
67 -1 61 -1 53 -1 81 -1 #SUP: 150
67 -1 61 -1 53 -1 74 -1 #SUP: 197
67 -1 61 -1 53 -1 75 -1 #SUP: 134
67 -1 61 -1 53 -1 48 -1 #SUP: 155
67 -1 61 -1 54 -1 #SUP: 406
67 -1 61 -1 54 -1 81 -1 #SUP: 140
67 -1 61 -1 54 -1 53 -1 #SUP: 253
67 -1 61 -1 54 -1 53 -1 81 -1 #SUP: 122
67 -1 61 -1 54 -1 53 -1 74 -1 #SUP: 171
67 -1 61 -1 54 -1 53 -1 75 -1 #SUP: 120
67 -1 61 -1 54 -1 53 -1 48 -1 #SUP: 144
67 -1 61 -1 54 -1 74 -1 #SUP: 252
67 -1 61 -1 54 -1 75 -1 #SUP: 189
67 -1 61 -1 54 -1 48 -1 #SUP: 213
67 -1 61 -1 54 -1 48 -1 74 -1 #SUP: 136
67 -1 61 -1 54 -1 49 -1 #SUP: 133
67 -1 61 -1 54 -1 52 -1 #SUP: 118
67 -1 61 -1 69 -1 #SUP: 133
67 -1 61 -1 55 -1 #SUP: 299
67 -1 61 -1 55 -1 53 -1 #SUP: 130
67 -1 61 -1 55 -1 54 -1 #SUP: 191
67 -1 61 -1 55 -1 54 -1 53 -1 #SUP: 122
67 -1 61 -1 55 -1 54 -1 74 -1 #SUP: 124
67 -1 61 -1 55 -1 74 -1 #SUP: 162
67 -1 61 -1 55 -1 75 -1 #SUP: 161
67 -1 61 -1 56 -1 #SUP: 221
67 -1 61 -1 56 -1 53 -1 #SUP: 121
67 -1 61 -1 56 -1 54 -1 #SUP: 148
67 -1 61 -1 56 -1 55 -1 #SUP: 125
67 -1 61 -1 56 -1 74 -1 #SUP: 127
67 -1 61 -1 57 -1 #SUP: 231
67 -1 61 -1 57 -1 54 -1 #SUP: 141
67 -1 61 -1 57 -1 55 -1 #SUP: 118
67 -1 61 -1 57 -1 56 -1 #SUP: 160
67 -1 61 -1 57 -1 74 -1 #SUP: 130
67 -1 61 -1 57 -1 75 -1 #SUP: 117
67 -1 61 -1 73 -1 #SUP: 121
67 -1 61 -1 59 -1 #SUP: 280
67 -1 61 -1 59 -1 53 -1 #SUP: 124
67 -1 61 -1 59 -1 54 -1 #SUP: 169
67 -1 61 -1 59 -1 54 -1 74 -1 #SUP: 120
67 -1 61 -1 59 -1 55 -1 #SUP: 131
67 -1 61 -1 59 -1 56 -1 #SUP: 159
67 -1 61 -1 59 -1 57 -1 #SUP: 181
67 -1 61 -1 59 -1 57 -1 56 -1 #SUP: 138
67 -1 61 -1 59 -1 74 -1 #SUP: 161
67 -1 61 -1 59 -1 75 -1 #SUP: 125
67 -1 61 -1 74 -1 #SUP: 355
67 -1 61 -1 74 -1 75 -1 #SUP: 192
67 -1 61 -1 60 -1 #SUP: 437
67 -1 61 -1 60 -1 81 -1 #SUP: 147
67 -1 61 -1 60 -1 53 -1 #SUP: 262
67 -1 61 -1 60 -1 53 -1 81 -1 #SUP: 130
67 -1 61 -1 60 -1 53 -1 74 -1 #SUP: 179
67 -1 61 -1 60 -1 53 -1 75 -1 #SUP: 121
67 -1 61 -1 60 -1 53 -1 48 -1 #SUP: 139
67 -1 61 -1 60 -1 54 -1 #SUP: 288
67 -1 61 -1 60 -1 54 -1 81 -1 #SUP: 115
67 -1 61 -1 60 -1 54 -1 53 -1 #SUP: 224
67 -1 61 -1 60 -1 54 -1 53 -1 74 -1 #SUP: 157
67 -1 61 -1 60 -1 54 -1 53 -1 48 -1 #SUP: 130
67 -1 61 -1 60 -1 54 -1 74 -1 #SUP: 196
67 -1 61 -1 60 -1 54 -1 75 -1 #SUP: 136
67 -1 61 -1 60 -1 54 -1 48 -1 #SUP: 148
67 -1 61 -1 60 -1 55 -1 #SUP: 206
67 -1 61 -1 60 -1 55 -1 53 -1 #SUP: 115
67 -1 61 -1 60 -1 55 -1 54 -1 #SUP: 141
67 -1 61 -1 60 -1 55 -1 74 -1 #SUP: 129
67 -1 61 -1 60 -1 55 -1 75 -1 #SUP: 120
67 -1 61 -1 60 -1 56 -1 #SUP: 185
67 -1 61 -1 60 -1 56 -1 54 -1 #SUP: 126
67 -1 61 -1 60 -1 57 -1 #SUP: 197
67 -1 61 -1 60 -1 57 -1 54 -1 #SUP: 122
67 -1 61 -1 60 -1 57 -1 56 -1 #SUP: 139
67 -1 61 -1 60 -1 57 -1 74 -1 #SUP: 115
67 -1 61 -1 60 -1 59 -1 #SUP: 232
67 -1 61 -1 60 -1 59 -1 53 -1 #SUP: 115
67 -1 61 -1 60 -1 59 -1 54 -1 #SUP: 141
67 -1 61 -1 60 -1 59 -1 56 -1 #SUP: 142
67 -1 61 -1 60 -1 59 -1 57 -1 #SUP: 163
67 -1 61 -1 60 -1 59 -1 57 -1 56 -1 #SUP: 126
67 -1 61 -1 60 -1 59 -1 74 -1 #SUP: 137
67 -1 61 -1 60 -1 74 -1 #SUP: 250
67 -1 61 -1 60 -1 74 -1 75 -1 #SUP: 139
67 -1 61 -1 60 -1 75 -1 #SUP: 201
67 -1 61 -1 60 -1 48 -1 #SUP: 187
67 -1 61 -1 60 -1 48 -1 74 -1 #SUP: 119
72 -1 71 -1 65 -1 59 -1 57 -1 #SUP: 148
67 -1 61 -1 75 -1 #SUP: 301
67 -1 61 -1 76 -1 #SUP: 131
73 -1 72 -1 70 -1 62 -1 #SUP: 135
67 -1 61 -1 48 -1 #SUP: 285
67 -1 61 -1 48 -1 81 -1 #SUP: 127
67 -1 61 -1 48 -1 74 -1 #SUP: 159
67 -1 61 -1 48 -1 75 -1 #SUP: 127
67 -1 61 -1 77 -1 #SUP: 125
73 -1 71 -1 67 -1 63 -1 #SUP: 130
67 -1 61 -1 49 -1 #SUP: 178
67 -1 61 -1 50 -1 #SUP: 117
72 -1 71 -1 67 -1 64 -1 60 -1 57 -1 #SUP: 118
67 -1 61 -1 52 -1 #SUP: 145
67 -1 76 -1 #SUP: 188
67 -1 62 -1 #SUP: 459
67 -1 62 -1 53 -1 #SUP: 161
67 -1 62 -1 54 -1 #SUP: 239
67 -1 62 -1 54 -1 53 -1 #SUP: 139
67 -1 62 -1 54 -1 74 -1 #SUP: 138
67 -1 62 -1 54 -1 75 -1 #SUP: 130
67 -1 62 -1 54 -1 48 -1 #SUP: 114
67 -1 62 -1 55 -1 #SUP: 267
67 -1 62 -1 55 -1 54 -1 #SUP: 164
67 -1 62 -1 55 -1 74 -1 #SUP: 139
67 -1 62 -1 55 -1 75 -1 #SUP: 146
67 -1 62 -1 56 -1 #SUP: 140
67 -1 62 -1 57 -1 #SUP: 143
74 -1 72 -1 71 -1 #SUP: 127
67 -1 62 -1 59 -1 #SUP: 178
67 -1 62 -1 59 -1 57 -1 #SUP: 117
67 -1 62 -1 74 -1 #SUP: 203
67 -1 62 -1 74 -1 75 -1 #SUP: 144
67 -1 62 -1 60 -1 #SUP: 267
67 -1 62 -1 60 -1 53 -1 #SUP: 141
67 -1 62 -1 60 -1 54 -1 #SUP: 169
67 -1 62 -1 60 -1 54 -1 53 -1 #SUP: 125
67 -1 62 -1 60 -1 55 -1 #SUP: 172
67 -1 62 -1 60 -1 55 -1 54 -1 #SUP: 119
67 -1 62 -1 60 -1 56 -1 #SUP: 119
67 -1 62 -1 60 -1 57 -1 #SUP: 121
67 -1 62 -1 60 -1 59 -1 #SUP: 151
67 -1 62 -1 60 -1 74 -1 #SUP: 150
67 -1 62 -1 60 -1 75 -1 #SUP: 142
67 -1 62 -1 75 -1 #SUP: 229
67 -1 62 -1 61 -1 #SUP: 334
67 -1 62 -1 61 -1 53 -1 #SUP: 135
67 -1 62 -1 61 -1 54 -1 #SUP: 204
67 -1 62 -1 61 -1 54 -1 53 -1 #SUP: 121
67 -1 62 -1 61 -1 54 -1 74 -1 #SUP: 136
67 -1 62 -1 61 -1 54 -1 75 -1 #SUP: 122
67 -1 62 -1 61 -1 55 -1 #SUP: 209
67 -1 62 -1 61 -1 55 -1 54 -1 #SUP: 143
67 -1 62 -1 61 -1 55 -1 74 -1 #SUP: 132
67 -1 66 -1 61 -1 54 -1 81 -1 #SUP: 115
67 -1 62 -1 61 -1 55 -1 75 -1 #SUP: 127
70 -1 64 -1 61 -1 59 -1 57 -1 #SUP: 127
67 -1 62 -1 61 -1 56 -1 #SUP: 121
67 -1 62 -1 61 -1 57 -1 #SUP: 128
67 -1 62 -1 61 -1 59 -1 #SUP: 155
67 -1 62 -1 61 -1 74 -1 #SUP: 179
67 -1 62 -1 61 -1 74 -1 75 -1 #SUP: 129
67 -1 62 -1 61 -1 60 -1 #SUP: 239
67 -1 62 -1 61 -1 60 -1 53 -1 #SUP: 123
72 -1 70 -1 61 -1 60 -1 59 -1 #SUP: 137
67 -1 62 -1 61 -1 60 -1 54 -1 #SUP: 154
67 -1 62 -1 61 -1 60 -1 55 -1 #SUP: 154
67 -1 62 -1 61 -1 60 -1 59 -1 #SUP: 138
67 -1 62 -1 61 -1 60 -1 74 -1 #SUP: 145
67 -1 62 -1 61 -1 60 -1 75 -1 #SUP: 137
67 -1 62 -1 61 -1 75 -1 #SUP: 182
67 -1 62 -1 61 -1 48 -1 #SUP: 125
67 -1 62 -1 61 -1 49 -1 #SUP: 115
67 -1 62 -1 48 -1 #SUP: 145
67 -1 62 -1 49 -1 #SUP: 160
67 -1 48 -1 #SUP: 362
67 -1 48 -1 81 -1 #SUP: 133
67 -1 48 -1 74 -1 #SUP: 181
67 -1 48 -1 75 -1 #SUP: 146
67 -1 91 -1 #SUP: 139
67 -1 77 -1 #SUP: 206
67 -1 63 -1 #SUP: 344
67 -1 63 -1 53 -1 #SUP: 144
67 -1 63 -1 54 -1 #SUP: 181
67 -1 63 -1 54 -1 53 -1 #SUP: 123
67 -1 63 -1 55 -1 #SUP: 150
67 -1 63 -1 56 -1 #SUP: 180
67 -1 63 -1 56 -1 54 -1 #SUP: 121
67 -1 63 -1 57 -1 #SUP: 189
67 -1 63 -1 57 -1 56 -1 #SUP: 143
67 -1 63 -1 59 -1 #SUP: 206
67 -1 63 -1 59 -1 54 -1 #SUP: 116
67 -1 63 -1 59 -1 56 -1 #SUP: 143
67 -1 63 -1 59 -1 57 -1 #SUP: 161
67 -1 63 -1 59 -1 57 -1 56 -1 #SUP: 130
67 -1 63 -1 74 -1 #SUP: 151
67 -1 63 -1 60 -1 #SUP: 257
67 -1 63 -1 60 -1 53 -1 #SUP: 132
67 -1 63 -1 60 -1 54 -1 #SUP: 150
67 -1 63 -1 60 -1 54 -1 53 -1 #SUP: 116
67 -1 63 -1 60 -1 55 -1 #SUP: 115
67 -1 63 -1 60 -1 56 -1 #SUP: 162
68 -1 66 -1 61 -1 75 -1 #SUP: 156
67 -1 63 -1 60 -1 57 -1 #SUP: 169
67 -1 63 -1 60 -1 57 -1 56 -1 #SUP: 132
67 -1 63 -1 60 -1 59 -1 #SUP: 190
67 -1 63 -1 60 -1 59 -1 56 -1 #SUP: 136
67 -1 63 -1 60 -1 59 -1 57 -1 #SUP: 153
67 -1 63 -1 60 -1 59 -1 57 -1 56 -1 #SUP: 124
67 -1 63 -1 60 -1 74 -1 #SUP: 133
67 -1 63 -1 75 -1 #SUP: 132
67 -1 63 -1 61 -1 #SUP: 291
67 -1 63 -1 61 -1 53 -1 #SUP: 119
67 -1 63 -1 61 -1 54 -1 #SUP: 154
67 -1 63 -1 61 -1 55 -1 #SUP: 131
67 -1 63 -1 61 -1 56 -1 #SUP: 158
67 -1 63 -1 61 -1 57 -1 #SUP: 168
67 -1 63 -1 61 -1 57 -1 56 -1 #SUP: 130
67 -1 63 -1 61 -1 59 -1 56 -1 #SUP: 128
67 -1 63 -1 61 -1 59 -1 57 -1 #SUP: 146
67 -1 63 -1 61 -1 59 -1 57 -1 56 -1 #SUP: 118
67 -1 63 -1 61 -1 74 -1 #SUP: 141
67 -1 63 -1 61 -1 60 -1 #SUP: 228
67 -1 63 -1 61 -1 60 -1 54 -1 #SUP: 130
67 -1 63 -1 61 -1 60 -1 57 -1 #SUP: 154
67 -1 63 -1 61 -1 60 -1 57 -1 56 -1 #SUP: 121
67 -1 63 -1 61 -1 60 -1 59 -1 #SUP: 172
67 -1 63 -1 61 -1 60 -1 59 -1 56 -1 #SUP: 124
67 -1 63 -1 61 -1 60 -1 59 -1 57 -1 56 -1 #SUP: 114
67 -1 63 -1 61 -1 60 -1 74 -1 #SUP: 127
67 -1 63 -1 61 -1 75 -1 #SUP: 122
67 -1 63 -1 62 -1 #SUP: 177
67 -1 63 -1 62 -1 59 -1 #SUP: 116
67 -1 63 -1 62 -1 60 -1 #SUP: 139
67 -1 63 -1 62 -1 61 -1 #SUP: 153
67 -1 63 -1 62 -1 61 -1 60 -1 #SUP: 134
67 -1 49 -1 #SUP: 281
67 -1 49 -1 75 -1 #SUP: 120
67 -1 49 -1 48 -1 #SUP: 132
67 -1 92 -1 #SUP: 170
67 -1 78 -1 #SUP: 174
67 -1 64 -1 #SUP: 321
67 -1 64 -1 53 -1 #SUP: 125
67 -1 64 -1 54 -1 #SUP: 147
67 -1 64 -1 55 -1 #SUP: 131
67 -1 64 -1 56 -1 #SUP: 166
67 -1 64 -1 57 -1 #SUP: 219
67 -1 64 -1 57 -1 54 -1 #SUP: 126
67 -1 64 -1 57 -1 56 -1 #SUP: 152
67 -1 64 -1 57 -1 74 -1 #SUP: 118
67 -1 64 -1 59 -1 #SUP: 198
67 -1 64 -1 59 -1 56 -1 #SUP: 136
67 -1 64 -1 59 -1 57 -1 #SUP: 170
67 -1 64 -1 59 -1 57 -1 56 -1 #SUP: 131
67 -1 64 -1 74 -1 #SUP: 147
67 -1 64 -1 60 -1 #SUP: 234
67 -1 64 -1 60 -1 54 -1 #SUP: 130
67 -1 64 -1 60 -1 56 -1 #SUP: 146
67 -1 64 -1 60 -1 57 -1 #SUP: 186
67 -1 64 -1 60 -1 57 -1 54 -1 #SUP: 114
67 -1 64 -1 60 -1 57 -1 56 -1 #SUP: 138
67 -1 64 -1 60 -1 59 -1 #SUP: 177
73 -1 63 -1 62 -1 #SUP: 152
67 -1 64 -1 60 -1 59 -1 57 -1 #SUP: 156
67 -1 64 -1 60 -1 59 -1 57 -1 56 -1 #SUP: 122
67 -1 64 -1 60 -1 74 -1 #SUP: 124
67 -1 64 -1 75 -1 #SUP: 126
67 -1 64 -1 61 -1 #SUP: 250
67 -1 64 -1 61 -1 54 -1 #SUP: 134
67 -1 64 -1 61 -1 55 -1 #SUP: 114
67 -1 64 -1 61 -1 56 -1 #SUP: 149
67 -1 64 -1 61 -1 57 -1 56 -1 #SUP: 138
67 -1 64 -1 61 -1 59 -1 #SUP: 175
67 -1 64 -1 61 -1 59 -1 56 -1 #SUP: 125
67 -1 64 -1 61 -1 59 -1 57 -1 #SUP: 155
67 -1 64 -1 61 -1 59 -1 57 -1 56 -1 #SUP: 121
67 -1 64 -1 61 -1 74 -1 #SUP: 136
67 -1 64 -1 61 -1 60 -1 #SUP: 204
67 -1 64 -1 61 -1 60 -1 54 -1 #SUP: 117
67 -1 64 -1 61 -1 60 -1 56 -1 #SUP: 130
67 -1 64 -1 61 -1 60 -1 57 -1 #SUP: 162
67 -1 64 -1 61 -1 60 -1 57 -1 56 -1 #SUP: 123
71 -1 70 -1 63 -1 59 -1 57 -1 56 -1 #SUP: 114
67 -1 64 -1 61 -1 60 -1 59 -1 #SUP: 159
67 -1 64 -1 61 -1 60 -1 59 -1 56 -1 #SUP: 115
67 -1 64 -1 61 -1 60 -1 59 -1 57 -1 #SUP: 142
67 -1 64 -1 61 -1 60 -1 74 -1 #SUP: 118
67 -1 64 -1 61 -1 75 -1 #SUP: 116
71 -1 67 -1 66 -1 65 -1 63 -1 60 -1 #SUP: 117
67 -1 64 -1 62 -1 #SUP: 164
67 -1 64 -1 62 -1 60 -1 #SUP: 127
67 -1 64 -1 62 -1 61 -1 60 -1 #SUP: 120
67 -1 64 -1 63 -1 #SUP: 200
67 -1 64 -1 63 -1 56 -1 #SUP: 132
67 -1 64 -1 63 -1 57 -1 #SUP: 156
67 -1 64 -1 63 -1 57 -1 56 -1 #SUP: 124
70 -1 67 -1 66 -1 65 -1 63 -1 61 -1 60 -1 #SUP: 119
67 -1 64 -1 63 -1 59 -1 #SUP: 153
67 -1 64 -1 63 -1 59 -1 56 -1 #SUP: 116
67 -1 64 -1 63 -1 59 -1 57 -1 #SUP: 139
67 -1 64 -1 63 -1 59 -1 57 -1 56 -1 #SUP: 114
67 -1 64 -1 63 -1 60 -1 #SUP: 173
67 -1 64 -1 63 -1 60 -1 56 -1 #SUP: 123
72 -1 67 -1 65 -1 60 -1 74 -1 #SUP: 120
67 -1 64 -1 63 -1 60 -1 57 -1 #SUP: 146
67 -1 64 -1 63 -1 60 -1 57 -1 56 -1 #SUP: 117
67 -1 64 -1 63 -1 60 -1 59 -1 #SUP: 148
67 -1 64 -1 63 -1 61 -1 #SUP: 183
67 -1 64 -1 63 -1 61 -1 56 -1 #SUP: 122
67 -1 64 -1 63 -1 61 -1 57 -1 #SUP: 144
67 -1 64 -1 63 -1 61 -1 57 -1 56 -1 #SUP: 115
67 -1 64 -1 63 -1 61 -1 59 -1 #SUP: 142
67 -1 64 -1 63 -1 61 -1 59 -1 57 -1 #SUP: 129
67 -1 64 -1 63 -1 61 -1 60 -1 #SUP: 161
67 -1 64 -1 63 -1 61 -1 60 -1 56 -1 #SUP: 115
67 -1 64 -1 63 -1 61 -1 60 -1 57 -1 #SUP: 136
67 -1 64 -1 63 -1 61 -1 60 -1 59 -1 #SUP: 139
67 -1 64 -1 63 -1 61 -1 60 -1 59 -1 57 -1 #SUP: 126
67 -1 64 -1 63 -1 62 -1 #SUP: 117
67 -1 50 -1 #SUP: 181
67 -1 93 -1 #SUP: 143
67 -1 65 -1 #SUP: 406
67 -1 65 -1 53 -1 #SUP: 169
67 -1 65 -1 54 -1 #SUP: 206
67 -1 65 -1 54 -1 53 -1 #SUP: 140
67 -1 65 -1 54 -1 74 -1 #SUP: 134
67 -1 65 -1 55 -1 #SUP: 168
67 -1 65 -1 56 -1 #SUP: 183
67 -1 65 -1 56 -1 54 -1 #SUP: 115
72 -1 66 -1 64 -1 60 -1 59 -1 56 -1 #SUP: 117
67 -1 65 -1 57 -1 #SUP: 205
67 -1 65 -1 57 -1 54 -1 #SUP: 123
71 -1 66 -1 65 -1 64 -1 63 -1 60 -1 57 -1 #SUP: 120
67 -1 65 -1 57 -1 56 -1 #SUP: 148
67 -1 65 -1 57 -1 74 -1 #SUP: 117
67 -1 65 -1 59 -1 #SUP: 267
67 -1 65 -1 59 -1 53 -1 #SUP: 129
67 -1 65 -1 59 -1 54 -1 #SUP: 161
67 -1 65 -1 59 -1 55 -1 #SUP: 125
67 -1 65 -1 59 -1 56 -1 #SUP: 162
67 -1 65 -1 59 -1 57 -1 #SUP: 180
67 -1 65 -1 59 -1 57 -1 56 -1 #SUP: 139
67 -1 65 -1 59 -1 74 -1 #SUP: 152
67 -1 65 -1 74 -1 #SUP: 197
67 -1 65 -1 60 -1 #SUP: 282
67 -1 65 -1 60 -1 53 -1 #SUP: 156
67 -1 65 -1 60 -1 54 -1 #SUP: 172
67 -1 65 -1 60 -1 54 -1 53 -1 #SUP: 131
67 -1 65 -1 60 -1 54 -1 74 -1 #SUP: 114
67 -1 65 -1 60 -1 55 -1 #SUP: 125
67 -1 65 -1 60 -1 56 -1 #SUP: 158
67 -1 65 -1 60 -1 57 -1 #SUP: 180
67 -1 65 -1 60 -1 57 -1 56 -1 #SUP: 134
67 -1 65 -1 60 -1 59 -1 #SUP: 223
67 -1 65 -1 60 -1 59 -1 53 -1 #SUP: 120
67 -1 65 -1 60 -1 59 -1 54 -1 #SUP: 138
67 -1 65 -1 60 -1 59 -1 56 -1 #SUP: 145
72 -1 71 -1 70 -1 64 -1 59 -1 #SUP: 133
67 -1 65 -1 60 -1 59 -1 57 -1 #SUP: 162
67 -1 65 -1 60 -1 59 -1 57 -1 56 -1 #SUP: 127
67 -1 65 -1 60 -1 59 -1 74 -1 #SUP: 131
67 -1 65 -1 60 -1 74 -1 #SUP: 157
67 -1 65 -1 75 -1 #SUP: 148
71 -1 63 -1 60 -1 59 -1 57 -1 #SUP: 145
67 -1 65 -1 61 -1 #SUP: 308
67 -1 65 -1 61 -1 53 -1 #SUP: 147
67 -1 65 -1 61 -1 54 -1 #SUP: 189
67 -1 65 -1 61 -1 54 -1 53 -1 #SUP: 132
67 -1 65 -1 61 -1 54 -1 74 -1 #SUP: 130
67 -1 65 -1 61 -1 55 -1 #SUP: 143
67 -1 65 -1 61 -1 56 -1 #SUP: 163
67 -1 65 -1 61 -1 57 -1 #SUP: 180
67 -1 65 -1 61 -1 57 -1 56 -1 #SUP: 137
67 -1 65 -1 61 -1 59 -1 #SUP: 226
67 -1 65 -1 61 -1 59 -1 54 -1 #SUP: 146
67 -1 65 -1 61 -1 59 -1 56 -1 #SUP: 146
67 -1 65 -1 61 -1 59 -1 57 -1 #SUP: 161
67 -1 65 -1 61 -1 59 -1 57 -1 56 -1 #SUP: 128
67 -1 65 -1 61 -1 59 -1 74 -1 #SUP: 141
67 -1 65 -1 61 -1 74 -1 #SUP: 179
67 -1 65 -1 61 -1 60 -1 #SUP: 246
67 -1 65 -1 61 -1 60 -1 53 -1 #SUP: 135
67 -1 65 -1 61 -1 60 -1 54 -1 #SUP: 159
67 -1 65 -1 61 -1 60 -1 54 -1 53 -1 #SUP: 123
67 -1 65 -1 61 -1 60 -1 55 -1 #SUP: 116
67 -1 65 -1 61 -1 60 -1 56 -1 #SUP: 143
67 -1 65 -1 61 -1 60 -1 57 -1 #SUP: 160
67 -1 65 -1 61 -1 60 -1 57 -1 56 -1 #SUP: 123
67 -1 65 -1 61 -1 60 -1 59 -1 #SUP: 194
67 -1 65 -1 61 -1 60 -1 59 -1 54 -1 #SUP: 126
67 -1 65 -1 61 -1 60 -1 59 -1 56 -1 #SUP: 131
67 -1 65 -1 61 -1 60 -1 59 -1 57 -1 #SUP: 145
67 -1 65 -1 61 -1 60 -1 59 -1 57 -1 56 -1 #SUP: 117
67 -1 65 -1 61 -1 60 -1 59 -1 74 -1 #SUP: 122
67 -1 65 -1 61 -1 60 -1 74 -1 #SUP: 148
67 -1 65 -1 61 -1 75 -1 #SUP: 131
67 -1 65 -1 62 -1 55 -1 #SUP: 122
67 -1 65 -1 62 -1 59 -1 #SUP: 147
67 -1 65 -1 62 -1 60 -1 #SUP: 154
67 -1 65 -1 62 -1 60 -1 59 -1 #SUP: 128
67 -1 65 -1 62 -1 61 -1 #SUP: 169
67 -1 65 -1 62 -1 61 -1 59 -1 #SUP: 134
67 -1 65 -1 62 -1 61 -1 60 -1 #SUP: 144
67 -1 65 -1 62 -1 61 -1 60 -1 59 -1 #SUP: 120
70 -1 67 -1 63 -1 61 -1 60 -1 56 -1 #SUP: 118
67 -1 65 -1 63 -1 #SUP: 221
67 -1 65 -1 63 -1 54 -1 #SUP: 118
67 -1 65 -1 63 -1 56 -1 #SUP: 143
67 -1 65 -1 63 -1 57 -1 #SUP: 153
67 -1 65 -1 63 -1 57 -1 56 -1 #SUP: 124
67 -1 65 -1 63 -1 59 -1 #SUP: 173
67 -1 65 -1 63 -1 59 -1 56 -1 #SUP: 132
67 -1 65 -1 63 -1 59 -1 57 -1 #SUP: 142
67 -1 65 -1 63 -1 59 -1 57 -1 56 -1 #SUP: 119
67 -1 65 -1 63 -1 60 -1 #SUP: 183
67 -1 65 -1 63 -1 60 -1 56 -1 #SUP: 133
67 -1 65 -1 63 -1 60 -1 57 -1 #SUP: 141
67 -1 65 -1 63 -1 60 -1 59 -1 #SUP: 161
67 -1 65 -1 63 -1 60 -1 59 -1 56 -1 #SUP: 126
67 -1 65 -1 63 -1 60 -1 59 -1 57 -1 #SUP: 135
67 -1 65 -1 63 -1 60 -1 59 -1 57 -1 56 -1 #SUP: 114
67 -1 65 -1 63 -1 61 -1 #SUP: 195
67 -1 65 -1 63 -1 61 -1 56 -1 #SUP: 129
67 -1 65 -1 63 -1 61 -1 57 -1 #SUP: 138
67 -1 65 -1 63 -1 61 -1 57 -1 56 -1 #SUP: 114
67 -1 65 -1 63 -1 61 -1 59 -1 #SUP: 153
67 -1 65 -1 63 -1 61 -1 59 -1 56 -1 #SUP: 119
67 -1 65 -1 63 -1 61 -1 59 -1 57 -1 #SUP: 129
67 -1 65 -1 63 -1 61 -1 60 -1 #SUP: 167
67 -1 65 -1 63 -1 61 -1 60 -1 56 -1 #SUP: 123
67 -1 65 -1 63 -1 61 -1 60 -1 57 -1 #SUP: 131
67 -1 65 -1 63 -1 61 -1 60 -1 59 -1 #SUP: 147
71 -1 66 -1 64 -1 63 -1 59 -1 #SUP: 142
67 -1 65 -1 63 -1 61 -1 60 -1 59 -1 56 -1 #SUP: 116
67 -1 65 -1 63 -1 61 -1 60 -1 59 -1 57 -1 #SUP: 125
67 -1 65 -1 63 -1 62 -1 #SUP: 129
67 -1 65 -1 64 -1 #SUP: 235
67 -1 65 -1 64 -1 54 -1 #SUP: 117
67 -1 65 -1 64 -1 56 -1 #SUP: 138
67 -1 65 -1 64 -1 57 -1 #SUP: 169
67 -1 65 -1 64 -1 57 -1 56 -1 #SUP: 130
67 -1 65 -1 64 -1 59 -1 #SUP: 173
67 -1 65 -1 64 -1 59 -1 56 -1 #SUP: 127
67 -1 65 -1 64 -1 59 -1 57 -1 #SUP: 150
67 -1 65 -1 64 -1 59 -1 57 -1 56 -1 #SUP: 122
67 -1 65 -1 64 -1 61 -1 57 -1 56 -1 #SUP: 121
67 -1 65 -1 64 -1 74 -1 #SUP: 118
67 -1 65 -1 64 -1 60 -1 #SUP: 179
67 -1 65 -1 64 -1 60 -1 56 -1 #SUP: 126
67 -1 65 -1 64 -1 60 -1 57 -1 #SUP: 149
67 -1 65 -1 64 -1 60 -1 57 -1 56 -1 #SUP: 120
67 -1 65 -1 64 -1 60 -1 59 -1 #SUP: 154
67 -1 65 -1 64 -1 60 -1 59 -1 56 -1 #SUP: 118
67 -1 65 -1 64 -1 60 -1 59 -1 57 -1 #SUP: 137
67 -1 65 -1 64 -1 60 -1 59 -1 57 -1 56 -1 #SUP: 114
67 -1 65 -1 64 -1 61 -1 #SUP: 190
67 -1 65 -1 64 -1 61 -1 56 -1 #SUP: 127
73 -1 70 -1 55 -1 #SUP: 131
67 -1 65 -1 64 -1 61 -1 57 -1 #SUP: 152
67 -1 65 -1 64 -1 61 -1 59 -1 #SUP: 154
67 -1 65 -1 64 -1 61 -1 59 -1 56 -1 #SUP: 117
67 -1 65 -1 64 -1 61 -1 59 -1 57 -1 #SUP: 138
67 -1 65 -1 64 -1 61 -1 60 -1 #SUP: 162
67 -1 65 -1 64 -1 61 -1 60 -1 56 -1 #SUP: 115
67 -1 65 -1 64 -1 61 -1 60 -1 57 -1 #SUP: 136
67 -1 65 -1 64 -1 61 -1 60 -1 59 -1 #SUP: 139
67 -1 65 -1 64 -1 61 -1 60 -1 59 -1 57 -1 #SUP: 126
67 -1 65 -1 64 -1 62 -1 #SUP: 130
67 -1 65 -1 64 -1 63 -1 #SUP: 161
67 -1 65 -1 64 -1 63 -1 56 -1 #SUP: 116
67 -1 65 -1 64 -1 63 -1 57 -1 #SUP: 133
67 -1 65 -1 64 -1 63 -1 59 -1 #SUP: 134
67 -1 65 -1 64 -1 63 -1 59 -1 57 -1 #SUP: 124
67 -1 65 -1 64 -1 63 -1 60 -1 #SUP: 143
67 -1 65 -1 64 -1 63 -1 60 -1 57 -1 #SUP: 126
67 -1 65 -1 64 -1 63 -1 60 -1 59 -1 #SUP: 130
73 -1 72 -1 67 -1 61 -1 60 -1 59 -1 #SUP: 119
67 -1 65 -1 64 -1 63 -1 60 -1 59 -1 57 -1 #SUP: 121
67 -1 65 -1 64 -1 63 -1 61 -1 #SUP: 148
67 -1 65 -1 64 -1 63 -1 61 -1 57 -1 #SUP: 123
67 -1 65 -1 64 -1 63 -1 61 -1 59 -1 #SUP: 124
67 -1 65 -1 64 -1 63 -1 61 -1 59 -1 57 -1 #SUP: 115
67 -1 65 -1 64 -1 63 -1 61 -1 60 -1 #SUP: 133
67 -1 65 -1 64 -1 63 -1 61 -1 60 -1 57 -1 #SUP: 118
67 -1 65 -1 64 -1 63 -1 61 -1 60 -1 59 -1 #SUP: 122
67 -1 65 -1 52 -1 #SUP: 126
67 -1 66 -1 65 -1 64 -1 61 -1 57 -1 #SUP: 144
67 -1 51 -1 #SUP: 139
67 -1 94 -1 #SUP: 170
67 -1 80 -1 #SUP: 118
67 -1 66 -1 #SUP: 608
67 -1 66 -1 81 -1 #SUP: 169
67 -1 66 -1 53 -1 #SUP: 305
67 -1 66 -1 53 -1 81 -1 #SUP: 143
72 -1 63 -1 61 -1 59 -1 #SUP: 153
67 -1 66 -1 53 -1 74 -1 #SUP: 187
67 -1 66 -1 53 -1 75 -1 #SUP: 121
67 -1 66 -1 53 -1 48 -1 #SUP: 144
67 -1 66 -1 54 -1 #SUP: 342
67 -1 66 -1 54 -1 81 -1 #SUP: 127
67 -1 66 -1 54 -1 53 -1 #SUP: 249
67 -1 66 -1 54 -1 53 -1 81 -1 #SUP: 115
72 -1 67 -1 61 -1 53 -1 #SUP: 122
67 -1 66 -1 54 -1 53 -1 74 -1 #SUP: 158
67 -1 66 -1 54 -1 53 -1 48 -1 #SUP: 132
67 -1 66 -1 54 -1 74 -1 #SUP: 207
67 -1 66 -1 54 -1 75 -1 #SUP: 147
67 -1 66 -1 54 -1 48 -1 #SUP: 167
67 -1 66 -1 69 -1 #SUP: 114
67 -1 66 -1 55 -1 #SUP: 260
67 -1 66 -1 55 -1 53 -1 #SUP: 128
67 -1 66 -1 55 -1 54 -1 #SUP: 167
67 -1 66 -1 55 -1 54 -1 53 -1 #SUP: 120
67 -1 66 -1 55 -1 74 -1 #SUP: 142
67 -1 66 -1 55 -1 75 -1 #SUP: 136
67 -1 66 -1 56 -1 #SUP: 226
67 -1 66 -1 56 -1 53 -1 #SUP: 129
67 -1 66 -1 56 -1 54 -1 #SUP: 154
67 -1 66 -1 56 -1 54 -1 53 -1 #SUP: 119
71 -1 70 -1 65 -1 60 -1 56 -1 #SUP: 121
67 -1 66 -1 56 -1 55 -1 #SUP: 129
72 -1 70 -1 67 -1 65 -1 61 -1 60 -1 #SUP: 125
67 -1 66 -1 56 -1 74 -1 #SUP: 126
67 -1 66 -1 57 -1 #SUP: 239
67 -1 66 -1 57 -1 53 -1 #SUP: 123
72 -1 70 -1 64 -1 63 -1 60 -1 #SUP: 126
67 -1 66 -1 57 -1 54 -1 #SUP: 147
67 -1 66 -1 57 -1 56 -1 #SUP: 164
67 -1 66 -1 73 -1 #SUP: 120
67 -1 66 -1 59 -1 #SUP: 272
67 -1 66 -1 59 -1 53 -1 #SUP: 140
67 -1 66 -1 59 -1 54 -1 #SUP: 169
67 -1 66 -1 59 -1 54 -1 53 -1 #SUP: 122
67 -1 66 -1 59 -1 55 -1 #SUP: 129
67 -1 66 -1 59 -1 56 -1 #SUP: 171
67 -1 66 -1 59 -1 56 -1 54 -1 #SUP: 114
67 -1 66 -1 59 -1 57 -1 #SUP: 185
67 -1 66 -1 59 -1 57 -1 54 -1 #SUP: 115
67 -1 66 -1 59 -1 57 -1 56 -1 #SUP: 143
67 -1 66 -1 59 -1 74 -1 #SUP: 152
67 -1 66 -1 74 -1 #SUP: 299
67 -1 66 -1 74 -1 75 -1 #SUP: 159
67 -1 66 -1 60 -1 #SUP: 436
67 -1 66 -1 60 -1 81 -1 #SUP: 147
67 -1 66 -1 60 -1 53 -1 #SUP: 274
67 -1 66 -1 60 -1 53 -1 81 -1 #SUP: 128
67 -1 66 -1 60 -1 53 -1 74 -1 #SUP: 174
67 -1 66 -1 60 -1 53 -1 75 -1 #SUP: 117
67 -1 66 -1 60 -1 53 -1 48 -1 #SUP: 131
67 -1 66 -1 60 -1 54 -1 #SUP: 289
67 -1 66 -1 60 -1 54 -1 53 -1 #SUP: 228
67 -1 66 -1 60 -1 54 -1 53 -1 74 -1 #SUP: 149
67 -1 66 -1 60 -1 54 -1 53 -1 48 -1 #SUP: 124
67 -1 66 -1 60 -1 54 -1 74 -1 #SUP: 184
67 -1 66 -1 60 -1 54 -1 75 -1 #SUP: 129
67 -1 66 -1 60 -1 54 -1 48 -1 #SUP: 140
67 -1 66 -1 60 -1 55 -1 #SUP: 204
67 -1 66 -1 60 -1 55 -1 53 -1 #SUP: 117
67 -1 66 -1 60 -1 55 -1 54 -1 #SUP: 141
67 -1 66 -1 60 -1 55 -1 74 -1 #SUP: 127
67 -1 66 -1 60 -1 56 -1 #SUP: 200
67 -1 66 -1 60 -1 56 -1 54 -1 #SUP: 139
67 -1 66 -1 60 -1 56 -1 74 -1 #SUP: 116
67 -1 66 -1 60 -1 57 -1 #SUP: 214
67 -1 66 -1 60 -1 57 -1 54 -1 #SUP: 135
67 -1 66 -1 60 -1 57 -1 56 -1 #SUP: 151
67 -1 66 -1 60 -1 57 -1 74 -1 #SUP: 118
67 -1 66 -1 60 -1 59 -1 #SUP: 244
67 -1 66 -1 60 -1 59 -1 53 -1 #SUP: 133
67 -1 66 -1 60 -1 59 -1 54 -1 #SUP: 156
67 -1 66 -1 60 -1 59 -1 54 -1 53 -1 #SUP: 117
67 -1 66 -1 60 -1 59 -1 55 -1 #SUP: 117
67 -1 66 -1 60 -1 59 -1 56 -1 #SUP: 158
67 -1 66 -1 60 -1 59 -1 57 -1 #SUP: 172
67 -1 66 -1 60 -1 59 -1 57 -1 56 -1 #SUP: 134
67 -1 66 -1 60 -1 59 -1 74 -1 #SUP: 140
67 -1 66 -1 60 -1 74 -1 #SUP: 248
67 -1 66 -1 60 -1 74 -1 75 -1 #SUP: 134
67 -1 66 -1 60 -1 75 -1 #SUP: 187
67 -1 66 -1 60 -1 48 -1 #SUP: 173
67 -1 66 -1 60 -1 52 -1 #SUP: 117
67 -1 66 -1 75 -1 #SUP: 238
67 -1 66 -1 61 -1 #SUP: 451
67 -1 66 -1 61 -1 81 -1 #SUP: 140
67 -1 66 -1 61 -1 53 -1 #SUP: 254
67 -1 66 -1 61 -1 53 -1 81 -1 #SUP: 125
67 -1 66 -1 61 -1 53 -1 74 -1 #SUP: 173
67 -1 66 -1 61 -1 53 -1 75 -1 #SUP: 114
67 -1 66 -1 61 -1 53 -1 48 -1 #SUP: 130
67 -1 66 -1 61 -1 54 -1 #SUP: 291
67 -1 66 -1 61 -1 54 -1 53 -1 #SUP: 220
67 -1 66 -1 61 -1 54 -1 53 -1 74 -1 #SUP: 153
67 -1 66 -1 61 -1 54 -1 53 -1 48 -1 #SUP: 123
67 -1 66 -1 61 -1 54 -1 74 -1 #SUP: 197
67 -1 66 -1 61 -1 54 -1 75 -1 #SUP: 141
67 -1 66 -1 61 -1 54 -1 48 -1 #SUP: 153
67 -1 66 -1 61 -1 55 -1 #SUP: 209
67 -1 66 -1 61 -1 55 -1 54 -1 #SUP: 147
67 -1 66 -1 61 -1 55 -1 74 -1 #SUP: 134
67 -1 66 -1 61 -1 55 -1 75 -1 #SUP: 121
67 -1 66 -1 61 -1 56 -1 #SUP: 190
67 -1 66 -1 61 -1 56 -1 54 -1 #SUP: 133
67 -1 66 -1 61 -1 56 -1 74 -1 #SUP: 118
67 -1 66 -1 61 -1 57 -1 #SUP: 204
67 -1 66 -1 61 -1 57 -1 54 -1 #SUP: 131
67 -1 66 -1 61 -1 57 -1 56 -1 #SUP: 147
67 -1 66 -1 61 -1 57 -1 74 -1 #SUP: 122
67 -1 66 -1 61 -1 59 -1 #SUP: 225
67 -1 66 -1 61 -1 59 -1 53 -1 #SUP: 115
67 -1 66 -1 61 -1 59 -1 54 -1 #SUP: 145
67 -1 66 -1 61 -1 59 -1 56 -1 #SUP: 148
67 -1 66 -1 61 -1 59 -1 57 -1 #SUP: 165
67 -1 66 -1 61 -1 59 -1 57 -1 56 -1 #SUP: 130
67 -1 66 -1 61 -1 59 -1 74 -1 #SUP: 141
67 -1 66 -1 61 -1 74 -1 #SUP: 261
67 -1 66 -1 61 -1 74 -1 75 -1 #SUP: 145
67 -1 66 -1 61 -1 60 -1 #SUP: 366
67 -1 66 -1 61 -1 60 -1 81 -1 #SUP: 125
67 -1 66 -1 61 -1 60 -1 53 -1 #SUP: 232
67 -1 66 -1 61 -1 60 -1 53 -1 74 -1 #SUP: 165
67 -1 66 -1 61 -1 60 -1 53 -1 48 -1 #SUP: 123
67 -1 66 -1 61 -1 60 -1 54 -1 #SUP: 256
67 -1 66 -1 61 -1 60 -1 54 -1 53 -1 #SUP: 204
67 -1 66 -1 61 -1 60 -1 54 -1 53 -1 74 -1 #SUP: 146
67 -1 66 -1 61 -1 60 -1 54 -1 53 -1 48 -1 #SUP: 117
67 -1 66 -1 61 -1 60 -1 54 -1 74 -1 #SUP: 181
67 -1 66 -1 61 -1 60 -1 54 -1 75 -1 #SUP: 126
67 -1 66 -1 61 -1 60 -1 54 -1 48 -1 #SUP: 132
67 -1 66 -1 61 -1 60 -1 55 -1 #SUP: 180
67 -1 66 -1 61 -1 60 -1 55 -1 54 -1 #SUP: 127
72 -1 71 -1 70 -1 64 -1 57 -1 #SUP: 130
67 -1 66 -1 61 -1 60 -1 55 -1 74 -1 #SUP: 123
67 -1 66 -1 61 -1 60 -1 56 -1 #SUP: 172
67 -1 66 -1 61 -1 60 -1 56 -1 54 -1 #SUP: 121
67 -1 66 -1 61 -1 60 -1 57 -1 #SUP: 184
67 -1 66 -1 61 -1 60 -1 57 -1 54 -1 #SUP: 119
67 -1 66 -1 61 -1 60 -1 57 -1 56 -1 #SUP: 133
72 -1 71 -1 70 -1 60 -1 59 -1 57 -1 #SUP: 118
67 -1 66 -1 61 -1 60 -1 59 -1 #SUP: 206
67 -1 66 -1 61 -1 60 -1 59 -1 54 -1 #SUP: 135
67 -1 66 -1 61 -1 60 -1 59 -1 56 -1 #SUP: 137
67 -1 66 -1 61 -1 60 -1 59 -1 57 -1 #SUP: 152
67 -1 66 -1 61 -1 60 -1 59 -1 57 -1 56 -1 #SUP: 121
67 -1 66 -1 61 -1 60 -1 59 -1 74 -1 #SUP: 131
67 -1 66 -1 61 -1 60 -1 74 -1 #SUP: 230
67 -1 66 -1 61 -1 60 -1 74 -1 75 -1 #SUP: 130
67 -1 66 -1 62 -1 61 -1 59 -1 #SUP: 136
67 -1 66 -1 61 -1 60 -1 75 -1 #SUP: 179
67 -1 66 -1 61 -1 60 -1 48 -1 #SUP: 160
67 -1 66 -1 61 -1 75 -1 #SUP: 208
67 -1 66 -1 61 -1 48 -1 #SUP: 185
67 -1 66 -1 61 -1 48 -1 74 -1 #SUP: 117
67 -1 66 -1 62 -1 #SUP: 285
67 -1 66 -1 62 -1 53 -1 #SUP: 133
67 -1 66 -1 62 -1 54 -1 #SUP: 171
67 -1 66 -1 62 -1 54 -1 53 -1 #SUP: 119
67 -1 66 -1 62 -1 54 -1 74 -1 #SUP: 115
67 -1 66 -1 62 -1 55 -1 #SUP: 177
67 -1 66 -1 62 -1 55 -1 54 -1 #SUP: 122
67 -1 66 -1 62 -1 55 -1 74 -1 #SUP: 114
67 -1 66 -1 62 -1 56 -1 #SUP: 122
67 -1 66 -1 62 -1 57 -1 #SUP: 130
67 -1 66 -1 62 -1 59 -1 #SUP: 149
67 -1 66 -1 62 -1 74 -1 #SUP: 157
67 -1 66 -1 62 -1 60 -1 #SUP: 224
67 -1 66 -1 62 -1 60 -1 53 -1 #SUP: 124
67 -1 66 -1 62 -1 60 -1 54 -1 #SUP: 149
67 -1 66 -1 62 -1 60 -1 55 -1 #SUP: 151
67 -1 66 -1 62 -1 60 -1 57 -1 #SUP: 117
67 -1 66 -1 62 -1 60 -1 59 -1 #SUP: 135
67 -1 66 -1 62 -1 60 -1 74 -1 #SUP: 140
67 -1 66 -1 62 -1 60 -1 75 -1 #SUP: 128
67 -1 66 -1 62 -1 75 -1 #SUP: 154
71 -1 67 -1 60 -1 59 -1 #SUP: 158
67 -1 66 -1 62 -1 61 -1 #SUP: 237
67 -1 66 -1 62 -1 61 -1 53 -1 #SUP: 114
67 -1 66 -1 62 -1 61 -1 54 -1 #SUP: 155
67 -1 66 -1 62 -1 61 -1 55 -1 #SUP: 154
67 -1 66 -1 62 -1 61 -1 57 -1 #SUP: 119
67 -1 66 -1 62 -1 61 -1 74 -1 #SUP: 147
67 -1 66 -1 62 -1 61 -1 60 -1 #SUP: 203
67 -1 66 -1 62 -1 61 -1 60 -1 54 -1 #SUP: 138
67 -1 66 -1 62 -1 61 -1 60 -1 55 -1 #SUP: 137
67 -1 66 -1 62 -1 61 -1 60 -1 59 -1 #SUP: 125
67 -1 66 -1 62 -1 61 -1 60 -1 74 -1 #SUP: 135
67 -1 66 -1 62 -1 61 -1 60 -1 75 -1 #SUP: 125
67 -1 66 -1 48 -1 #SUP: 212
67 -1 66 -1 48 -1 74 -1 #SUP: 124
67 -1 66 -1 63 -1 #SUP: 249
67 -1 66 -1 63 -1 53 -1 #SUP: 128
71 -1 66 -1 65 -1 63 -1 59 -1 57 -1 #SUP: 132
67 -1 66 -1 63 -1 54 -1 #SUP: 150
67 -1 66 -1 63 -1 55 -1 #SUP: 115
67 -1 66 -1 63 -1 56 -1 #SUP: 165
67 -1 66 -1 63 -1 56 -1 54 -1 #SUP: 115
67 -1 66 -1 63 -1 57 -1 #SUP: 167
67 -1 66 -1 63 -1 57 -1 56 -1 #SUP: 134
67 -1 66 -1 63 -1 59 -1 #SUP: 172
67 -1 66 -1 63 -1 59 -1 56 -1 #SUP: 135
67 -1 66 -1 63 -1 59 -1 57 -1 #SUP: 146
67 -1 66 -1 63 -1 59 -1 57 -1 56 -1 #SUP: 123
67 -1 66 -1 63 -1 74 -1 #SUP: 131
67 -1 66 -1 63 -1 60 -1 #SUP: 217
67 -1 66 -1 63 -1 60 -1 53 -1 #SUP: 119
67 -1 66 -1 63 -1 60 -1 54 -1 #SUP: 139
67 -1 66 -1 63 -1 60 -1 56 -1 #SUP: 154
67 -1 66 -1 63 -1 60 -1 57 -1 #SUP: 157
67 -1 66 -1 63 -1 60 -1 57 -1 56 -1 #SUP: 127
67 -1 66 -1 63 -1 60 -1 59 -1 #SUP: 168
67 -1 66 -1 63 -1 60 -1 59 -1 56 -1 #SUP: 132
67 -1 66 -1 63 -1 60 -1 59 -1 57 -1 #SUP: 143
72 -1 67 -1 65 -1 63 -1 61 -1 #SUP: 141
67 -1 66 -1 63 -1 60 -1 59 -1 57 -1 56 -1 #SUP: 120
67 -1 66 -1 63 -1 60 -1 74 -1 #SUP: 124
73 -1 66 -1 61 -1 60 -1 57 -1 #SUP: 115
67 -1 66 -1 63 -1 61 -1 #SUP: 219
67 -1 66 -1 63 -1 61 -1 54 -1 #SUP: 128
67 -1 66 -1 63 -1 61 -1 56 -1 #SUP: 146
67 -1 66 -1 63 -1 61 -1 57 -1 #SUP: 150
67 -1 66 -1 63 -1 61 -1 57 -1 56 -1 #SUP: 122
67 -1 66 -1 63 -1 61 -1 59 -1 #SUP: 155
67 -1 66 -1 63 -1 61 -1 59 -1 56 -1 #SUP: 122
67 -1 66 -1 63 -1 61 -1 59 -1 57 -1 #SUP: 134
67 -1 66 -1 63 -1 61 -1 74 -1 #SUP: 123
67 -1 66 -1 63 -1 61 -1 60 -1 #SUP: 190
67 -1 66 -1 63 -1 61 -1 60 -1 54 -1 #SUP: 121
67 -1 66 -1 63 -1 61 -1 60 -1 57 -1 #SUP: 143
67 -1 66 -1 63 -1 61 -1 60 -1 57 -1 56 -1 #SUP: 116
67 -1 66 -1 63 -1 61 -1 60 -1 59 -1 #SUP: 153
67 -1 66 -1 63 -1 61 -1 60 -1 59 -1 56 -1 #SUP: 120
67 -1 66 -1 63 -1 61 -1 60 -1 59 -1 57 -1 #SUP: 132
67 -1 66 -1 63 -1 61 -1 60 -1 74 -1 #SUP: 118
67 -1 66 -1 63 -1 62 -1 #SUP: 133
67 -1 66 -1 63 -1 62 -1 60 -1 #SUP: 119
67 -1 66 -1 49 -1 #SUP: 147
67 -1 66 -1 64 -1 #SUP: 254
67 -1 66 -1 64 -1 54 -1 #SUP: 132
67 -1 66 -1 64 -1 56 -1 #SUP: 150
67 -1 66 -1 64 -1 57 -1 #SUP: 187
67 -1 66 -1 64 -1 57 -1 54 -1 #SUP: 116
67 -1 66 -1 64 -1 57 -1 56 -1 #SUP: 141
67 -1 66 -1 64 -1 59 -1 #SUP: 172
67 -1 66 -1 64 -1 59 -1 56 -1 #SUP: 131
67 -1 66 -1 64 -1 59 -1 57 -1 #SUP: 155
70 -1 64 -1 63 -1 60 -1 59 -1 #SUP: 146
67 -1 66 -1 64 -1 59 -1 57 -1 56 -1 #SUP: 126
67 -1 66 -1 64 -1 60 -1 #SUP: 196
67 -1 66 -1 64 -1 60 -1 56 -1 #SUP: 137
67 -1 66 -1 64 -1 60 -1 57 -1 #SUP: 167
67 -1 66 -1 64 -1 60 -1 57 -1 56 -1 #SUP: 131
67 -1 66 -1 64 -1 60 -1 59 -1 #SUP: 155
67 -1 66 -1 64 -1 60 -1 59 -1 56 -1 #SUP: 122
67 -1 66 -1 64 -1 60 -1 59 -1 57 -1 #SUP: 143
67 -1 66 -1 64 -1 60 -1 59 -1 57 -1 56 -1 #SUP: 118
67 -1 66 -1 64 -1 60 -1 74 -1 #SUP: 117
67 -1 66 -1 64 -1 61 -1 #SUP: 201
67 -1 66 -1 64 -1 61 -1 54 -1 #SUP: 122
67 -1 66 -1 64 -1 61 -1 56 -1 #SUP: 134
67 -1 66 -1 64 -1 61 -1 57 -1 #SUP: 164
67 -1 66 -1 64 -1 61 -1 57 -1 56 -1 #SUP: 128
67 -1 66 -1 64 -1 61 -1 59 -1 #SUP: 154
67 -1 66 -1 64 -1 61 -1 59 -1 56 -1 #SUP: 120
67 -1 66 -1 64 -1 61 -1 59 -1 57 -1 56 -1 #SUP: 116
67 -1 66 -1 64 -1 61 -1 74 -1 #SUP: 124
67 -1 66 -1 64 -1 61 -1 60 -1 #SUP: 172
67 -1 66 -1 64 -1 61 -1 60 -1 56 -1 #SUP: 122
67 -1 66 -1 64 -1 61 -1 60 -1 57 -1 #SUP: 148
67 -1 66 -1 64 -1 61 -1 60 -1 57 -1 56 -1 #SUP: 117
67 -1 66 -1 64 -1 61 -1 60 -1 59 -1 57 -1 #SUP: 131
67 -1 66 -1 64 -1 62 -1 #SUP: 131
67 -1 66 -1 64 -1 62 -1 61 -1 #SUP: 117
67 -1 66 -1 64 -1 63 -1 #SUP: 160
67 -1 66 -1 64 -1 63 -1 56 -1 #SUP: 124
67 -1 66 -1 64 -1 63 -1 57 -1 #SUP: 144
67 -1 66 -1 64 -1 63 -1 57 -1 56 -1 #SUP: 119
67 -1 66 -1 64 -1 63 -1 59 -1 #SUP: 134
67 -1 66 -1 64 -1 63 -1 59 -1 57 -1 #SUP: 130
67 -1 66 -1 64 -1 63 -1 60 -1 #SUP: 147
67 -1 66 -1 64 -1 63 -1 60 -1 56 -1 #SUP: 118
67 -1 66 -1 64 -1 63 -1 60 -1 57 -1 #SUP: 137
67 -1 66 -1 64 -1 63 -1 60 -1 57 -1 56 -1 #SUP: 114
67 -1 66 -1 64 -1 63 -1 60 -1 59 -1 #SUP: 131
67 -1 66 -1 64 -1 63 -1 60 -1 59 -1 57 -1 #SUP: 127
67 -1 66 -1 64 -1 63 -1 61 -1 #SUP: 148
67 -1 66 -1 64 -1 63 -1 61 -1 56 -1 #SUP: 114
67 -1 66 -1 64 -1 63 -1 61 -1 57 -1 #SUP: 133
67 -1 66 -1 64 -1 63 -1 61 -1 59 -1 #SUP: 125
67 -1 66 -1 64 -1 63 -1 61 -1 59 -1 57 -1 #SUP: 121
67 -1 66 -1 64 -1 63 -1 61 -1 60 -1 #SUP: 137
67 -1 66 -1 64 -1 63 -1 61 -1 60 -1 57 -1 #SUP: 128
67 -1 66 -1 64 -1 63 -1 61 -1 60 -1 59 -1 #SUP: 123
67 -1 66 -1 64 -1 63 -1 61 -1 60 -1 59 -1 57 -1 #SUP: 119
70 -1 67 -1 65 -1 64 -1 61 -1 57 -1 #SUP: 116
67 -1 66 -1 65 -1 #SUP: 314
67 -1 66 -1 65 -1 53 -1 #SUP: 155
67 -1 66 -1 65 -1 54 -1 #SUP: 177
67 -1 66 -1 65 -1 54 -1 53 -1 #SUP: 133
67 -1 66 -1 65 -1 54 -1 74 -1 #SUP: 119
72 -1 71 -1 67 -1 66 -1 61 -1 60 -1 #SUP: 134
67 -1 66 -1 65 -1 55 -1 #SUP: 134
67 -1 66 -1 65 -1 56 -1 #SUP: 162
67 -1 66 -1 65 -1 57 -1 #SUP: 183
67 -1 66 -1 65 -1 57 -1 56 -1 #SUP: 135
67 -1 66 -1 65 -1 59 -1 #SUP: 220
67 -1 66 -1 65 -1 59 -1 53 -1 #SUP: 119
67 -1 66 -1 65 -1 59 -1 54 -1 #SUP: 140
67 -1 66 -1 65 -1 59 -1 56 -1 #SUP: 148
67 -1 66 -1 65 -1 59 -1 57 -1 #SUP: 161
67 -1 66 -1 65 -1 59 -1 57 -1 56 -1 #SUP: 128
67 -1 66 -1 65 -1 59 -1 74 -1 #SUP: 134
67 -1 66 -1 65 -1 74 -1 #SUP: 172
67 -1 66 -1 65 -1 60 -1 #SUP: 248
67 -1 66 -1 65 -1 60 -1 53 -1 #SUP: 146
67 -1 66 -1 65 -1 60 -1 54 -1 #SUP: 161
67 -1 66 -1 65 -1 60 -1 54 -1 53 -1 #SUP: 127
67 -1 66 -1 65 -1 60 -1 55 -1 #SUP: 114
67 -1 66 -1 65 -1 60 -1 56 -1 #SUP: 148
71 -1 50 -1 #SUP: 138
67 -1 66 -1 65 -1 60 -1 57 -1 #SUP: 166
67 -1 66 -1 65 -1 60 -1 57 -1 56 -1 #SUP: 126
67 -1 66 -1 65 -1 60 -1 59 -1 #SUP: 201
67 -1 66 -1 65 -1 60 -1 59 -1 54 -1 #SUP: 130
67 -1 66 -1 65 -1 60 -1 59 -1 56 -1 #SUP: 139
67 -1 66 -1 65 -1 60 -1 59 -1 57 -1 #SUP: 150
67 -1 66 -1 65 -1 60 -1 59 -1 57 -1 56 -1 #SUP: 121
67 -1 66 -1 65 -1 60 -1 59 -1 74 -1 #SUP: 124
67 -1 66 -1 65 -1 60 -1 74 -1 #SUP: 149
67 -1 66 -1 65 -1 75 -1 #SUP: 127
67 -1 66 -1 65 -1 61 -1 #SUP: 248
67 -1 66 -1 65 -1 61 -1 53 -1 #SUP: 135
70 -1 66 -1 63 -1 60 -1 56 -1 #SUP: 145
67 -1 66 -1 65 -1 61 -1 54 -1 #SUP: 164
67 -1 66 -1 65 -1 61 -1 54 -1 53 -1 #SUP: 125
67 -1 66 -1 65 -1 61 -1 54 -1 74 -1 #SUP: 115
67 -1 66 -1 65 -1 61 -1 55 -1 #SUP: 120
67 -1 66 -1 65 -1 61 -1 56 -1 #SUP: 146
67 -1 66 -1 65 -1 61 -1 57 -1 #SUP: 163
67 -1 66 -1 65 -1 61 -1 57 -1 56 -1 #SUP: 125
67 -1 66 -1 65 -1 61 -1 59 -1 #SUP: 191
67 -1 66 -1 65 -1 61 -1 59 -1 54 -1 #SUP: 129
72 -1 66 -1 57 -1 56 -1 #SUP: 136
67 -1 66 -1 65 -1 61 -1 59 -1 56 -1 #SUP: 134
67 -1 66 -1 65 -1 61 -1 59 -1 57 -1 #SUP: 146
67 -1 66 -1 65 -1 61 -1 59 -1 57 -1 56 -1 #SUP: 118
67 -1 66 -1 65 -1 61 -1 59 -1 74 -1 #SUP: 126
67 -1 66 -1 65 -1 61 -1 74 -1 #SUP: 157
67 -1 66 -1 65 -1 61 -1 60 -1 #SUP: 215
67 -1 66 -1 65 -1 61 -1 60 -1 53 -1 #SUP: 127
67 -1 66 -1 65 -1 61 -1 60 -1 54 -1 #SUP: 150
67 -1 66 -1 65 -1 61 -1 60 -1 54 -1 53 -1 #SUP: 119
67 -1 66 -1 65 -1 61 -1 60 -1 56 -1 #SUP: 133
67 -1 66 -1 65 -1 61 -1 60 -1 57 -1 #SUP: 148
70 -1 64 -1 61 -1 59 -1 #SUP: 144
67 -1 66 -1 65 -1 61 -1 60 -1 57 -1 56 -1 #SUP: 115
67 -1 66 -1 65 -1 61 -1 60 -1 59 -1 #SUP: 175
67 -1 66 -1 65 -1 61 -1 60 -1 59 -1 54 -1 #SUP: 120
67 -1 66 -1 65 -1 61 -1 60 -1 59 -1 56 -1 #SUP: 125
67 -1 66 -1 65 -1 61 -1 60 -1 59 -1 57 -1 #SUP: 135
67 -1 66 -1 65 -1 61 -1 60 -1 59 -1 74 -1 #SUP: 116
67 -1 66 -1 65 -1 61 -1 60 -1 74 -1 #SUP: 140
67 -1 66 -1 65 -1 61 -1 75 -1 #SUP: 116
67 -1 66 -1 65 -1 62 -1 #SUP: 162
67 -1 66 -1 65 -1 62 -1 59 -1 #SUP: 126
67 -1 66 -1 65 -1 62 -1 60 -1 #SUP: 135
67 -1 66 -1 65 -1 62 -1 60 -1 59 -1 #SUP: 116
67 -1 66 -1 65 -1 62 -1 61 -1 60 -1 #SUP: 126
67 -1 66 -1 65 -1 63 -1 #SUP: 178
67 -1 66 -1 65 -1 63 -1 56 -1 #SUP: 133
67 -1 66 -1 65 -1 63 -1 57 -1 #SUP: 140
67 -1 66 -1 65 -1 63 -1 57 -1 56 -1 #SUP: 116
67 -1 66 -1 65 -1 63 -1 59 -1 #SUP: 150
67 -1 66 -1 65 -1 63 -1 59 -1 56 -1 #SUP: 124
67 -1 66 -1 65 -1 63 -1 59 -1 57 -1 #SUP: 130
67 -1 66 -1 65 -1 63 -1 60 -1 #SUP: 162
67 -1 66 -1 65 -1 63 -1 60 -1 56 -1 #SUP: 127
67 -1 66 -1 65 -1 63 -1 60 -1 57 -1 #SUP: 133
67 -1 66 -1 65 -1 63 -1 60 -1 59 -1 #SUP: 147
67 -1 66 -1 65 -1 63 -1 60 -1 59 -1 56 -1 #SUP: 122
67 -1 66 -1 65 -1 63 -1 60 -1 59 -1 57 -1 #SUP: 128
67 -1 66 -1 65 -1 63 -1 61 -1 #SUP: 162
67 -1 66 -1 65 -1 63 -1 61 -1 56 -1 #SUP: 121
67 -1 66 -1 65 -1 63 -1 61 -1 57 -1 #SUP: 128
67 -1 66 -1 65 -1 63 -1 61 -1 59 -1 #SUP: 136
67 -1 66 -1 65 -1 63 -1 61 -1 59 -1 57 -1 #SUP: 120
67 -1 66 -1 65 -1 63 -1 61 -1 60 -1 #SUP: 148
67 -1 66 -1 65 -1 63 -1 61 -1 60 -1 56 -1 #SUP: 117
67 -1 66 -1 65 -1 63 -1 61 -1 60 -1 57 -1 #SUP: 124
67 -1 66 -1 65 -1 63 -1 61 -1 60 -1 59 -1 #SUP: 135
72 -1 71 -1 70 -1 56 -1 #SUP: 130
67 -1 66 -1 65 -1 63 -1 61 -1 60 -1 59 -1 57 -1 #SUP: 119
67 -1 66 -1 65 -1 64 -1 #SUP: 202
67 -1 66 -1 65 -1 64 -1 56 -1 #SUP: 132
73 -1 68 -1 61 -1 74 -1 #SUP: 129
67 -1 66 -1 65 -1 64 -1 57 -1 #SUP: 157
67 -1 66 -1 65 -1 64 -1 57 -1 56 -1 #SUP: 125
67 -1 66 -1 65 -1 64 -1 59 -1 #SUP: 156
67 -1 66 -1 65 -1 64 -1 59 -1 56 -1 #SUP: 124
67 -1 66 -1 65 -1 64 -1 59 -1 57 -1 #SUP: 141
67 -1 66 -1 65 -1 64 -1 59 -1 57 -1 56 -1 #SUP: 119
67 -1 66 -1 65 -1 64 -1 60 -1 #SUP: 160
67 -1 66 -1 65 -1 64 -1 60 -1 56 -1 #SUP: 121
67 -1 66 -1 65 -1 64 -1 60 -1 57 -1 #SUP: 140
67 -1 66 -1 65 -1 64 -1 60 -1 57 -1 56 -1 #SUP: 116
67 -1 66 -1 65 -1 64 -1 60 -1 59 -1 #SUP: 141
67 -1 66 -1 65 -1 64 -1 60 -1 59 -1 56 -1 #SUP: 116
67 -1 66 -1 65 -1 64 -1 60 -1 59 -1 57 -1 #SUP: 130
67 -1 66 -1 65 -1 64 -1 61 -1 56 -1 #SUP: 121
67 -1 66 -1 65 -1 64 -1 61 -1 57 -1 56 -1 #SUP: 116
70 -1 67 -1 66 -1 61 -1 57 -1 56 -1 #SUP: 114
70 -1 68 -1 65 -1 59 -1 #SUP: 116
67 -1 66 -1 65 -1 64 -1 61 -1 59 -1 #SUP: 142
67 -1 66 -1 65 -1 64 -1 61 -1 59 -1 56 -1 #SUP: 114
67 -1 66 -1 65 -1 64 -1 61 -1 59 -1 57 -1 #SUP: 132
67 -1 66 -1 65 -1 64 -1 61 -1 60 -1 #SUP: 145
67 -1 66 -1 65 -1 64 -1 61 -1 60 -1 57 -1 #SUP: 129
67 -1 66 -1 65 -1 64 -1 61 -1 60 -1 59 -1 #SUP: 128
67 -1 66 -1 65 -1 64 -1 61 -1 60 -1 59 -1 57 -1 #SUP: 121
67 -1 66 -1 65 -1 64 -1 63 -1 #SUP: 137
72 -1 65 -1 64 -1 60 -1 57 -1 #SUP: 130
67 -1 66 -1 65 -1 64 -1 63 -1 57 -1 #SUP: 128
72 -1 71 -1 65 -1 64 -1 63 -1 59 -1 #SUP: 121
67 -1 66 -1 65 -1 64 -1 63 -1 59 -1 #SUP: 123
67 -1 66 -1 65 -1 64 -1 63 -1 59 -1 57 -1 #SUP: 120
67 -1 66 -1 65 -1 64 -1 63 -1 60 -1 #SUP: 128
67 -1 66 -1 65 -1 64 -1 63 -1 60 -1 57 -1 #SUP: 122
67 -1 66 -1 65 -1 64 -1 63 -1 60 -1 59 -1 #SUP: 121
67 -1 66 -1 65 -1 64 -1 63 -1 60 -1 59 -1 57 -1 #SUP: 118
67 -1 66 -1 65 -1 64 -1 63 -1 61 -1 #SUP: 129
67 -1 66 -1 65 -1 64 -1 63 -1 61 -1 57 -1 #SUP: 119
70 -1 64 -1 62 -1 60 -1 #SUP: 114
67 -1 66 -1 65 -1 64 -1 63 -1 61 -1 59 -1 #SUP: 115
67 -1 66 -1 65 -1 64 -1 63 -1 61 -1 60 -1 #SUP: 120
67 -1 66 -1 65 -1 64 -1 63 -1 61 -1 60 -1 57 -1 #SUP: 115
67 -1 66 -1 65 -1 64 -1 63 -1 61 -1 60 -1 59 -1 #SUP: 114
67 -1 66 -1 52 -1 #SUP: 139
67 -1 52 -1 #SUP: 199
68 -1 #SUP: 964
68 -1 81 -1 #SUP: 145
68 -1 67 -1 #SUP: 430
68 -1 67 -1 53 -1 #SUP: 163
68 -1 67 -1 54 -1 #SUP: 234
68 -1 67 -1 54 -1 53 -1 #SUP: 137
70 -1 67 -1 61 -1 60 -1 59 -1 #SUP: 150
68 -1 67 -1 54 -1 74 -1 #SUP: 145
68 -1 67 -1 54 -1 75 -1 #SUP: 134
68 -1 67 -1 54 -1 48 -1 #SUP: 116
68 -1 67 -1 55 -1 #SUP: 218
68 -1 67 -1 55 -1 54 -1 #SUP: 138
68 -1 67 -1 55 -1 74 -1 #SUP: 131
68 -1 67 -1 55 -1 75 -1 #SUP: 137
68 -1 67 -1 56 -1 #SUP: 134
68 -1 67 -1 57 -1 #SUP: 144
68 -1 67 -1 59 -1 #SUP: 167
68 -1 67 -1 59 -1 57 -1 #SUP: 116
68 -1 67 -1 74 -1 #SUP: 222
68 -1 67 -1 74 -1 75 -1 #SUP: 157
68 -1 67 -1 60 -1 #SUP: 254
68 -1 67 -1 60 -1 53 -1 #SUP: 145
68 -1 67 -1 60 -1 54 -1 #SUP: 168
68 -1 67 -1 60 -1 54 -1 53 -1 #SUP: 126
68 -1 67 -1 60 -1 54 -1 74 -1 #SUP: 117
68 -1 67 -1 60 -1 55 -1 #SUP: 147
68 -1 67 -1 60 -1 57 -1 #SUP: 125
68 -1 67 -1 60 -1 59 -1 #SUP: 144
68 -1 67 -1 60 -1 74 -1 75 -1 #SUP: 116
68 -1 67 -1 60 -1 75 -1 #SUP: 151
68 -1 67 -1 75 -1 #SUP: 229
68 -1 67 -1 61 -1 #SUP: 339
68 -1 67 -1 61 -1 53 -1 #SUP: 142
68 -1 67 -1 61 -1 54 -1 #SUP: 207
68 -1 67 -1 61 -1 54 -1 53 -1 #SUP: 122
68 -1 67 -1 61 -1 54 -1 74 -1 #SUP: 139
68 -1 67 -1 61 -1 54 -1 75 -1 #SUP: 130
68 -1 67 -1 61 -1 55 -1 #SUP: 184
68 -1 67 -1 61 -1 55 -1 54 -1 #SUP: 124
68 -1 67 -1 61 -1 55 -1 74 -1 #SUP: 121
68 -1 67 -1 61 -1 55 -1 75 -1 #SUP: 124
68 -1 67 -1 61 -1 56 -1 #SUP: 121
68 -1 67 -1 61 -1 57 -1 #SUP: 129
68 -1 67 -1 61 -1 59 -1 #SUP: 153
68 -1 67 -1 61 -1 74 -1 #SUP: 195
68 -1 67 -1 61 -1 74 -1 75 -1 #SUP: 142
68 -1 67 -1 61 -1 60 -1 #SUP: 231
68 -1 67 -1 61 -1 60 -1 53 -1 #SUP: 128
68 -1 67 -1 61 -1 60 -1 54 -1 #SUP: 153
68 -1 67 -1 61 -1 60 -1 55 -1 #SUP: 135
68 -1 67 -1 61 -1 60 -1 57 -1 #SUP: 116
68 -1 67 -1 61 -1 60 -1 59 -1 #SUP: 135
68 -1 67 -1 61 -1 60 -1 74 -1 #SUP: 148
68 -1 67 -1 61 -1 60 -1 74 -1 75 -1 #SUP: 114
68 -1 67 -1 61 -1 60 -1 75 -1 #SUP: 147
68 -1 67 -1 61 -1 75 -1 #SUP: 197
68 -1 67 -1 61 -1 48 -1 #SUP: 143
68 -1 67 -1 62 -1 #SUP: 266
68 -1 67 -1 62 -1 54 -1 #SUP: 162
68 -1 67 -1 62 -1 55 -1 #SUP: 178
68 -1 67 -1 62 -1 55 -1 54 -1 #SUP: 119
68 -1 67 -1 62 -1 55 -1 75 -1 #SUP: 116
68 -1 67 -1 62 -1 59 -1 #SUP: 125
68 -1 67 -1 62 -1 74 -1 #SUP: 144
68 -1 67 -1 62 -1 74 -1 75 -1 #SUP: 118
68 -1 67 -1 62 -1 60 -1 #SUP: 180
68 -1 67 -1 62 -1 60 -1 55 -1 #SUP: 124
68 -1 67 -1 62 -1 60 -1 74 -1 #SUP: 115
68 -1 65 -1 61 -1 60 -1 59 -1 #SUP: 119
68 -1 67 -1 62 -1 60 -1 75 -1 #SUP: 117
68 -1 67 -1 62 -1 75 -1 #SUP: 161
68 -1 67 -1 62 -1 61 -1 #SUP: 223
68 -1 67 -1 62 -1 61 -1 54 -1 #SUP: 141
68 -1 67 -1 62 -1 61 -1 55 -1 #SUP: 152
68 -1 67 -1 62 -1 61 -1 59 -1 #SUP: 115
68 -1 67 -1 62 -1 61 -1 74 -1 #SUP: 136
68 -1 67 -1 62 -1 61 -1 60 -1 #SUP: 167
68 -1 67 -1 62 -1 61 -1 60 -1 55 -1 #SUP: 115
68 -1 67 -1 62 -1 61 -1 60 -1 75 -1 #SUP: 114
68 -1 67 -1 62 -1 61 -1 75 -1 #SUP: 145
73 -1 72 -1 67 -1 61 -1 60 -1 #SUP: 151
68 -1 67 -1 48 -1 #SUP: 163
68 -1 67 -1 63 -1 #SUP: 160
68 -1 67 -1 63 -1 60 -1 #SUP: 130
68 -1 67 -1 63 -1 61 -1 #SUP: 148
68 -1 67 -1 63 -1 61 -1 60 -1 #SUP: 125
68 -1 67 -1 63 -1 62 -1 #SUP: 121
68 -1 67 -1 49 -1 #SUP: 116
68 -1 67 -1 64 -1 #SUP: 146
68 -1 67 -1 64 -1 57 -1 #SUP: 117
68 -1 67 -1 64 -1 60 -1 #SUP: 119
68 -1 67 -1 64 -1 61 -1 #SUP: 135
68 -1 67 -1 64 -1 61 -1 60 -1 #SUP: 115
68 -1 67 -1 65 -1 #SUP: 182
68 -1 67 -1 65 -1 57 -1 #SUP: 114
68 -1 67 -1 65 -1 59 -1 #SUP: 136
68 -1 67 -1 65 -1 60 -1 #SUP: 139
68 -1 67 -1 65 -1 60 -1 59 -1 #SUP: 120
72 -1 71 -1 60 -1 57 -1 56 -1 #SUP: 121
68 -1 67 -1 65 -1 61 -1 #SUP: 155
68 -1 67 -1 65 -1 61 -1 59 -1 #SUP: 126
68 -1 67 -1 65 -1 61 -1 60 -1 #SUP: 132
68 -1 67 -1 65 -1 62 -1 #SUP: 130
68 -1 67 -1 65 -1 62 -1 61 -1 #SUP: 115
68 -1 67 -1 66 -1 #SUP: 276
68 -1 67 -1 66 -1 53 -1 #SUP: 136
68 -1 67 -1 66 -1 54 -1 53 -1 #SUP: 119
68 -1 67 -1 66 -1 54 -1 74 -1 #SUP: 119
68 -1 67 -1 66 -1 56 -1 #SUP: 117
68 -1 67 -1 66 -1 59 -1 #SUP: 140
68 -1 67 -1 66 -1 74 -1 #SUP: 167
68 -1 67 -1 66 -1 74 -1 75 -1 #SUP: 125
68 -1 67 -1 66 -1 60 -1 #SUP: 216
68 -1 67 -1 66 -1 60 -1 53 -1 #SUP: 127
68 -1 67 -1 66 -1 60 -1 54 -1 #SUP: 149
68 -1 67 -1 66 -1 60 -1 54 -1 53 -1 #SUP: 115
68 -1 67 -1 66 -1 60 -1 55 -1 #SUP: 132
68 -1 67 -1 66 -1 60 -1 57 -1 #SUP: 118
68 -1 67 -1 66 -1 60 -1 59 -1 #SUP: 129
68 -1 67 -1 66 -1 60 -1 74 -1 #SUP: 144
68 -1 67 -1 66 -1 60 -1 75 -1 #SUP: 137
68 -1 67 -1 66 -1 75 -1 #SUP: 162
68 -1 67 -1 66 -1 61 -1 #SUP: 231
68 -1 67 -1 66 -1 61 -1 53 -1 #SUP: 120
71 -1 66 -1 65 -1 64 -1 61 -1 #SUP: 130
68 -1 67 -1 66 -1 61 -1 54 -1 #SUP: 154
68 -1 67 -1 66 -1 61 -1 54 -1 74 -1 #SUP: 114
68 -1 67 -1 66 -1 61 -1 57 -1 #SUP: 116
68 -1 67 -1 66 -1 61 -1 59 -1 #SUP: 128
68 -1 67 -1 66 -1 61 -1 74 -1 #SUP: 152
68 -1 67 -1 66 -1 61 -1 74 -1 75 -1 #SUP: 116
68 -1 67 -1 66 -1 61 -1 60 -1 #SUP: 197
68 -1 67 -1 66 -1 61 -1 60 -1 53 -1 #SUP: 115
68 -1 67 -1 66 -1 61 -1 60 -1 54 -1 #SUP: 138
68 -1 67 -1 66 -1 61 -1 60 -1 55 -1 #SUP: 122
68 -1 67 -1 66 -1 61 -1 60 -1 59 -1 #SUP: 120
68 -1 67 -1 66 -1 61 -1 60 -1 75 -1 #SUP: 133
68 -1 67 -1 66 -1 61 -1 75 -1 #SUP: 148
68 -1 67 -1 66 -1 62 -1 #SUP: 185
68 -1 67 -1 66 -1 62 -1 54 -1 #SUP: 118
68 -1 67 -1 66 -1 62 -1 55 -1 #SUP: 130
68 -1 67 -1 66 -1 62 -1 74 -1 #SUP: 118
68 -1 67 -1 66 -1 62 -1 60 -1 #SUP: 154
68 -1 67 -1 66 -1 62 -1 60 -1 55 -1 #SUP: 114
68 -1 67 -1 66 -1 62 -1 75 -1 #SUP: 126
68 -1 67 -1 66 -1 62 -1 61 -1 #SUP: 164
68 -1 67 -1 66 -1 62 -1 61 -1 55 -1 #SUP: 117
68 -1 67 -1 66 -1 62 -1 61 -1 60 -1 #SUP: 144
68 -1 67 -1 66 -1 63 -1 #SUP: 119
73 -1 67 -1 66 -1 56 -1 #SUP: 114
68 -1 67 -1 66 -1 63 -1 61 -1 #SUP: 114
68 -1 67 -1 66 -1 64 -1 #SUP: 119
68 -1 67 -1 66 -1 65 -1 #SUP: 149
68 -1 67 -1 66 -1 65 -1 60 -1 #SUP: 123
68 -1 67 -1 66 -1 65 -1 61 -1 #SUP: 130
68 -1 67 -1 66 -1 65 -1 61 -1 60 -1 #SUP: 116
68 -1 53 -1 #SUP: 222
68 -1 53 -1 74 -1 #SUP: 117
68 -1 53 -1 75 -1 #SUP: 117
68 -1 68 -1 #SUP: 148
68 -1 54 -1 #SUP: 294
68 -1 54 -1 53 -1 #SUP: 162
68 -1 54 -1 74 -1 #SUP: 160
68 -1 54 -1 75 -1 #SUP: 162
68 -1 54 -1 48 -1 #SUP: 147
68 -1 12 -1 #SUP: 143
68 -1 69 -1 #SUP: 114
68 -1 55 -1 #SUP: 377
68 -1 55 -1 53 -1 #SUP: 116
68 -1 55 -1 54 -1 #SUP: 171
68 -1 55 -1 74 -1 #SUP: 152
68 -1 55 -1 74 -1 75 -1 #SUP: 116
68 -1 55 -1 75 -1 #SUP: 201
68 -1 55 -1 48 -1 #SUP: 128
68 -1 55 -1 49 -1 #SUP: 139
68 -1 56 -1 #SUP: 180
68 -1 56 -1 55 -1 #SUP: 116
68 -1 57 -1 #SUP: 196
68 -1 57 -1 56 -1 #SUP: 118
68 -1 29 -1 #SUP: 140
68 -1 44 -1 #SUP: 142
68 -1 73 -1 #SUP: 140
68 -1 59 -1 #SUP: 238
68 -1 59 -1 55 -1 #SUP: 114
68 -1 59 -1 56 -1 #SUP: 116
68 -1 59 -1 57 -1 #SUP: 140
68 -1 59 -1 74 -1 #SUP: 114
68 -1 59 -1 75 -1 #SUP: 114
68 -1 74 -1 #SUP: 356
68 -1 74 -1 75 -1 #SUP: 240
68 -1 60 -1 #SUP: 331
68 -1 60 -1 53 -1 #SUP: 183
68 -1 60 -1 54 -1 #SUP: 190
68 -1 60 -1 54 -1 53 -1 #SUP: 146
68 -1 60 -1 54 -1 74 -1 #SUP: 122
68 -1 60 -1 55 -1 #SUP: 169
68 -1 60 -1 55 -1 54 -1 #SUP: 114
68 -1 60 -1 56 -1 #SUP: 132
68 -1 60 -1 57 -1 #SUP: 147
68 -1 60 -1 59 -1 #SUP: 171
68 -1 60 -1 59 -1 57 -1 #SUP: 121
68 -1 60 -1 74 -1 #SUP: 170
68 -1 60 -1 74 -1 75 -1 #SUP: 119
68 -1 60 -1 75 -1 #SUP: 176
68 -1 60 -1 48 -1 #SUP: 118
68 -1 75 -1 #SUP: 462
68 -1 61 -1 #SUP: 417
68 -1 61 -1 53 -1 #SUP: 160
68 -1 61 -1 54 -1 #SUP: 232
68 -1 61 -1 54 -1 53 -1 #SUP: 136
68 -1 61 -1 54 -1 74 -1 #SUP: 149
68 -1 61 -1 54 -1 75 -1 #SUP: 142
68 -1 61 -1 54 -1 48 -1 #SUP: 119
68 -1 61 -1 55 -1 #SUP: 209
68 -1 61 -1 55 -1 54 -1 #SUP: 138
68 -1 61 -1 55 -1 74 -1 #SUP: 129
70 -1 61 -1 59 -1 56 -1 #SUP: 135
68 -1 61 -1 55 -1 75 -1 #SUP: 138
68 -1 61 -1 56 -1 #SUP: 133
72 -1 71 -1 63 -1 61 -1 60 -1 59 -1 #SUP: 126
68 -1 61 -1 57 -1 #SUP: 141
72 -1 71 -1 63 -1 60 -1 57 -1 #SUP: 130
68 -1 61 -1 59 -1 #SUP: 165
68 -1 61 -1 59 -1 57 -1 #SUP: 115
68 -1 61 -1 74 -1 #SUP: 214
68 -1 61 -1 74 -1 75 -1 #SUP: 152
68 -1 61 -1 60 -1 #SUP: 258
68 -1 61 -1 60 -1 53 -1 #SUP: 142
72 -1 59 -1 54 -1 #SUP: 147
68 -1 61 -1 60 -1 54 -1 #SUP: 165
68 -1 61 -1 60 -1 54 -1 53 -1 #SUP: 124
72 -1 66 -1 63 -1 60 -1 57 -1 #SUP: 134
68 -1 61 -1 60 -1 54 -1 74 -1 #SUP: 117
68 -1 61 -1 60 -1 55 -1 #SUP: 143
68 -1 61 -1 60 -1 57 -1 #SUP: 125
68 -1 61 -1 60 -1 59 -1 #SUP: 144
68 -1 61 -1 60 -1 74 -1 #SUP: 155
68 -1 61 -1 60 -1 74 -1 75 -1 #SUP: 116
68 -1 61 -1 60 -1 75 -1 #SUP: 157
68 -1 61 -1 75 -1 #SUP: 229
68 -1 61 -1 48 -1 #SUP: 165
68 -1 76 -1 #SUP: 117
68 -1 62 -1 #SUP: 454
68 -1 62 -1 53 -1 #SUP: 130
68 -1 62 -1 54 -1 #SUP: 200
68 -1 62 -1 54 -1 74 -1 #SUP: 115
68 -1 62 -1 54 -1 75 -1 #SUP: 118
68 -1 62 -1 55 -1 #SUP: 272
68 -1 62 -1 55 -1 54 -1 #SUP: 143
68 -1 62 -1 55 -1 74 -1 #SUP: 127
68 -1 62 -1 55 -1 75 -1 #SUP: 153
68 -1 62 -1 56 -1 #SUP: 129
68 -1 62 -1 57 -1 #SUP: 139
68 -1 62 -1 59 -1 #SUP: 159
68 -1 62 -1 74 -1 #SUP: 174
68 -1 62 -1 74 -1 75 -1 #SUP: 133
68 -1 62 -1 60 -1 #SUP: 216
68 -1 62 -1 60 -1 54 -1 #SUP: 127
68 -1 62 -1 60 -1 55 -1 #SUP: 139
68 -1 62 -1 60 -1 59 -1 #SUP: 126
68 -1 62 -1 60 -1 74 -1 #SUP: 122
68 -1 62 -1 60 -1 75 -1 #SUP: 128
68 -1 62 -1 75 -1 #SUP: 232
68 -1 62 -1 61 -1 #SUP: 266
68 -1 62 -1 61 -1 54 -1 #SUP: 157
68 -1 62 -1 61 -1 55 -1 #SUP: 168
68 -1 62 -1 61 -1 55 -1 54 -1 #SUP: 116
68 -1 62 -1 61 -1 55 -1 74 -1 #SUP: 115
68 -1 62 -1 61 -1 55 -1 75 -1 #SUP: 117
68 -1 62 -1 61 -1 59 -1 #SUP: 124
68 -1 62 -1 61 -1 74 -1 #SUP: 146
68 -1 62 -1 61 -1 74 -1 75 -1 #SUP: 116
68 -1 62 -1 61 -1 60 -1 #SUP: 185
68 -1 62 -1 61 -1 60 -1 55 -1 #SUP: 121
68 -1 62 -1 61 -1 60 -1 74 -1 #SUP: 116
68 -1 62 -1 61 -1 60 -1 75 -1 #SUP: 121
68 -1 62 -1 61 -1 75 -1 #SUP: 161
68 -1 62 -1 48 -1 #SUP: 147
68 -1 62 -1 49 -1 #SUP: 155
68 -1 48 -1 #SUP: 255
68 -1 48 -1 75 -1 #SUP: 127
68 -1 77 -1 #SUP: 159
68 -1 63 -1 #SUP: 234
68 -1 63 -1 55 -1 #SUP: 118
68 -1 63 -1 56 -1 #SUP: 115
68 -1 63 -1 57 -1 #SUP: 130
68 -1 63 -1 59 -1 #SUP: 125
73 -1 72 -1 71 -1 66 -1 59 -1 #SUP: 126
68 -1 63 -1 60 -1 #SUP: 154
68 -1 63 -1 75 -1 #SUP: 114
72 -1 71 -1 64 -1 57 -1 56 -1 #SUP: 121
68 -1 63 -1 61 -1 #SUP: 173
68 -1 63 -1 61 -1 60 -1 #SUP: 138
68 -1 63 -1 62 -1 #SUP: 167
68 -1 63 -1 62 -1 60 -1 #SUP: 121
68 -1 63 -1 62 -1 61 -1 #SUP: 133
68 -1 49 -1 #SUP: 240
68 -1 92 -1 #SUP: 129
68 -1 78 -1 #SUP: 126
68 -1 64 -1 #SUP: 200
68 -1 64 -1 57 -1 #SUP: 144
68 -1 64 -1 59 -1 #SUP: 132
68 -1 64 -1 59 -1 57 -1 #SUP: 115
68 -1 64 -1 60 -1 #SUP: 138
68 -1 64 -1 60 -1 57 -1 #SUP: 116
72 -1 67 -1 65 -1 64 -1 60 -1 59 -1 #SUP: 117
68 -1 64 -1 61 -1 #SUP: 148
68 -1 64 -1 61 -1 60 -1 #SUP: 123
68 -1 64 -1 62 -1 #SUP: 141
68 -1 64 -1 63 -1 #SUP: 132
68 -1 64 -1 63 -1 61 -1 #SUP: 114
68 -1 50 -1 #SUP: 142
68 -1 93 -1 #SUP: 128
68 -1 65 -1 #SUP: 247
68 -1 65 -1 54 -1 #SUP: 116
68 -1 65 -1 55 -1 #SUP: 122
68 -1 65 -1 56 -1 #SUP: 119
68 -1 65 -1 57 -1 #SUP: 135
68 -1 65 -1 59 -1 #SUP: 173
68 -1 65 -1 59 -1 57 -1 #SUP: 119
68 -1 65 -1 60 -1 #SUP: 167
68 -1 65 -1 60 -1 57 -1 #SUP: 115
68 -1 65 -1 60 -1 59 -1 #SUP: 140
68 -1 65 -1 75 -1 #SUP: 117
68 -1 65 -1 61 -1 #SUP: 173
68 -1 65 -1 61 -1 59 -1 #SUP: 133
68 -1 65 -1 61 -1 60 -1 #SUP: 142
68 -1 65 -1 62 -1 #SUP: 170
68 -1 65 -1 62 -1 59 -1 #SUP: 128
68 -1 65 -1 62 -1 60 -1 #SUP: 122
68 -1 65 -1 62 -1 61 -1 #SUP: 130
68 -1 65 -1 63 -1 #SUP: 143
68 -1 65 -1 63 -1 61 -1 #SUP: 118
68 -1 65 -1 63 -1 62 -1 #SUP: 115
68 -1 65 -1 64 -1 #SUP: 146
68 -1 65 -1 64 -1 57 -1 #SUP: 116
68 -1 65 -1 64 -1 59 -1 #SUP: 116
68 -1 65 -1 64 -1 61 -1 #SUP: 114
68 -1 94 -1 #SUP: 147
68 -1 66 -1 #SUP: 366
68 -1 66 -1 53 -1 #SUP: 167
68 -1 66 -1 54 -1 #SUP: 189
68 -1 66 -1 54 -1 53 -1 #SUP: 132
68 -1 66 -1 54 -1 74 -1 #SUP: 122
68 -1 66 -1 55 -1 #SUP: 182
68 -1 66 -1 55 -1 54 -1 #SUP: 116
70 -1 67 -1 66 -1 65 -1 61 -1 60 -1 59 -1 #SUP: 123
68 -1 66 -1 55 -1 74 -1 #SUP: 114
68 -1 66 -1 55 -1 75 -1 #SUP: 117
68 -1 66 -1 56 -1 #SUP: 132
68 -1 66 -1 57 -1 #SUP: 146
68 -1 66 -1 59 -1 #SUP: 166
68 -1 66 -1 59 -1 57 -1 #SUP: 119
68 -1 66 -1 74 -1 #SUP: 182
68 -1 66 -1 74 -1 75 -1 #SUP: 130
68 -1 66 -1 60 -1 #SUP: 262
68 -1 66 -1 60 -1 53 -1 #SUP: 156
68 -1 66 -1 60 -1 54 -1 #SUP: 166
68 -1 66 -1 60 -1 54 -1 53 -1 #SUP: 128
68 -1 66 -1 60 -1 55 -1 #SUP: 149
68 -1 66 -1 60 -1 56 -1 #SUP: 120
68 -1 66 -1 60 -1 57 -1 #SUP: 135
68 -1 66 -1 60 -1 59 -1 #SUP: 151
68 -1 66 -1 60 -1 59 -1 57 -1 #SUP: 114
68 -1 66 -1 60 -1 74 -1 #SUP: 153
68 -1 66 -1 60 -1 75 -1 #SUP: 149
68 -1 66 -1 75 -1 #SUP: 183
68 -1 66 -1 61 -1 #SUP: 257
68 -1 66 -1 61 -1 53 -1 #SUP: 130
68 -1 66 -1 61 -1 54 -1 #SUP: 164
68 -1 66 -1 61 -1 54 -1 53 -1 #SUP: 114
68 -1 66 -1 61 -1 54 -1 74 -1 #SUP: 117
72 -1 66 -1 65 -1 59 -1 56 -1 #SUP: 132
68 -1 66 -1 61 -1 55 -1 #SUP: 144
68 -1 66 -1 61 -1 57 -1 #SUP: 121
68 -1 66 -1 61 -1 59 -1 #SUP: 137
68 -1 66 -1 61 -1 74 -1 #SUP: 160
70 -1 66 -1 54 -1 #SUP: 157
68 -1 66 -1 61 -1 74 -1 75 -1 #SUP: 119
68 -1 66 -1 61 -1 60 -1 #SUP: 213
68 -1 66 -1 61 -1 60 -1 53 -1 #SUP: 124
68 -1 66 -1 61 -1 60 -1 54 -1 #SUP: 146
68 -1 66 -1 61 -1 60 -1 55 -1 #SUP: 129
70 -1 66 -1 63 -1 61 -1 56 -1 #SUP: 123
68 -1 66 -1 61 -1 60 -1 57 -1 #SUP: 115
68 -1 66 -1 61 -1 60 -1 59 -1 #SUP: 129
68 -1 66 -1 61 -1 60 -1 74 -1 #SUP: 142
68 -1 66 -1 61 -1 60 -1 75 -1 #SUP: 137
68 -1 66 -1 62 -1 #SUP: 229
68 -1 66 -1 62 -1 54 -1 #SUP: 130
68 -1 66 -1 62 -1 55 -1 #SUP: 148
68 -1 66 -1 62 -1 59 -1 #SUP: 122
68 -1 66 -1 62 -1 74 -1 #SUP: 126
72 -1 71 -1 70 -1 64 -1 61 -1 #SUP: 126
68 -1 66 -1 62 -1 60 -1 #SUP: 177
68 -1 66 -1 62 -1 60 -1 55 -1 #SUP: 126
68 -1 66 -1 62 -1 75 -1 #SUP: 142
68 -1 66 -1 62 -1 61 -1 #SUP: 177
68 -1 66 -1 62 -1 61 -1 55 -1 #SUP: 121
68 -1 66 -1 62 -1 61 -1 74 -1 #SUP: 118
72 -1 71 -1 66 -1 65 -1 61 -1 60 -1 #SUP: 119
68 -1 66 -1 62 -1 61 -1 60 -1 #SUP: 151
68 -1 66 -1 62 -1 61 -1 75 -1 #SUP: 120
68 -1 66 -1 48 -1 #SUP: 124
68 -1 66 -1 63 -1 #SUP: 148
68 -1 66 -1 63 -1 60 -1 #SUP: 127
68 -1 66 -1 63 -1 61 -1 #SUP: 126
68 -1 66 -1 63 -1 61 -1 60 -1 #SUP: 114
68 -1 66 -1 63 -1 62 -1 #SUP: 114
68 -1 66 -1 64 -1 #SUP: 140
68 -1 66 -1 64 -1 57 -1 #SUP: 117
68 -1 66 -1 64 -1 60 -1 #SUP: 118
68 -1 66 -1 64 -1 61 -1 #SUP: 118
68 -1 66 -1 65 -1 #SUP: 179
68 -1 66 -1 65 -1 59 -1 #SUP: 130
68 -1 66 -1 65 -1 60 -1 #SUP: 140
68 -1 66 -1 65 -1 60 -1 59 -1 #SUP: 122
68 -1 66 -1 65 -1 61 -1 #SUP: 137
68 -1 66 -1 65 -1 61 -1 60 -1 #SUP: 120
68 -1 66 -1 65 -1 62 -1 #SUP: 125
68 -1 52 -1 #SUP: 139
69 -1 #SUP: 438
69 -1 58 -1 #SUP: 122
69 -1 74 -1 #SUP: 161
69 -1 75 -1 #SUP: 118
70 -1 #SUP: 837
70 -1 67 -1 #SUP: 369
70 -1 67 -1 53 -1 #SUP: 130
70 -1 67 -1 54 -1 #SUP: 173
70 -1 67 -1 55 -1 #SUP: 166
70 -1 67 -1 56 -1 #SUP: 166
70 -1 67 -1 57 -1 #SUP: 173
70 -1 67 -1 57 -1 56 -1 #SUP: 129
70 -1 67 -1 59 -1 #SUP: 186
70 -1 67 -1 59 -1 56 -1 #SUP: 133
70 -1 67 -1 59 -1 57 -1 #SUP: 146
70 -1 67 -1 59 -1 57 -1 56 -1 #SUP: 118
70 -1 67 -1 74 -1 #SUP: 165
70 -1 67 -1 60 -1 #SUP: 231
70 -1 67 -1 60 -1 53 -1 #SUP: 115
70 -1 67 -1 60 -1 54 -1 #SUP: 130
70 -1 67 -1 60 -1 55 -1 #SUP: 115
70 -1 67 -1 60 -1 56 -1 #SUP: 145
70 -1 67 -1 60 -1 57 -1 #SUP: 151
70 -1 67 -1 60 -1 57 -1 56 -1 #SUP: 117
70 -1 67 -1 60 -1 59 -1 #SUP: 161
70 -1 67 -1 60 -1 59 -1 56 -1 #SUP: 121
70 -1 67 -1 60 -1 59 -1 57 -1 #SUP: 135
70 -1 67 -1 60 -1 74 -1 #SUP: 120
70 -1 67 -1 75 -1 #SUP: 153
70 -1 67 -1 61 -1 #SUP: 283
70 -1 67 -1 61 -1 54 -1 #SUP: 156
70 -1 67 -1 61 -1 55 -1 #SUP: 137
70 -1 67 -1 61 -1 56 -1 #SUP: 151
70 -1 67 -1 61 -1 57 -1 #SUP: 155
70 -1 67 -1 61 -1 57 -1 56 -1 #SUP: 122
70 -1 67 -1 61 -1 59 -1 #SUP: 168
70 -1 67 -1 61 -1 59 -1 56 -1 #SUP: 125
70 -1 67 -1 61 -1 59 -1 57 -1 #SUP: 136
70 -1 67 -1 61 -1 74 -1 #SUP: 140
70 -1 67 -1 61 -1 60 -1 #SUP: 207
70 -1 67 -1 61 -1 60 -1 54 -1 #SUP: 120
70 -1 67 -1 61 -1 60 -1 56 -1 #SUP: 133
70 -1 67 -1 61 -1 60 -1 57 -1 #SUP: 139
70 -1 67 -1 61 -1 60 -1 59 -1 57 -1 #SUP: 126
70 -1 67 -1 61 -1 75 -1 #SUP: 125
73 -1 71 -1 64 -1 57 -1 #SUP: 120
70 -1 67 -1 62 -1 #SUP: 200
70 -1 67 -1 62 -1 55 -1 #SUP: 118
70 -1 67 -1 62 -1 59 -1 #SUP: 115
70 -1 67 -1 62 -1 61 -1 #SUP: 166
70 -1 67 -1 62 -1 61 -1 60 -1 #SUP: 133
70 -1 67 -1 63 -1 #SUP: 215
70 -1 67 -1 63 -1 56 -1 #SUP: 135
70 -1 67 -1 63 -1 57 -1 #SUP: 140
70 -1 67 -1 63 -1 59 -1 #SUP: 146
70 -1 67 -1 63 -1 59 -1 57 -1 #SUP: 127
70 -1 67 -1 63 -1 60 -1 #SUP: 169
70 -1 67 -1 63 -1 60 -1 56 -1 #SUP: 126
70 -1 67 -1 63 -1 60 -1 57 -1 #SUP: 127
70 -1 67 -1 63 -1 60 -1 59 -1 #SUP: 137
70 -1 67 -1 63 -1 60 -1 59 -1 57 -1 #SUP: 121
70 -1 67 -1 63 -1 61 -1 #SUP: 192
70 -1 67 -1 63 -1 61 -1 56 -1 #SUP: 125
72 -1 70 -1 75 -1 #SUP: 123
70 -1 67 -1 63 -1 61 -1 57 -1 #SUP: 130
70 -1 67 -1 63 -1 61 -1 59 -1 #SUP: 137
70 -1 67 -1 63 -1 61 -1 59 -1 57 -1 #SUP: 121
70 -1 67 -1 63 -1 61 -1 60 -1 #SUP: 159
70 -1 67 -1 63 -1 61 -1 60 -1 57 -1 #SUP: 121
70 -1 67 -1 63 -1 61 -1 60 -1 59 -1 #SUP: 131
70 -1 67 -1 63 -1 61 -1 60 -1 59 -1 57 -1 #SUP: 116
70 -1 67 -1 63 -1 62 -1 #SUP: 128
70 -1 67 -1 63 -1 62 -1 61 -1 #SUP: 116
70 -1 67 -1 64 -1 #SUP: 199
70 -1 67 -1 64 -1 56 -1 #SUP: 126
70 -1 67 -1 64 -1 57 -1 #SUP: 147
70 -1 67 -1 64 -1 57 -1 56 -1 #SUP: 116
70 -1 67 -1 64 -1 59 -1 #SUP: 144
70 -1 67 -1 65 -1 61 -1 59 -1 #SUP: 149
70 -1 67 -1 64 -1 59 -1 57 -1 #SUP: 129
70 -1 67 -1 64 -1 60 -1 #SUP: 155
70 -1 67 -1 64 -1 60 -1 56 -1 #SUP: 115
70 -1 67 -1 64 -1 60 -1 57 -1 #SUP: 132
70 -1 67 -1 64 -1 60 -1 59 -1 #SUP: 132
70 -1 67 -1 64 -1 60 -1 59 -1 57 -1 #SUP: 121
70 -1 67 -1 64 -1 61 -1 #SUP: 166
70 -1 67 -1 64 -1 61 -1 56 -1 #SUP: 119
70 -1 67 -1 64 -1 61 -1 57 -1 #SUP: 133
70 -1 67 -1 64 -1 61 -1 59 -1 #SUP: 132
70 -1 67 -1 64 -1 61 -1 59 -1 57 -1 #SUP: 121
70 -1 67 -1 64 -1 61 -1 60 -1 #SUP: 143
70 -1 67 -1 64 -1 61 -1 60 -1 57 -1 #SUP: 122
70 -1 67 -1 64 -1 61 -1 60 -1 59 -1 #SUP: 124
70 -1 67 -1 64 -1 61 -1 60 -1 59 -1 57 -1 #SUP: 114
70 -1 67 -1 64 -1 62 -1 #SUP: 116
70 -1 67 -1 64 -1 63 -1 #SUP: 154
70 -1 67 -1 64 -1 63 -1 57 -1 #SUP: 122
70 -1 67 -1 64 -1 63 -1 59 -1 #SUP: 124
70 -1 67 -1 64 -1 63 -1 59 -1 57 -1 #SUP: 114
70 -1 67 -1 64 -1 63 -1 60 -1 #SUP: 133
70 -1 67 -1 64 -1 63 -1 60 -1 57 -1 #SUP: 115
70 -1 67 -1 64 -1 63 -1 60 -1 59 -1 #SUP: 120
70 -1 67 -1 64 -1 63 -1 61 -1 #SUP: 144
70 -1 67 -1 64 -1 63 -1 61 -1 57 -1 #SUP: 117
70 -1 67 -1 64 -1 63 -1 61 -1 59 -1 #SUP: 119
72 -1 71 -1 65 -1 57 -1 56 -1 #SUP: 123
70 -1 67 -1 64 -1 63 -1 61 -1 60 -1 #SUP: 129
70 -1 67 -1 64 -1 63 -1 61 -1 60 -1 59 -1 #SUP: 116
70 -1 67 -1 65 -1 #SUP: 230
70 -1 67 -1 65 -1 54 -1 #SUP: 114
70 -1 67 -1 65 -1 56 -1 #SUP: 139
70 -1 67 -1 65 -1 57 -1 #SUP: 147
70 -1 67 -1 65 -1 57 -1 56 -1 #SUP: 117
70 -1 67 -1 65 -1 59 -1 #SUP: 164
70 -1 67 -1 65 -1 59 -1 56 -1 #SUP: 126
70 -1 67 -1 65 -1 74 -1 #SUP: 117
70 -1 67 -1 65 -1 60 -1 #SUP: 175
70 -1 67 -1 65 -1 60 -1 56 -1 #SUP: 125
70 -1 67 -1 65 -1 60 -1 59 -1 #SUP: 145
70 -1 67 -1 65 -1 60 -1 59 -1 56 -1 #SUP: 116
70 -1 67 -1 65 -1 60 -1 59 -1 57 -1 #SUP: 123
71 -1 64 -1 55 -1 #SUP: 127
70 -1 67 -1 65 -1 61 -1 #SUP: 188
70 -1 67 -1 65 -1 61 -1 56 -1 #SUP: 130
70 -1 67 -1 65 -1 61 -1 57 -1 #SUP: 135
70 -1 67 -1 65 -1 61 -1 59 -1 56 -1 #SUP: 119
72 -1 65 -1 57 -1 74 -1 #SUP: 116
70 -1 67 -1 65 -1 61 -1 59 -1 57 -1 #SUP: 124
70 -1 67 -1 65 -1 61 -1 60 -1 #SUP: 163
70 -1 67 -1 65 -1 61 -1 60 -1 56 -1 #SUP: 118
70 -1 67 -1 65 -1 61 -1 60 -1 57 -1 #SUP: 124
70 -1 67 -1 65 -1 61 -1 60 -1 59 -1 #SUP: 135
70 -1 67 -1 65 -1 61 -1 60 -1 59 -1 57 -1 #SUP: 115
70 -1 67 -1 65 -1 62 -1 #SUP: 139
70 -1 67 -1 65 -1 62 -1 61 -1 #SUP: 123
70 -1 67 -1 65 -1 63 -1 #SUP: 165
70 -1 67 -1 65 -1 63 -1 56 -1 #SUP: 115
70 -1 67 -1 65 -1 63 -1 57 -1 #SUP: 123
70 -1 67 -1 65 -1 63 -1 59 -1 #SUP: 130
70 -1 67 -1 65 -1 63 -1 59 -1 57 -1 #SUP: 115
70 -1 67 -1 65 -1 63 -1 60 -1 #SUP: 138
70 -1 67 -1 65 -1 63 -1 60 -1 57 -1 #SUP: 114
70 -1 67 -1 65 -1 63 -1 60 -1 59 -1 #SUP: 123
70 -1 67 -1 65 -1 63 -1 61 -1 #SUP: 150
70 -1 67 -1 65 -1 63 -1 61 -1 57 -1 #SUP: 116
70 -1 67 -1 65 -1 63 -1 61 -1 59 -1 #SUP: 122
70 -1 67 -1 65 -1 63 -1 61 -1 60 -1 #SUP: 133
70 -1 67 -1 65 -1 63 -1 61 -1 60 -1 59 -1 #SUP: 118
70 -1 67 -1 65 -1 64 -1 #SUP: 165
70 -1 67 -1 65 -1 64 -1 57 -1 #SUP: 126
70 -1 67 -1 65 -1 64 -1 59 -1 #SUP: 128
70 -1 67 -1 65 -1 64 -1 59 -1 57 -1 #SUP: 116
70 -1 67 -1 65 -1 64 -1 60 -1 #SUP: 132
70 -1 67 -1 65 -1 64 -1 60 -1 57 -1 #SUP: 115
70 -1 67 -1 65 -1 64 -1 60 -1 59 -1 #SUP: 118
70 -1 67 -1 65 -1 64 -1 61 -1 #SUP: 139
70 -1 67 -1 65 -1 64 -1 61 -1 59 -1 #SUP: 118
70 -1 67 -1 65 -1 64 -1 61 -1 60 -1 #SUP: 124
70 -1 67 -1 65 -1 64 -1 63 -1 #SUP: 132
70 -1 67 -1 65 -1 64 -1 63 -1 60 -1 #SUP: 116
70 -1 67 -1 65 -1 64 -1 63 -1 61 -1 #SUP: 123
70 -1 67 -1 66 -1 #SUP: 255
70 -1 67 -1 66 -1 53 -1 #SUP: 114
70 -1 67 -1 66 -1 54 -1 #SUP: 135
70 -1 67 -1 66 -1 55 -1 #SUP: 122
70 -1 67 -1 66 -1 56 -1 #SUP: 150
70 -1 67 -1 66 -1 57 -1 #SUP: 154
70 -1 67 -1 66 -1 57 -1 56 -1 #SUP: 121
70 -1 67 -1 66 -1 59 -1 #SUP: 158
70 -1 67 -1 66 -1 59 -1 56 -1 #SUP: 126
70 -1 67 -1 66 -1 59 -1 57 -1 #SUP: 134
70 -1 66 -1 65 -1 64 -1 63 -1 57 -1 #SUP: 128
70 -1 67 -1 66 -1 74 -1 #SUP: 133
70 -1 67 -1 66 -1 60 -1 #SUP: 198
70 -1 67 -1 66 -1 60 -1 54 -1 #SUP: 123
70 -1 67 -1 66 -1 60 -1 56 -1 #SUP: 138
70 -1 67 -1 66 -1 60 -1 57 -1 #SUP: 141
70 -1 67 -1 66 -1 60 -1 59 -1 #SUP: 145
70 -1 67 -1 66 -1 60 -1 59 -1 56 -1 #SUP: 118
70 -1 67 -1 66 -1 60 -1 59 -1 57 -1 #SUP: 127
70 -1 67 -1 66 -1 60 -1 74 -1 #SUP: 115
70 -1 67 -1 66 -1 61 -1 #SUP: 203
70 -1 67 -1 66 -1 61 -1 54 -1 #SUP: 125
70 -1 67 -1 66 -1 61 -1 56 -1 #SUP: 137
70 -1 67 -1 66 -1 61 -1 57 -1 #SUP: 140
75 -1 67 -1 62 -1 #SUP: 126
70 -1 67 -1 66 -1 61 -1 59 -1 #SUP: 143
70 -1 67 -1 66 -1 61 -1 59 -1 56 -1 #SUP: 118
70 -1 67 -1 66 -1 61 -1 59 -1 57 -1 #SUP: 125
70 -1 67 -1 66 -1 61 -1 74 -1 #SUP: 118
70 -1 67 -1 66 -1 61 -1 60 -1 #SUP: 177
70 -1 67 -1 66 -1 61 -1 60 -1 54 -1 #SUP: 114
70 -1 67 -1 66 -1 61 -1 60 -1 56 -1 #SUP: 127
70 -1 67 -1 66 -1 61 -1 60 -1 57 -1 #SUP: 130
70 -1 67 -1 66 -1 61 -1 60 -1 59 -1 #SUP: 134
70 -1 67 -1 66 -1 61 -1 60 -1 59 -1 57 -1 #SUP: 118
70 -1 67 -1 66 -1 62 -1 #SUP: 141
70 -1 67 -1 66 -1 62 -1 60 -1 #SUP: 120
71 -1 70 -1 64 -1 61 -1 59 -1 #SUP: 119
70 -1 67 -1 66 -1 62 -1 61 -1 #SUP: 126
70 -1 67 -1 66 -1 62 -1 61 -1 60 -1 #SUP: 115
70 -1 67 -1 66 -1 63 -1 #SUP: 162
70 -1 67 -1 66 -1 63 -1 56 -1 #SUP: 126
70 -1 67 -1 66 -1 63 -1 57 -1 #SUP: 125
70 -1 67 -1 66 -1 63 -1 59 -1 #SUP: 123
70 -1 67 -1 66 -1 63 -1 59 -1 57 -1 #SUP: 114
70 -1 67 -1 66 -1 63 -1 60 -1 #SUP: 143
70 -1 67 -1 66 -1 63 -1 60 -1 56 -1 #SUP: 121
70 -1 67 -1 66 -1 63 -1 60 -1 57 -1 #SUP: 118
70 -1 67 -1 66 -1 63 -1 60 -1 59 -1 #SUP: 120
70 -1 67 -1 66 -1 63 -1 61 -1 #SUP: 148
70 -1 67 -1 66 -1 63 -1 61 -1 56 -1 #SUP: 117
70 -1 67 -1 66 -1 63 -1 61 -1 57 -1 #SUP: 118
70 -1 67 -1 66 -1 63 -1 61 -1 59 -1 #SUP: 117
70 -1 67 -1 66 -1 63 -1 61 -1 60 -1 #SUP: 134
70 -1 67 -1 66 -1 63 -1 61 -1 60 -1 59 -1 #SUP: 115
70 -1 67 -1 66 -1 64 -1 #SUP: 158
70 -1 67 -1 66 -1 64 -1 56 -1 #SUP: 116
70 -1 67 -1 66 -1 64 -1 57 -1 #SUP: 128
70 -1 67 -1 66 -1 64 -1 59 -1 #SUP: 123
70 -1 67 -1 66 -1 64 -1 59 -1 57 -1 #SUP: 117
70 -1 67 -1 66 -1 64 -1 60 -1 #SUP: 129
70 -1 67 -1 66 -1 64 -1 60 -1 57 -1 #SUP: 119
70 -1 67 -1 66 -1 64 -1 60 -1 59 -1 #SUP: 115
70 -1 67 -1 66 -1 64 -1 61 -1 #SUP: 132
73 -1 72 -1 71 -1 67 -1 63 -1 #SUP: 120
70 -1 67 -1 66 -1 64 -1 61 -1 57 -1 #SUP: 120
70 -1 67 -1 66 -1 64 -1 61 -1 59 -1 #SUP: 116
70 -1 67 -1 66 -1 64 -1 61 -1 60 -1 #SUP: 120
70 -1 67 -1 66 -1 64 -1 63 -1 #SUP: 122
70 -1 67 -1 66 -1 64 -1 63 -1 61 -1 #SUP: 116
70 -1 67 -1 66 -1 65 -1 #SUP: 180
70 -1 67 -1 66 -1 65 -1 56 -1 #SUP: 124
70 -1 67 -1 66 -1 65 -1 57 -1 #SUP: 131
70 -1 67 -1 66 -1 65 -1 59 -1 #SUP: 139
70 -1 67 -1 66 -1 65 -1 59 -1 56 -1 #SUP: 116
70 -1 67 -1 66 -1 65 -1 59 -1 57 -1 #SUP: 119
70 -1 67 -1 66 -1 65 -1 60 -1 #SUP: 153
70 -1 67 -1 66 -1 65 -1 60 -1 56 -1 #SUP: 116
70 -1 67 -1 66 -1 65 -1 60 -1 57 -1 #SUP: 123
70 -1 67 -1 66 -1 65 -1 60 -1 59 -1 #SUP: 131
72 -1 60 -1 59 -1 57 -1 56 -1 #SUP: 129
70 -1 67 -1 66 -1 65 -1 60 -1 59 -1 57 -1 #SUP: 114
70 -1 67 -1 66 -1 65 -1 61 -1 #SUP: 154
70 -1 67 -1 66 -1 65 -1 61 -1 56 -1 #SUP: 116
70 -1 67 -1 66 -1 65 -1 61 -1 57 -1 #SUP: 123
70 -1 67 -1 66 -1 65 -1 61 -1 59 -1 #SUP: 130
70 -1 67 -1 66 -1 65 -1 61 -1 60 -1 #SUP: 143
73 -1 63 -1 57 -1 #SUP: 133
70 -1 67 -1 66 -1 65 -1 61 -1 60 -1 57 -1 #SUP: 116
70 -1 67 -1 66 -1 65 -1 63 -1 #SUP: 134
70 -1 67 -1 66 -1 65 -1 63 -1 59 -1 #SUP: 114
70 -1 67 -1 66 -1 65 -1 63 -1 60 -1 #SUP: 123
70 -1 67 -1 66 -1 65 -1 63 -1 61 -1 #SUP: 125
70 -1 67 -1 66 -1 65 -1 64 -1 57 -1 #SUP: 117
70 -1 67 -1 66 -1 65 -1 64 -1 59 -1 #SUP: 114
70 -1 67 -1 66 -1 65 -1 64 -1 60 -1 #SUP: 117
70 -1 67 -1 66 -1 65 -1 64 -1 61 -1 #SUP: 120
70 -1 53 -1 #SUP: 193
70 -1 68 -1 #SUP: 330
70 -1 68 -1 67 -1 #SUP: 185
70 -1 68 -1 67 -1 59 -1 #SUP: 114
70 -1 68 -1 67 -1 60 -1 #SUP: 129
70 -1 68 -1 67 -1 61 -1 #SUP: 155
70 -1 68 -1 67 -1 61 -1 60 -1 #SUP: 123
70 -1 68 -1 67 -1 62 -1 #SUP: 139
70 -1 68 -1 67 -1 62 -1 61 -1 #SUP: 123
70 -1 68 -1 67 -1 63 -1 #SUP: 118
70 -1 68 -1 67 -1 65 -1 #SUP: 124
70 -1 68 -1 67 -1 66 -1 #SUP: 136
70 -1 68 -1 67 -1 66 -1 60 -1 #SUP: 114
70 -1 68 -1 67 -1 66 -1 61 -1 #SUP: 118
70 -1 68 -1 55 -1 #SUP: 153
70 -1 68 -1 56 -1 #SUP: 122
70 -1 68 -1 57 -1 #SUP: 124
70 -1 68 -1 59 -1 #SUP: 139
70 -1 68 -1 74 -1 #SUP: 119
70 -1 68 -1 60 -1 #SUP: 157
70 -1 68 -1 60 -1 59 -1 #SUP: 115
70 -1 68 -1 75 -1 #SUP: 162
70 -1 68 -1 61 -1 #SUP: 188
70 -1 68 -1 61 -1 59 -1 #SUP: 116
70 -1 68 -1 61 -1 60 -1 #SUP: 138
70 -1 68 -1 62 -1 #SUP: 206
70 -1 68 -1 62 -1 55 -1 #SUP: 120
70 -1 68 -1 62 -1 60 -1 #SUP: 120
70 -1 68 -1 62 -1 75 -1 #SUP: 114
70 -1 68 -1 62 -1 61 -1 #SUP: 146
70 -1 68 -1 63 -1 #SUP: 156
70 -1 64 -1 59 -1 56 -1 #SUP: 156
70 -1 68 -1 63 -1 60 -1 #SUP: 115
70 -1 68 -1 63 -1 61 -1 #SUP: 129
70 -1 68 -1 63 -1 62 -1 #SUP: 123
70 -1 68 -1 64 -1 #SUP: 136
70 -1 68 -1 65 -1 #SUP: 152
70 -1 68 -1 65 -1 60 -1 #SUP: 117
70 -1 68 -1 65 -1 61 -1 #SUP: 124
70 -1 68 -1 65 -1 63 -1 #SUP: 118
70 -1 68 -1 66 -1 #SUP: 173
70 -1 68 -1 66 -1 60 -1 #SUP: 131
70 -1 68 -1 66 -1 61 -1 #SUP: 131
70 -1 68 -1 66 -1 61 -1 60 -1 #SUP: 116
70 -1 68 -1 66 -1 62 -1 #SUP: 125
70 -1 68 -1 66 -1 65 -1 #SUP: 116
70 -1 54 -1 #SUP: 236
70 -1 54 -1 53 -1 #SUP: 134
71 -1 66 -1 59 -1 56 -1 #SUP: 151
70 -1 54 -1 74 -1 #SUP: 115
70 -1 12 -1 #SUP: 142
70 -1 55 -1 #SUP: 283
70 -1 55 -1 54 -1 #SUP: 123
70 -1 56 -1 #SUP: 277
70 -1 56 -1 53 -1 #SUP: 131
70 -1 56 -1 54 -1 #SUP: 137
70 -1 56 -1 55 -1 #SUP: 130
70 -1 71 -1 #SUP: 149
70 -1 66 -1 63 -1 57 -1 #SUP: 161
70 -1 57 -1 #SUP: 295
70 -1 57 -1 54 -1 #SUP: 123
70 -1 57 -1 55 -1 #SUP: 122
70 -1 57 -1 56 -1 #SUP: 201
70 -1 57 -1 74 -1 #SUP: 118
70 -1 29 -1 #SUP: 116
70 -1 72 -1 #SUP: 166
70 -1 62 -1 60 -1 #SUP: 172
70 -1 73 -1 #SUP: 183
70 -1 59 -1 #SUP: 301
70 -1 59 -1 54 -1 #SUP: 129
70 -1 59 -1 55 -1 #SUP: 127
70 -1 59 -1 56 -1 #SUP: 194
70 -1 59 -1 57 -1 #SUP: 212
70 -1 59 -1 57 -1 56 -1 #SUP: 169
70 -1 59 -1 74 -1 #SUP: 128
70 -1 59 -1 52 -1 #SUP: 115
70 -1 74 -1 #SUP: 282
70 -1 74 -1 75 -1 #SUP: 162
70 -1 60 -1 #SUP: 312
70 -1 60 -1 53 -1 #SUP: 162
70 -1 60 -1 54 -1 #SUP: 156
70 -1 60 -1 54 -1 53 -1 #SUP: 118
70 -1 60 -1 55 -1 #SUP: 142
70 -1 60 -1 56 -1 #SUP: 189
70 -1 60 -1 56 -1 53 -1 #SUP: 114
70 -1 60 -1 57 -1 #SUP: 198
70 -1 60 -1 57 -1 56 -1 #SUP: 154
70 -1 60 -1 59 -1 #SUP: 214
70 -1 60 -1 59 -1 56 -1 #SUP: 156
70 -1 60 -1 59 -1 57 -1 #SUP: 170
70 -1 60 -1 59 -1 57 -1 56 -1 #SUP: 141
70 -1 60 -1 74 -1 #SUP: 136
70 -1 60 -1 75 -1 #SUP: 120
70 -1 75 -1 #SUP: 289
70 -1 61 -1 #SUP: 358
70 -1 61 -1 53 -1 #SUP: 129
70 -1 61 -1 54 -1 #SUP: 184
70 -1 61 -1 55 -1 #SUP: 159
70 -1 61 -1 56 -1 #SUP: 172
70 -1 61 -1 57 -1 #SUP: 176
70 -1 61 -1 57 -1 56 -1 #SUP: 138
70 -1 61 -1 59 -1 #SUP: 193
70 -1 61 -1 59 -1 57 -1 #SUP: 146
70 -1 61 -1 59 -1 57 -1 56 -1 #SUP: 120
70 -1 61 -1 74 -1 #SUP: 152
70 -1 61 -1 60 -1 #SUP: 237
70 -1 61 -1 60 -1 54 -1 #SUP: 132
70 -1 61 -1 60 -1 55 -1 #SUP: 119
70 -1 61 -1 60 -1 56 -1 #SUP: 147
70 -1 61 -1 60 -1 57 -1 #SUP: 155
70 -1 61 -1 60 -1 57 -1 56 -1 #SUP: 121
70 -1 61 -1 60 -1 59 -1 #SUP: 171
70 -1 61 -1 60 -1 59 -1 56 -1 #SUP: 123
70 -1 61 -1 60 -1 59 -1 57 -1 #SUP: 136
70 -1 61 -1 60 -1 74 -1 #SUP: 119
70 -1 61 -1 75 -1 #SUP: 153
70 -1 62 -1 #SUP: 326
70 -1 62 -1 54 -1 #SUP: 120
70 -1 62 -1 55 -1 #SUP: 182
70 -1 62 -1 56 -1 #SUP: 138
70 -1 62 -1 57 -1 #SUP: 134
70 -1 62 -1 59 -1 #SUP: 148
70 -1 62 -1 59 -1 57 -1 #SUP: 114
70 -1 62 -1 74 -1 #SUP: 117
70 -1 62 -1 60 -1 59 -1 #SUP: 121
70 -1 62 -1 75 -1 #SUP: 146
70 -1 62 -1 61 -1 #SUP: 198
70 -1 62 -1 61 -1 55 -1 #SUP: 118
70 -1 62 -1 61 -1 59 -1 #SUP: 120
70 -1 62 -1 61 -1 60 -1 #SUP: 147
70 -1 48 -1 #SUP: 175
70 -1 77 -1 #SUP: 114
70 -1 63 -1 #SUP: 358
70 -1 63 -1 53 -1 #SUP: 120
70 -1 63 -1 54 -1 #SUP: 137
70 -1 63 -1 55 -1 #SUP: 152
70 -1 63 -1 56 -1 #SUP: 207
70 -1 63 -1 57 -1 #SUP: 208
70 -1 63 -1 57 -1 56 -1 #SUP: 166
70 -1 63 -1 59 -1 #SUP: 218
70 -1 63 -1 59 -1 56 -1 #SUP: 159
70 -1 63 -1 59 -1 57 -1 #SUP: 174
70 -1 63 -1 59 -1 57 -1 56 -1 #SUP: 147
70 -1 63 -1 74 -1 #SUP: 123
70 -1 63 -1 60 -1 #SUP: 219
70 -1 63 -1 60 -1 56 -1 #SUP: 156
70 -1 63 -1 60 -1 57 -1 #SUP: 161
70 -1 63 -1 60 -1 57 -1 56 -1 #SUP: 135
70 -1 63 -1 60 -1 59 -1 #SUP: 174
70 -1 63 -1 60 -1 59 -1 56 -1 #SUP: 133
70 -1 63 -1 60 -1 59 -1 57 -1 #SUP: 148
70 -1 63 -1 60 -1 59 -1 57 -1 56 -1 #SUP: 126
70 -1 63 -1 75 -1 #SUP: 120
70 -1 63 -1 61 -1 #SUP: 235
70 -1 63 -1 61 -1 56 -1 #SUP: 140
70 -1 63 -1 61 -1 57 -1 #SUP: 147
70 -1 63 -1 61 -1 57 -1 56 -1 #SUP: 122
70 -1 63 -1 61 -1 59 -1 #SUP: 157
70 -1 63 -1 61 -1 59 -1 56 -1 #SUP: 115
70 -1 63 -1 61 -1 59 -1 57 -1 #SUP: 130
70 -1 63 -1 61 -1 60 -1 #SUP: 182
70 -1 63 -1 61 -1 60 -1 56 -1 #SUP: 128
70 -1 63 -1 61 -1 60 -1 57 -1 #SUP: 134
70 -1 63 -1 61 -1 60 -1 59 -1 #SUP: 148
70 -1 63 -1 61 -1 60 -1 59 -1 57 -1 #SUP: 125
70 -1 65 -1 63 -1 61 -1 57 -1 #SUP: 125
70 -1 63 -1 62 -1 #SUP: 189
70 -1 63 -1 62 -1 59 -1 #SUP: 116
70 -1 63 -1 62 -1 60 -1 #SUP: 129
70 -1 63 -1 62 -1 61 -1 #SUP: 138
70 -1 63 -1 62 -1 61 -1 60 -1 #SUP: 116
70 -1 49 -1 #SUP: 182
70 -1 64 -1 #SUP: 334
70 -1 64 -1 54 -1 #SUP: 114
70 -1 64 -1 56 -1 #SUP: 185
70 -1 64 -1 57 -1 #SUP: 220
70 -1 64 -1 57 -1 56 -1 #SUP: 167
70 -1 64 -1 59 -1 #SUP: 206
70 -1 64 -1 59 -1 57 -1 #SUP: 178
70 -1 64 -1 59 -1 57 -1 56 -1 #SUP: 148
70 -1 64 -1 74 -1 #SUP: 118
70 -1 64 -1 60 -1 #SUP: 198
70 -1 64 -1 60 -1 56 -1 #SUP: 145
70 -1 64 -1 60 -1 57 -1 #SUP: 164
70 -1 64 -1 60 -1 57 -1 56 -1 #SUP: 136
70 -1 64 -1 60 -1 59 -1 #SUP: 165
71 -1 66 -1 62 -1 #SUP: 168
70 -1 64 -1 60 -1 59 -1 56 -1 #SUP: 132
70 -1 64 -1 60 -1 59 -1 57 -1 #SUP: 148
73 -1 67 -1 61 -1 53 -1 #SUP: 128
70 -1 64 -1 60 -1 59 -1 57 -1 56 -1 #SUP: 128
70 -1 64 -1 61 -1 #SUP: 193
70 -1 64 -1 61 -1 57 -1 #SUP: 144
70 -1 64 -1 61 -1 57 -1 56 -1 #SUP: 120
70 -1 64 -1 61 -1 60 -1 #SUP: 156
70 -1 64 -1 61 -1 60 -1 56 -1 #SUP: 114
72 -1 67 -1 60 -1 59 -1 56 -1 #SUP: 118
72 -1 70 -1 67 -1 65 -1 63 -1 61 -1 #SUP: 114
70 -1 64 -1 61 -1 60 -1 57 -1 #SUP: 129
70 -1 64 -1 61 -1 60 -1 59 -1 #SUP: 134
70 -1 64 -1 61 -1 60 -1 59 -1 57 -1 #SUP: 120
70 -1 64 -1 62 -1 #SUP: 161
70 -1 64 -1 62 -1 61 -1 #SUP: 116
70 -1 64 -1 63 -1 #SUP: 238
70 -1 64 -1 63 -1 56 -1 #SUP: 157
70 -1 64 -1 63 -1 57 -1 #SUP: 171
70 -1 64 -1 63 -1 57 -1 56 -1 #SUP: 144
70 -1 64 -1 63 -1 59 -1 #SUP: 172
70 -1 64 -1 63 -1 59 -1 56 -1 #SUP: 134
70 -1 64 -1 63 -1 59 -1 57 -1 #SUP: 150
70 -1 64 -1 63 -1 59 -1 57 -1 56 -1 #SUP: 131
70 -1 64 -1 63 -1 60 -1 #SUP: 165
70 -1 64 -1 63 -1 60 -1 56 -1 #SUP: 126
70 -1 64 -1 63 -1 60 -1 59 -1 56 -1 #SUP: 116
70 -1 64 -1 63 -1 60 -1 59 -1 57 -1 #SUP: 131
70 -1 64 -1 63 -1 60 -1 59 -1 57 -1 56 -1 #SUP: 114
70 -1 64 -1 63 -1 61 -1 #SUP: 166
70 -1 64 -1 63 -1 61 -1 57 -1 #SUP: 125
70 -1 64 -1 63 -1 61 -1 59 -1 #SUP: 130
70 -1 64 -1 63 -1 61 -1 59 -1 57 -1 #SUP: 115
70 -1 64 -1 63 -1 61 -1 60 -1 #SUP: 140
70 -1 64 -1 63 -1 61 -1 60 -1 57 -1 #SUP: 116
70 -1 64 -1 63 -1 61 -1 60 -1 59 -1 #SUP: 125
70 -1 64 -1 63 -1 62 -1 #SUP: 132
70 -1 50 -1 #SUP: 158
70 -1 65 -1 #SUP: 339
70 -1 65 -1 53 -1 #SUP: 128
70 -1 65 -1 54 -1 #SUP: 138
70 -1 65 -1 55 -1 #SUP: 143
70 -1 65 -1 56 -1 #SUP: 195
70 -1 65 -1 57 -1 #SUP: 205
70 -1 65 -1 57 -1 56 -1 #SUP: 164
70 -1 65 -1 59 -1 #SUP: 236
70 -1 65 -1 59 -1 54 -1 #SUP: 116
70 -1 65 -1 59 -1 56 -1 #SUP: 176
70 -1 65 -1 59 -1 57 -1 #SUP: 184
70 -1 65 -1 59 -1 57 -1 56 -1 #SUP: 155
70 -1 65 -1 74 -1 #SUP: 138
70 -1 65 -1 60 -1 #SUP: 218
70 -1 65 -1 60 -1 53 -1 #SUP: 117
70 -1 65 -1 60 -1 54 -1 #SUP: 117
70 -1 65 -1 60 -1 56 -1 #SUP: 158
70 -1 65 -1 60 -1 57 -1 #SUP: 165
70 -1 65 -1 60 -1 57 -1 56 -1 #SUP: 139
70 -1 65 -1 60 -1 59 -1 #SUP: 183
70 -1 65 -1 60 -1 59 -1 56 -1 #SUP: 147
70 -1 65 -1 60 -1 59 -1 57 -1 #SUP: 153
70 -1 65 -1 60 -1 59 -1 57 -1 56 -1 #SUP: 133
70 -1 65 -1 75 -1 #SUP: 118
70 -1 65 -1 61 -1 #SUP: 213
70 -1 65 -1 61 -1 54 -1 #SUP: 120
70 -1 65 -1 61 -1 56 -1 #SUP: 140
70 -1 65 -1 61 -1 57 -1 #SUP: 145
70 -1 65 -1 61 -1 57 -1 56 -1 #SUP: 121
70 -1 65 -1 61 -1 59 -1 #SUP: 163
72 -1 71 -1 64 -1 59 -1 57 -1 #SUP: 153
70 -1 65 -1 61 -1 59 -1 56 -1 #SUP: 128
71 -1 66 -1 64 -1 63 -1 61 -1 #SUP: 127
70 -1 65 -1 61 -1 59 -1 57 -1 #SUP: 133
70 -1 65 -1 61 -1 59 -1 57 -1 56 -1 #SUP: 115
70 -1 65 -1 61 -1 60 -1 #SUP: 175
70 -1 65 -1 61 -1 60 -1 56 -1 #SUP: 127
70 -1 65 -1 61 -1 60 -1 57 -1 #SUP: 133
70 -1 65 -1 61 -1 60 -1 59 -1 #SUP: 147
70 -1 65 -1 61 -1 60 -1 59 -1 56 -1 #SUP: 118
70 -1 65 -1 61 -1 60 -1 59 -1 57 -1 #SUP: 124
70 -1 65 -1 62 -1 #SUP: 185
70 -1 65 -1 62 -1 57 -1 #SUP: 116
70 -1 65 -1 62 -1 59 -1 #SUP: 128
70 -1 65 -1 62 -1 60 -1 #SUP: 132
70 -1 65 -1 62 -1 61 -1 #SUP: 136
70 -1 65 -1 62 -1 61 -1 60 -1 #SUP: 116
70 -1 65 -1 63 -1 #SUP: 242
70 -1 65 -1 63 -1 56 -1 #SUP: 161
70 -1 65 -1 63 -1 57 -1 #SUP: 169
70 -1 65 -1 63 -1 57 -1 56 -1 #SUP: 142
70 -1 65 -1 63 -1 59 -1 #SUP: 182
70 -1 65 -1 63 -1 59 -1 56 -1 #SUP: 146
70 -1 65 -1 63 -1 59 -1 57 -1 #SUP: 154
70 -1 65 -1 63 -1 59 -1 57 -1 56 -1 #SUP: 135
72 -1 67 -1 66 -1 60 -1 74 -1 #SUP: 141
70 -1 65 -1 63 -1 60 -1 #SUP: 168
70 -1 65 -1 63 -1 60 -1 56 -1 #SUP: 133
70 -1 65 -1 63 -1 60 -1 57 -1 #SUP: 139
70 -1 65 -1 63 -1 60 -1 57 -1 56 -1 #SUP: 122
70 -1 65 -1 63 -1 60 -1 59 -1 #SUP: 149
70 -1 65 -1 63 -1 60 -1 59 -1 56 -1 #SUP: 125
70 -1 65 -1 63 -1 60 -1 59 -1 57 -1 #SUP: 133
70 -1 65 -1 63 -1 60 -1 59 -1 57 -1 56 -1 #SUP: 118
70 -1 65 -1 63 -1 61 -1 #SUP: 170
70 -1 65 -1 63 -1 61 -1 56 -1 #SUP: 118
70 -1 65 -1 63 -1 61 -1 59 -1 #SUP: 133
70 -1 65 -1 63 -1 61 -1 59 -1 57 -1 #SUP: 118
70 -1 65 -1 63 -1 61 -1 60 -1 #SUP: 142
70 -1 65 -1 63 -1 61 -1 60 -1 57 -1 #SUP: 118
70 -1 65 -1 63 -1 61 -1 60 -1 59 -1 #SUP: 127
70 -1 65 -1 63 -1 61 -1 60 -1 59 -1 57 -1 #SUP: 114
70 -1 65 -1 63 -1 62 -1 #SUP: 145
70 -1 65 -1 64 -1 #SUP: 245
70 -1 65 -1 64 -1 56 -1 #SUP: 155
72 -1 71 -1 70 -1 60 -1 #SUP: 156
70 -1 65 -1 64 -1 57 -1 #SUP: 174
70 -1 65 -1 64 -1 57 -1 56 -1 #SUP: 144
70 -1 65 -1 64 -1 59 -1 #SUP: 177
70 -1 65 -1 64 -1 59 -1 57 -1 #SUP: 157
70 -1 65 -1 64 -1 59 -1 57 -1 56 -1 #SUP: 136
70 -1 65 -1 64 -1 60 -1 #SUP: 161
70 -1 65 -1 64 -1 60 -1 56 -1 #SUP: 130
70 -1 65 -1 64 -1 60 -1 57 -1 #SUP: 140
70 -1 65 -1 64 -1 60 -1 57 -1 56 -1 #SUP: 124
70 -1 65 -1 64 -1 60 -1 59 -1 #SUP: 144
70 -1 65 -1 64 -1 60 -1 59 -1 56 -1 #SUP: 123
70 -1 65 -1 64 -1 60 -1 59 -1 57 -1 #SUP: 132
70 -1 65 -1 64 -1 60 -1 59 -1 57 -1 56 -1 #SUP: 119
70 -1 65 -1 64 -1 61 -1 #SUP: 154
70 -1 65 -1 64 -1 61 -1 56 -1 #SUP: 114
70 -1 65 -1 64 -1 61 -1 57 -1 #SUP: 123
70 -1 65 -1 64 -1 61 -1 59 -1 #SUP: 127
70 -1 65 -1 64 -1 61 -1 59 -1 57 -1 #SUP: 115
70 -1 65 -1 64 -1 61 -1 60 -1 #SUP: 131
70 -1 65 -1 64 -1 61 -1 60 -1 57 -1 #SUP: 114
70 -1 65 -1 64 -1 61 -1 60 -1 59 -1 #SUP: 118
70 -1 65 -1 64 -1 62 -1 #SUP: 135
70 -1 65 -1 64 -1 63 -1 #SUP: 193
70 -1 65 -1 64 -1 63 -1 56 -1 #SUP: 136
70 -1 65 -1 64 -1 63 -1 57 -1 #SUP: 147
70 -1 65 -1 64 -1 63 -1 57 -1 56 -1 #SUP: 128
70 -1 65 -1 64 -1 63 -1 59 -1 #SUP: 150
70 -1 65 -1 64 -1 63 -1 59 -1 56 -1 #SUP: 124
72 -1 70 -1 61 -1 57 -1 #SUP: 125
70 -1 65 -1 64 -1 63 -1 59 -1 57 -1 #SUP: 134
70 -1 65 -1 64 -1 63 -1 59 -1 57 -1 56 -1 #SUP: 121
70 -1 65 -1 64 -1 63 -1 60 -1 #SUP: 139
70 -1 65 -1 64 -1 63 -1 60 -1 56 -1 #SUP: 115
70 -1 65 -1 64 -1 63 -1 60 -1 57 -1 #SUP: 123
70 -1 65 -1 64 -1 63 -1 60 -1 59 -1 #SUP: 128
70 -1 65 -1 64 -1 63 -1 60 -1 59 -1 57 -1 #SUP: 118
70 -1 65 -1 64 -1 63 -1 61 -1 59 -1 #SUP: 114
70 -1 65 -1 64 -1 63 -1 61 -1 60 -1 #SUP: 119
70 -1 51 -1 #SUP: 134
70 -1 94 -1 #SUP: 127
70 -1 66 -1 63 -1 59 -1 56 -1 #SUP: 134
70 -1 66 -1 #SUP: 363
70 -1 66 -1 53 -1 #SUP: 155
70 -1 66 -1 54 -1 53 -1 #SUP: 116
70 -1 66 -1 55 -1 #SUP: 151
70 -1 66 -1 56 -1 #SUP: 190
70 -1 66 -1 57 -1 #SUP: 201
70 -1 66 -1 57 -1 56 -1 #SUP: 157
70 -1 66 -1 59 -1 #SUP: 209
70 -1 66 -1 59 -1 56 -1 #SUP: 160
70 -1 66 -1 59 -1 57 -1 #SUP: 174
70 -1 66 -1 59 -1 57 -1 56 -1 #SUP: 144
70 -1 66 -1 74 -1 #SUP: 151
70 -1 66 -1 60 -1 #SUP: 252
70 -1 66 -1 60 -1 53 -1 #SUP: 141
70 -1 66 -1 60 -1 54 -1 #SUP: 140
70 -1 66 -1 60 -1 55 -1 #SUP: 121
70 -1 66 -1 60 -1 56 -1 #SUP: 171
70 -1 66 -1 60 -1 57 -1 #SUP: 177
70 -1 66 -1 60 -1 57 -1 56 -1 #SUP: 143
80 -1 79 -1 #SUP: 142
70 -1 66 -1 60 -1 59 -1 #SUP: 184
70 -1 66 -1 60 -1 59 -1 56 -1 #SUP: 147
70 -1 66 -1 60 -1 59 -1 57 -1 #SUP: 158
70 -1 66 -1 60 -1 59 -1 57 -1 56 -1 #SUP: 133
70 -1 66 -1 60 -1 74 -1 #SUP: 124
70 -1 66 -1 75 -1 #SUP: 128
70 -1 66 -1 61 -1 #SUP: 232
70 -1 66 -1 61 -1 54 -1 #SUP: 131
70 -1 66 -1 61 -1 55 -1 #SUP: 115
70 -1 66 -1 61 -1 56 -1 #SUP: 144
70 -1 66 -1 61 -1 57 -1 #SUP: 150
70 -1 66 -1 61 -1 59 -1 #SUP: 156
70 -1 66 -1 61 -1 59 -1 56 -1 #SUP: 123
70 -1 66 -1 61 -1 59 -1 57 -1 #SUP: 133
70 -1 66 -1 61 -1 74 -1 #SUP: 120
70 -1 66 -1 61 -1 60 -1 #SUP: 192
70 -1 66 -1 61 -1 60 -1 54 -1 #SUP: 119
70 -1 66 -1 61 -1 60 -1 57 -1 #SUP: 140
70 -1 66 -1 61 -1 60 -1 59 -1 #SUP: 146
70 -1 66 -1 61 -1 60 -1 59 -1 56 -1 #SUP: 115
70 -1 66 -1 61 -1 60 -1 59 -1 57 -1 #SUP: 126
70 -1 66 -1 62 -1 #SUP: 185
70 -1 66 -1 62 -1 59 -1 #SUP: 117
70 -1 66 -1 62 -1 60 -1 #SUP: 139
70 -1 66 -1 62 -1 61 -1 #SUP: 140
70 -1 66 -1 62 -1 61 -1 60 -1 #SUP: 121
73 -1 71 -1 70 -1 63 -1 61 -1 #SUP: 114
70 -1 66 -1 63 -1 #SUP: 222
70 -1 66 -1 63 -1 56 -1 #SUP: 157
80 -1 78 -1 #SUP: 152
70 -1 66 -1 63 -1 57 -1 56 -1 #SUP: 136
70 -1 66 -1 63 -1 59 -1 #SUP: 161
70 -1 66 -1 63 -1 59 -1 57 -1 #SUP: 146
70 -1 66 -1 63 -1 59 -1 57 -1 56 -1 #SUP: 126
70 -1 66 -1 63 -1 60 -1 #SUP: 176
70 -1 66 -1 63 -1 60 -1 57 -1 #SUP: 147
70 -1 66 -1 63 -1 60 -1 57 -1 56 -1 #SUP: 127
70 -1 66 -1 63 -1 60 -1 59 -1 #SUP: 149
70 -1 66 -1 63 -1 60 -1 59 -1 56 -1 #SUP: 126
70 -1 66 -1 63 -1 60 -1 59 -1 57 -1 #SUP: 137
70 -1 66 -1 63 -1 60 -1 59 -1 57 -1 56 -1 #SUP: 119
70 -1 66 -1 63 -1 61 -1 #SUP: 170
72 -1 67 -1 63 -1 60 -1 #SUP: 170
70 -1 66 -1 63 -1 61 -1 57 -1 #SUP: 128
70 -1 66 -1 63 -1 61 -1 59 -1 #SUP: 129
70 -1 66 -1 63 -1 61 -1 59 -1 57 -1 #SUP: 118
70 -1 66 -1 63 -1 61 -1 60 -1 #SUP: 147
70 -1 66 -1 64 -1 61 -1 #SUP: 149
70 -1 66 -1 63 -1 61 -1 60 -1 56 -1 #SUP: 119
70 -1 66 -1 63 -1 61 -1 60 -1 59 -1 #SUP: 126
70 -1 66 -1 63 -1 61 -1 60 -1 59 -1 57 -1 #SUP: 116
70 -1 66 -1 63 -1 62 -1 #SUP: 130
70 -1 66 -1 64 -1 #SUP: 217
70 -1 66 -1 64 -1 56 -1 #SUP: 147
70 -1 66 -1 64 -1 57 -1 #SUP: 166
70 -1 66 -1 64 -1 57 -1 56 -1 #SUP: 139
70 -1 66 -1 64 -1 59 -1 #SUP: 162
70 -1 66 -1 64 -1 59 -1 56 -1 #SUP: 136
70 -1 66 -1 64 -1 59 -1 57 -1 #SUP: 152
70 -1 66 -1 64 -1 59 -1 57 -1 56 -1 #SUP: 131
70 -1 66 -1 64 -1 60 -1 #SUP: 163
70 -1 66 -1 64 -1 60 -1 56 -1 #SUP: 135
70 -1 66 -1 64 -1 60 -1 57 -1 #SUP: 150
70 -1 66 -1 64 -1 60 -1 57 -1 56 -1 #SUP: 129
70 -1 66 -1 64 -1 60 -1 59 -1 #SUP: 146
70 -1 66 -1 64 -1 60 -1 59 -1 56 -1 #SUP: 126
70 -1 66 -1 64 -1 60 -1 59 -1 57 -1 #SUP: 139
70 -1 66 -1 64 -1 60 -1 59 -1 57 -1 56 -1 #SUP: 122
70 -1 66 -1 64 -1 61 -1 57 -1 #SUP: 128
70 -1 66 -1 64 -1 61 -1 59 -1 #SUP: 127
70 -1 66 -1 64 -1 61 -1 59 -1 57 -1 #SUP: 120
70 -1 66 -1 64 -1 61 -1 60 -1 #SUP: 130
70 -1 66 -1 64 -1 61 -1 60 -1 57 -1 #SUP: 120
70 -1 66 -1 64 -1 61 -1 60 -1 59 -1 #SUP: 119
70 -1 66 -1 64 -1 61 -1 60 -1 59 -1 57 -1 #SUP: 114
70 -1 66 -1 64 -1 62 -1 #SUP: 120
70 -1 66 -1 64 -1 63 -1 #SUP: 169
70 -1 66 -1 64 -1 63 -1 56 -1 #SUP: 128
70 -1 66 -1 64 -1 63 -1 57 -1 #SUP: 143
70 -1 66 -1 65 -1 64 -1 57 -1 #SUP: 145
70 -1 66 -1 64 -1 63 -1 57 -1 56 -1 #SUP: 123
70 -1 66 -1 64 -1 63 -1 59 -1 #SUP: 140
70 -1 66 -1 64 -1 63 -1 59 -1 57 -1 #SUP: 134
70 -1 66 -1 64 -1 63 -1 59 -1 57 -1 56 -1 #SUP: 117
70 -1 66 -1 64 -1 63 -1 60 -1 #SUP: 139
70 -1 66 -1 64 -1 63 -1 60 -1 56 -1 #SUP: 120
70 -1 66 -1 64 -1 63 -1 60 -1 57 -1 #SUP: 132
70 -1 66 -1 64 -1 63 -1 60 -1 57 -1 56 -1 #SUP: 116
70 -1 66 -1 64 -1 63 -1 60 -1 59 -1 #SUP: 131
70 -1 66 -1 64 -1 63 -1 60 -1 59 -1 57 -1 #SUP: 126
70 -1 66 -1 64 -1 63 -1 61 -1 #SUP: 132
70 -1 66 -1 64 -1 63 -1 61 -1 57 -1 #SUP: 116
70 -1 66 -1 64 -1 63 -1 61 -1 59 -1 #SUP: 115
70 -1 66 -1 64 -1 63 -1 61 -1 60 -1 #SUP: 119
70 -1 66 -1 65 -1 #SUP: 241
70 -1 66 -1 65 -1 54 -1 #SUP: 114
70 -1 66 -1 65 -1 56 -1 #SUP: 158
70 -1 66 -1 65 -1 57 -1 #SUP: 164
70 -1 66 -1 65 -1 57 -1 56 -1 #SUP: 136
70 -1 66 -1 65 -1 59 -1 #SUP: 176
70 -1 66 -1 65 -1 59 -1 56 -1 #SUP: 146
70 -1 66 -1 65 -1 59 -1 57 -1 #SUP: 150
70 -1 66 -1 65 -1 59 -1 57 -1 56 -1 #SUP: 130
70 -1 66 -1 65 -1 74 -1 #SUP: 119
70 -1 66 -1 65 -1 60 -1 #SUP: 184
70 -1 66 -1 65 -1 60 -1 56 -1 #SUP: 143
70 -1 66 -1 65 -1 60 -1 57 -1 #SUP: 148
70 -1 66 -1 65 -1 60 -1 57 -1 56 -1 #SUP: 126
70 -1 66 -1 65 -1 60 -1 59 -1 #SUP: 159
70 -1 66 -1 65 -1 60 -1 59 -1 57 -1 #SUP: 137
70 -1 66 -1 65 -1 60 -1 59 -1 57 -1 56 -1 #SUP: 121
70 -1 66 -1 65 -1 61 -1 #SUP: 164
70 -1 66 -1 65 -1 61 -1 57 -1 #SUP: 126
70 -1 66 -1 65 -1 61 -1 59 -1 #SUP: 135
70 -1 66 -1 65 -1 61 -1 59 -1 57 -1 #SUP: 116
70 -1 66 -1 65 -1 61 -1 60 -1 #SUP: 147
70 -1 66 -1 65 -1 61 -1 60 -1 57 -1 #SUP: 119
70 -1 66 -1 65 -1 61 -1 60 -1 59 -1 #SUP: 127
70 -1 66 -1 65 -1 62 -1 #SUP: 137
70 -1 66 -1 65 -1 63 -1 #SUP: 177
70 -1 66 -1 65 -1 63 -1 56 -1 #SUP: 134
70 -1 66 -1 65 -1 63 -1 57 -1 #SUP: 140
70 -1 66 -1 65 -1 63 -1 57 -1 56 -1 #SUP: 121
70 -1 66 -1 65 -1 63 -1 59 -1 #SUP: 142
70 -1 66 -1 65 -1 63 -1 59 -1 56 -1 #SUP: 124
70 -1 66 -1 65 -1 63 -1 59 -1 57 -1 #SUP: 130
70 -1 66 -1 65 -1 63 -1 59 -1 57 -1 56 -1 #SUP: 116
70 -1 66 -1 65 -1 63 -1 60 -1 #SUP: 144
70 -1 66 -1 65 -1 63 -1 60 -1 56 -1 #SUP: 124
70 -1 66 -1 65 -1 63 -1 60 -1 57 -1 #SUP: 128
70 -1 66 -1 65 -1 63 -1 60 -1 57 -1 56 -1 #SUP: 114
70 -1 66 -1 65 -1 63 -1 60 -1 59 -1 #SUP: 131
70 -1 66 -1 65 -1 63 -1 60 -1 59 -1 56 -1 #SUP: 117
70 -1 66 -1 65 -1 63 -1 60 -1 59 -1 57 -1 #SUP: 122
70 -1 66 -1 65 -1 63 -1 61 -1 #SUP: 134
70 -1 66 -1 65 -1 63 -1 61 -1 60 -1 #SUP: 122
71 -1 65 -1 64 -1 61 -1 59 -1 #SUP: 125
70 -1 66 -1 65 -1 64 -1 #SUP: 185
70 -1 66 -1 65 -1 64 -1 56 -1 #SUP: 133
70 -1 66 -1 65 -1 64 -1 57 -1 56 -1 #SUP: 126
70 -1 66 -1 65 -1 64 -1 59 -1 #SUP: 142
70 -1 66 -1 65 -1 64 -1 59 -1 56 -1 #SUP: 126
70 -1 66 -1 65 -1 64 -1 59 -1 57 -1 #SUP: 135
70 -1 66 -1 65 -1 64 -1 59 -1 57 -1 56 -1 #SUP: 121
70 -1 66 -1 65 -1 64 -1 60 -1 #SUP: 139
70 -1 66 -1 65 -1 64 -1 60 -1 56 -1 #SUP: 122
70 -1 66 -1 65 -1 64 -1 60 -1 57 -1 #SUP: 130
71 -1 66 -1 65 -1 64 -1 63 -1 57 -1 #SUP: 132
70 -1 66 -1 65 -1 64 -1 60 -1 57 -1 56 -1 #SUP: 117
70 -1 66 -1 65 -1 64 -1 60 -1 59 -1 #SUP: 128
70 -1 66 -1 65 -1 64 -1 60 -1 59 -1 56 -1 #SUP: 117
70 -1 66 -1 65 -1 64 -1 60 -1 59 -1 57 -1 #SUP: 123
70 -1 66 -1 65 -1 64 -1 61 -1 #SUP: 127
70 -1 66 -1 65 -1 64 -1 61 -1 57 -1 #SUP: 114
70 -1 66 -1 65 -1 64 -1 61 -1 60 -1 #SUP: 114
70 -1 66 -1 65 -1 64 -1 63 -1 #SUP: 148
70 -1 66 -1 65 -1 64 -1 63 -1 56 -1 #SUP: 118
70 -1 66 -1 65 -1 64 -1 63 -1 57 -1 56 -1 #SUP: 114
70 -1 66 -1 65 -1 64 -1 63 -1 59 -1 #SUP: 124
70 -1 66 -1 65 -1 64 -1 63 -1 59 -1 57 -1 #SUP: 120
70 -1 66 -1 65 -1 64 -1 63 -1 60 -1 #SUP: 122
70 -1 66 -1 65 -1 64 -1 63 -1 60 -1 57 -1 #SUP: 118
70 -1 66 -1 65 -1 64 -1 63 -1 60 -1 59 -1 #SUP: 116
70 -1 52 -1 #SUP: 153
71 -1 #SUP: 815
71 -1 67 -1 #SUP: 334
71 -1 67 -1 54 -1 #SUP: 142
71 -1 67 -1 55 -1 #SUP: 138
71 -1 67 -1 56 -1 #SUP: 144
71 -1 67 -1 57 -1 #SUP: 168
71 -1 67 -1 57 -1 56 -1 #SUP: 120
71 -1 67 -1 59 -1 #SUP: 183
71 -1 67 -1 59 -1 56 -1 #SUP: 122
71 -1 67 -1 59 -1 57 -1 #SUP: 141
71 -1 67 -1 74 -1 #SUP: 149
71 -1 67 -1 60 -1 #SUP: 203
71 -1 67 -1 60 -1 56 -1 #SUP: 127
71 -1 67 -1 60 -1 57 -1 #SUP: 147
71 -1 67 -1 60 -1 59 -1 57 -1 #SUP: 130
71 -1 67 -1 75 -1 #SUP: 126
71 -1 67 -1 61 -1 #SUP: 241
71 -1 67 -1 61 -1 54 -1 #SUP: 127
72 -1 66 -1 65 -1 60 -1 56 -1 #SUP: 130
71 -1 67 -1 61 -1 56 -1 #SUP: 125
71 -1 67 -1 61 -1 57 -1 #SUP: 148
71 -1 67 -1 61 -1 59 -1 #SUP: 160
71 -1 67 -1 61 -1 59 -1 57 -1 #SUP: 131
71 -1 67 -1 61 -1 74 -1 #SUP: 128
71 -1 67 -1 61 -1 60 -1 #SUP: 180
71 -1 67 -1 61 -1 60 -1 57 -1 #SUP: 132
71 -1 67 -1 61 -1 60 -1 59 -1 #SUP: 142
73 -1 72 -1 63 -1 59 -1 #SUP: 133
71 -1 67 -1 61 -1 60 -1 59 -1 57 -1 #SUP: 121
71 -1 67 -1 62 -1 #SUP: 176
71 -1 67 -1 62 -1 60 -1 #SUP: 118
71 -1 67 -1 62 -1 61 -1 #SUP: 140
71 -1 67 -1 63 -1 #SUP: 194
71 -1 67 -1 63 -1 56 -1 #SUP: 115
71 -1 67 -1 63 -1 57 -1 #SUP: 133
71 -1 67 -1 63 -1 59 -1 #SUP: 144
71 -1 67 -1 63 -1 59 -1 57 -1 #SUP: 120
71 -1 67 -1 63 -1 60 -1 #SUP: 158
72 -1 71 -1 67 -1 59 -1 #SUP: 160
71 -1 67 -1 63 -1 60 -1 57 -1 #SUP: 122
71 -1 67 -1 63 -1 60 -1 59 -1 #SUP: 137
71 -1 67 -1 63 -1 60 -1 59 -1 57 -1 #SUP: 116
71 -1 67 -1 63 -1 61 -1 #SUP: 172
71 -1 67 -1 63 -1 61 -1 57 -1 #SUP: 123
71 -1 67 -1 63 -1 61 -1 59 -1 #SUP: 134
71 -1 67 -1 63 -1 61 -1 60 -1 #SUP: 147
71 -1 67 -1 63 -1 61 -1 60 -1 57 -1 #SUP: 114
71 -1 67 -1 63 -1 61 -1 60 -1 59 -1 #SUP: 129
71 -1 67 -1 64 -1 #SUP: 201
71 -1 67 -1 64 -1 56 -1 #SUP: 116
71 -1 67 -1 64 -1 57 -1 #SUP: 150
71 -1 67 -1 64 -1 59 -1 #SUP: 145
71 -1 67 -1 64 -1 59 -1 57 -1 #SUP: 130
71 -1 67 -1 64 -1 60 -1 #SUP: 161
71 -1 67 -1 64 -1 60 -1 57 -1 #SUP: 135
71 -1 67 -1 64 -1 60 -1 59 -1 #SUP: 133
71 -1 67 -1 64 -1 60 -1 59 -1 57 -1 #SUP: 122
71 -1 67 -1 64 -1 61 -1 #SUP: 166
71 -1 67 -1 64 -1 61 -1 57 -1 #SUP: 135
71 -1 67 -1 64 -1 61 -1 59 -1 #SUP: 135
71 -1 67 -1 64 -1 61 -1 59 -1 57 -1 #SUP: 123
71 -1 67 -1 64 -1 61 -1 60 -1 #SUP: 148
71 -1 67 -1 64 -1 61 -1 60 -1 57 -1 #SUP: 124
71 -1 67 -1 64 -1 61 -1 60 -1 59 -1 #SUP: 125
71 -1 67 -1 64 -1 61 -1 60 -1 59 -1 57 -1 #SUP: 115
71 -1 67 -1 64 -1 62 -1 #SUP: 121
71 -1 67 -1 64 -1 63 -1 #SUP: 153
71 -1 67 -1 64 -1 63 -1 57 -1 #SUP: 122
71 -1 67 -1 64 -1 63 -1 59 -1 #SUP: 124
71 -1 67 -1 64 -1 63 -1 60 -1 #SUP: 136
71 -1 67 -1 64 -1 63 -1 60 -1 57 -1 #SUP: 116
71 -1 67 -1 64 -1 63 -1 60 -1 59 -1 #SUP: 121
71 -1 67 -1 64 -1 63 -1 61 -1 #SUP: 139
71 -1 67 -1 64 -1 63 -1 61 -1 57 -1 #SUP: 114
71 -1 67 -1 64 -1 63 -1 61 -1 59 -1 #SUP: 117
71 -1 67 -1 64 -1 63 -1 61 -1 60 -1 #SUP: 129
71 -1 67 -1 66 -1 61 -1 59 -1 #SUP: 135
71 -1 67 -1 64 -1 63 -1 61 -1 60 -1 59 -1 #SUP: 116
71 -1 67 -1 65 -1 #SUP: 221
71 -1 67 -1 65 -1 56 -1 #SUP: 122
71 -1 67 -1 65 -1 57 -1 #SUP: 138
71 -1 67 -1 65 -1 59 -1 #SUP: 153
71 -1 67 -1 65 -1 59 -1 57 -1 #SUP: 127
71 -1 67 -1 65 -1 60 -1 #SUP: 158
71 -1 67 -1 65 -1 60 -1 57 -1 #SUP: 125
71 -1 67 -1 65 -1 60 -1 59 -1 #SUP: 136
71 -1 67 -1 65 -1 60 -1 59 -1 57 -1 #SUP: 117
71 -1 67 -1 65 -1 61 -1 #SUP: 170
71 -1 67 -1 65 -1 61 -1 57 -1 #SUP: 128
71 -1 67 -1 65 -1 61 -1 59 -1 #SUP: 139
71 -1 67 -1 65 -1 61 -1 59 -1 57 -1 #SUP: 119
71 -1 67 -1 65 -1 61 -1 60 -1 #SUP: 146
71 -1 67 -1 65 -1 61 -1 60 -1 57 -1 #SUP: 116
71 -1 67 -1 65 -1 61 -1 60 -1 59 -1 #SUP: 124
71 -1 67 -1 65 -1 62 -1 #SUP: 126
71 -1 67 -1 65 -1 63 -1 #SUP: 151
71 -1 67 -1 65 -1 63 -1 57 -1 #SUP: 114
71 -1 67 -1 65 -1 63 -1 59 -1 #SUP: 126
71 -1 67 -1 65 -1 63 -1 60 -1 #SUP: 131
71 -1 67 -1 65 -1 63 -1 60 -1 59 -1 #SUP: 120
71 -1 67 -1 65 -1 63 -1 61 -1 #SUP: 136
71 -1 67 -1 65 -1 63 -1 61 -1 59 -1 #SUP: 116
71 -1 67 -1 65 -1 63 -1 61 -1 60 -1 #SUP: 123
71 -1 67 -1 65 -1 64 -1 #SUP: 167
71 -1 67 -1 65 -1 64 -1 57 -1 #SUP: 129
71 -1 67 -1 65 -1 64 -1 59 -1 #SUP: 130
71 -1 67 -1 65 -1 64 -1 59 -1 57 -1 #SUP: 118
71 -1 67 -1 65 -1 64 -1 60 -1 #SUP: 135
71 -1 67 -1 65 -1 64 -1 60 -1 57 -1 #SUP: 118
71 -1 67 -1 65 -1 64 -1 60 -1 59 -1 #SUP: 118
71 -1 67 -1 65 -1 64 -1 61 -1 #SUP: 140
72 -1 63 -1 74 -1 #SUP: 138
71 -1 67 -1 65 -1 64 -1 61 -1 57 -1 #SUP: 120
73 -1 72 -1 71 -1 61 -1 59 -1 #SUP: 119
71 -1 67 -1 65 -1 64 -1 61 -1 59 -1 #SUP: 120
71 -1 67 -1 65 -1 64 -1 61 -1 60 -1 #SUP: 126
71 -1 67 -1 65 -1 64 -1 63 -1 #SUP: 129
71 -1 67 -1 65 -1 64 -1 63 -1 60 -1 #SUP: 115
71 -1 67 -1 65 -1 64 -1 63 -1 61 -1 #SUP: 117
72 -1 71 -1 63 -1 61 -1 57 -1 #SUP: 116
71 -1 67 -1 66 -1 #SUP: 244
71 -1 67 -1 66 -1 56 -1 #SUP: 133
71 -1 67 -1 66 -1 57 -1 #SUP: 150
71 -1 67 -1 66 -1 57 -1 56 -1 #SUP: 115
72 -1 70 -1 67 -1 65 -1 61 -1 59 -1 #SUP: 118
71 -1 67 -1 66 -1 59 -1 #SUP: 153
71 -1 67 -1 66 -1 59 -1 56 -1 #SUP: 118
71 -1 67 -1 66 -1 59 -1 57 -1 #SUP: 129
73 -1 72 -1 65 -1 57 -1 #SUP: 124
71 -1 67 -1 66 -1 74 -1 #SUP: 119
71 -1 67 -1 66 -1 60 -1 #SUP: 172
71 -1 67 -1 66 -1 60 -1 57 -1 #SUP: 136
73 -1 67 -1 62 -1 54 -1 #SUP: 121
71 -1 67 -1 66 -1 60 -1 59 -1 #SUP: 139
71 -1 67 -1 66 -1 60 -1 59 -1 57 -1 #SUP: 121
71 -1 67 -1 66 -1 61 -1 #SUP: 178
71 -1 67 -1 66 -1 61 -1 56 -1 #SUP: 115
72 -1 71 -1 68 -1 67 -1 61 -1 #SUP: 114
71 -1 67 -1 66 -1 61 -1 57 -1 #SUP: 135
71 -1 67 -1 66 -1 61 -1 59 -1 57 -1 #SUP: 121
71 -1 67 -1 66 -1 61 -1 60 -1 #SUP: 151
71 -1 67 -1 66 -1 61 -1 60 -1 57 -1 #SUP: 123
71 -1 67 -1 66 -1 61 -1 60 -1 59 -1 #SUP: 125
71 -1 67 -1 66 -1 62 -1 #SUP: 125
71 -1 67 -1 66 -1 63 -1 #SUP: 149
71 -1 67 -1 66 -1 63 -1 59 -1 #SUP: 122
71 -1 67 -1 66 -1 63 -1 60 -1 #SUP: 133
71 -1 67 -1 66 -1 63 -1 60 -1 57 -1 #SUP: 115
71 -1 67 -1 66 -1 63 -1 60 -1 59 -1 #SUP: 120
71 -1 67 -1 66 -1 63 -1 61 -1 #SUP: 136
71 -1 67 -1 66 -1 63 -1 61 -1 59 -1 #SUP: 114
71 -1 67 -1 66 -1 63 -1 61 -1 60 -1 #SUP: 122
71 -1 67 -1 66 -1 64 -1 #SUP: 164
71 -1 67 -1 66 -1 64 -1 57 -1 #SUP: 136
71 -1 67 -1 66 -1 64 -1 59 -1 #SUP: 126
71 -1 67 -1 66 -1 64 -1 59 -1 57 -1 #SUP: 121
71 -1 67 -1 66 -1 64 -1 60 -1 57 -1 #SUP: 124
71 -1 67 -1 66 -1 64 -1 60 -1 59 -1 #SUP: 115
71 -1 67 -1 66 -1 64 -1 61 -1 #SUP: 136
71 -1 66 -1 64 -1 57 -1 56 -1 #SUP: 136
71 -1 67 -1 66 -1 64 -1 61 -1 57 -1 #SUP: 124
71 -1 67 -1 66 -1 64 -1 61 -1 59 -1 #SUP: 117
71 -1 67 -1 66 -1 64 -1 61 -1 59 -1 57 -1 #SUP: 114
71 -1 67 -1 66 -1 64 -1 61 -1 60 -1 #SUP: 122
71 -1 67 -1 66 -1 64 -1 61 -1 60 -1 57 -1 #SUP: 114
71 -1 67 -1 66 -1 64 -1 63 -1 #SUP: 122
71 -1 67 -1 66 -1 64 -1 63 -1 57 -1 #SUP: 114
71 -1 67 -1 66 -1 65 -1 #SUP: 180
71 -1 67 -1 66 -1 65 -1 57 -1 #SUP: 129
71 -1 67 -1 66 -1 65 -1 59 -1 #SUP: 134
71 -1 67 -1 66 -1 65 -1 59 -1 57 -1 #SUP: 119
71 -1 67 -1 66 -1 65 -1 60 -1 #SUP: 140
71 -1 67 -1 66 -1 65 -1 60 -1 57 -1 #SUP: 118
71 -1 67 -1 66 -1 65 -1 60 -1 59 -1 #SUP: 123
71 -1 67 -1 66 -1 65 -1 61 -1 #SUP: 143
71 -1 67 -1 66 -1 65 -1 61 -1 57 -1 #SUP: 119
71 -1 67 -1 66 -1 65 -1 61 -1 59 -1 #SUP: 122
71 -1 67 -1 66 -1 65 -1 61 -1 60 -1 #SUP: 128
71 -1 67 -1 66 -1 65 -1 63 -1 #SUP: 125
71 -1 67 -1 66 -1 65 -1 63 -1 61 -1 #SUP: 116
71 -1 67 -1 66 -1 65 -1 64 -1 #SUP: 144
71 -1 67 -1 66 -1 65 -1 64 -1 57 -1 #SUP: 124
71 -1 67 -1 66 -1 65 -1 64 -1 59 -1 #SUP: 119
71 -1 67 -1 66 -1 65 -1 64 -1 59 -1 57 -1 #SUP: 114
71 -1 70 -1 67 -1 59 -1 57 -1 #SUP: 114
71 -1 67 -1 66 -1 65 -1 64 -1 60 -1 #SUP: 120
71 -1 67 -1 66 -1 65 -1 64 -1 61 -1 #SUP: 123
71 -1 67 -1 66 -1 65 -1 64 -1 61 -1 57 -1 #SUP: 115
71 -1 53 -1 #SUP: 180
71 -1 68 -1 #SUP: 278
71 -1 68 -1 67 -1 #SUP: 158
71 -1 68 -1 67 -1 61 -1 #SUP: 132
71 -1 68 -1 67 -1 62 -1 #SUP: 117
71 -1 68 -1 67 -1 65 -1 #SUP: 115
71 -1 68 -1 67 -1 66 -1 #SUP: 122
71 -1 68 -1 55 -1 #SUP: 119
71 -1 68 -1 57 -1 #SUP: 119
71 -1 68 -1 59 -1 #SUP: 126
71 -1 68 -1 60 -1 #SUP: 127
71 -1 70 -1 67 -1 65 -1 63 -1 #SUP: 125
71 -1 68 -1 75 -1 #SUP: 133
71 -1 68 -1 61 -1 #SUP: 149
71 -1 68 -1 62 -1 #SUP: 169
71 -1 68 -1 62 -1 61 -1 #SUP: 116
71 -1 68 -1 63 -1 #SUP: 123
71 -1 68 -1 64 -1 #SUP: 128
71 -1 68 -1 65 -1 #SUP: 142
71 -1 68 -1 66 -1 #SUP: 147
71 -1 12 -1 #SUP: 135
71 -1 55 -1 #SUP: 243
71 -1 70 -1 #SUP: 325
71 -1 70 -1 67 -1 #SUP: 194
71 -1 70 -1 67 -1 56 -1 #SUP: 115
71 -1 70 -1 67 -1 57 -1 #SUP: 127
71 -1 70 -1 67 -1 59 -1 #SUP: 132
71 -1 70 -1 67 -1 60 -1 #SUP: 144
71 -1 70 -1 67 -1 60 -1 57 -1 #SUP: 116
71 -1 70 -1 67 -1 61 -1 #SUP: 159
71 -1 70 -1 67 -1 61 -1 57 -1 #SUP: 119
71 -1 70 -1 67 -1 61 -1 59 -1 #SUP: 125
71 -1 70 -1 67 -1 61 -1 60 -1 #SUP: 135
71 -1 70 -1 67 -1 61 -1 60 -1 59 -1 #SUP: 116
71 -1 70 -1 67 -1 62 -1 #SUP: 121
71 -1 70 -1 67 -1 63 -1 #SUP: 150
71 -1 70 -1 67 -1 63 -1 59 -1 #SUP: 115
71 -1 70 -1 67 -1 63 -1 60 -1 #SUP: 125
71 -1 70 -1 67 -1 63 -1 61 -1 #SUP: 136
71 -1 70 -1 67 -1 63 -1 61 -1 60 -1 #SUP: 121
71 -1 70 -1 67 -1 64 -1 #SUP: 154
72 -1 67 -1 65 -1 61 -1 59 -1 #SUP: 161
71 -1 70 -1 67 -1 64 -1 57 -1 #SUP: 118
71 -1 70 -1 67 -1 64 -1 59 -1 #SUP: 117
71 -1 70 -1 67 -1 64 -1 60 -1 #SUP: 128
71 -1 70 -1 67 -1 64 -1 61 -1 #SUP: 132
71 -1 70 -1 67 -1 64 -1 61 -1 60 -1 #SUP: 121
71 -1 70 -1 67 -1 64 -1 63 -1 #SUP: 127
71 -1 70 -1 67 -1 64 -1 63 -1 61 -1 #SUP: 118
71 -1 70 -1 67 -1 65 -1 #SUP: 161
71 -1 70 -1 67 -1 65 -1 59 -1 #SUP: 117
71 -1 70 -1 67 -1 65 -1 60 -1 #SUP: 123
71 -1 70 -1 67 -1 65 -1 61 -1 #SUP: 127
71 -1 70 -1 67 -1 65 -1 61 -1 60 -1 #SUP: 117
71 -1 70 -1 67 -1 65 -1 64 -1 #SUP: 134
71 -1 70 -1 67 -1 66 -1 #SUP: 159
71 -1 70 -1 67 -1 66 -1 57 -1 #SUP: 115
71 -1 70 -1 67 -1 66 -1 60 -1 #SUP: 122
72 -1 56 -1 54 -1 #SUP: 117
71 -1 70 -1 67 -1 66 -1 61 -1 #SUP: 125
71 -1 70 -1 67 -1 66 -1 63 -1 #SUP: 117
71 -1 70 -1 67 -1 66 -1 64 -1 #SUP: 125
71 -1 70 -1 67 -1 66 -1 65 -1 #SUP: 130
71 -1 70 -1 67 -1 66 -1 65 -1 64 -1 #SUP: 115
71 -1 70 -1 68 -1 #SUP: 154
71 -1 70 -1 55 -1 #SUP: 123
71 -1 70 -1 56 -1 #SUP: 165
71 -1 70 -1 57 -1 56 -1 #SUP: 144
71 -1 70 -1 59 -1 #SUP: 191
71 -1 70 -1 59 -1 56 -1 #SUP: 138
71 -1 70 -1 59 -1 57 -1 56 -1 #SUP: 129
71 -1 70 -1 74 -1 #SUP: 120
71 -1 70 -1 60 -1 #SUP: 187
71 -1 70 -1 60 -1 56 -1 #SUP: 134
71 -1 70 -1 60 -1 57 -1 #SUP: 143
71 -1 70 -1 60 -1 57 -1 56 -1 #SUP: 121
71 -1 70 -1 60 -1 59 -1 #SUP: 155
71 -1 70 -1 60 -1 59 -1 56 -1 #SUP: 120
71 -1 70 -1 60 -1 59 -1 57 -1 #SUP: 132
71 -1 70 -1 60 -1 59 -1 57 -1 56 -1 #SUP: 114
71 -1 70 -1 61 -1 #SUP: 188
71 -1 70 -1 61 -1 56 -1 #SUP: 114
71 -1 70 -1 61 -1 59 -1 #SUP: 139
71 -1 70 -1 61 -1 59 -1 57 -1 #SUP: 115
71 -1 70 -1 61 -1 60 -1 #SUP: 148
71 -1 70 -1 61 -1 60 -1 57 -1 #SUP: 114
71 -1 70 -1 61 -1 60 -1 59 -1 #SUP: 127
71 -1 70 -1 62 -1 #SUP: 168
71 -1 70 -1 62 -1 61 -1 #SUP: 120
71 -1 70 -1 63 -1 #SUP: 224
71 -1 70 -1 63 -1 56 -1 #SUP: 138
71 -1 70 -1 63 -1 57 -1 #SUP: 151
71 -1 64 -1 61 -1 60 -1 #SUP: 155
71 -1 70 -1 63 -1 57 -1 56 -1 #SUP: 124
71 -1 70 -1 63 -1 59 -1 #SUP: 158
71 -1 70 -1 63 -1 59 -1 56 -1 #SUP: 118
71 -1 70 -1 63 -1 59 -1 57 -1 #SUP: 135
71 -1 70 -1 63 -1 60 -1 #SUP: 158
71 -1 70 -1 63 -1 60 -1 56 -1 #SUP: 116
71 -1 70 -1 63 -1 60 -1 57 -1 #SUP: 125
71 -1 70 -1 63 -1 60 -1 59 -1 #SUP: 137
71 -1 70 -1 63 -1 60 -1 59 -1 57 -1 #SUP: 119
71 -1 70 -1 63 -1 61 -1 #SUP: 163
71 -1 70 -1 63 -1 61 -1 59 -1 #SUP: 126
71 -1 70 -1 63 -1 61 -1 60 -1 #SUP: 134
71 -1 70 -1 63 -1 61 -1 60 -1 59 -1 #SUP: 119
72 -1 66 -1 60 -1 57 -1 56 -1 #SUP: 129
71 -1 70 -1 63 -1 62 -1 #SUP: 133
71 -1 70 -1 64 -1 #SUP: 235
71 -1 70 -1 64 -1 56 -1 #SUP: 139
71 -1 70 -1 64 -1 57 -1 #SUP: 164
71 -1 70 -1 64 -1 57 -1 56 -1 #SUP: 130
71 -1 70 -1 64 -1 59 -1 #SUP: 159
71 -1 70 -1 64 -1 59 -1 56 -1 #SUP: 123
71 -1 70 -1 66 -1 64 -1 60 -1 57 -1 #SUP: 125
71 -1 70 -1 64 -1 59 -1 57 -1 #SUP: 141
71 -1 70 -1 64 -1 59 -1 57 -1 56 -1 #SUP: 118
71 -1 70 -1 64 -1 60 -1 #SUP: 159
71 -1 70 -1 64 -1 60 -1 56 -1 #SUP: 118
71 -1 70 -1 64 -1 60 -1 57 -1 #SUP: 133
71 -1 70 -1 64 -1 60 -1 59 -1 #SUP: 135
71 -1 70 -1 64 -1 60 -1 59 -1 57 -1 #SUP: 122
71 -1 70 -1 64 -1 61 -1 #SUP: 150
71 -1 70 -1 64 -1 61 -1 57 -1 #SUP: 115
71 -1 70 -1 64 -1 61 -1 60 -1 #SUP: 128
71 -1 70 -1 64 -1 62 -1 #SUP: 133
71 -1 70 -1 64 -1 63 -1 #SUP: 184
71 -1 70 -1 64 -1 63 -1 56 -1 #SUP: 119
71 -1 70 -1 64 -1 63 -1 57 -1 #SUP: 136
72 -1 71 -1 67 -1 63 -1 60 -1 #SUP: 140
71 -1 70 -1 64 -1 63 -1 59 -1 #SUP: 137
71 -1 70 -1 64 -1 63 -1 59 -1 57 -1 #SUP: 122
71 -1 70 -1 64 -1 63 -1 60 -1 #SUP: 136
71 -1 70 -1 64 -1 63 -1 60 -1 57 -1 #SUP: 115
71 -1 70 -1 64 -1 63 -1 60 -1 59 -1 #SUP: 122
71 -1 70 -1 64 -1 63 -1 61 -1 #SUP: 135
71 -1 66 -1 64 -1 63 -1 60 -1 #SUP: 142
71 -1 70 -1 64 -1 63 -1 61 -1 60 -1 #SUP: 118
71 -1 70 -1 65 -1 #SUP: 228
71 -1 70 -1 65 -1 56 -1 #SUP: 143
71 -1 70 -1 65 -1 57 -1 #SUP: 153
71 -1 70 -1 65 -1 57 -1 56 -1 #SUP: 129
71 -1 70 -1 65 -1 59 -1 #SUP: 159
71 -1 70 -1 65 -1 59 -1 56 -1 #SUP: 130
71 -1 70 -1 65 -1 59 -1 57 -1 #SUP: 140
71 -1 70 -1 65 -1 59 -1 57 -1 56 -1 #SUP: 122
71 -1 70 -1 65 -1 60 -1 #SUP: 152
71 -1 70 -1 65 -1 60 -1 57 -1 #SUP: 126
71 -1 70 -1 65 -1 60 -1 59 -1 #SUP: 134
71 -1 70 -1 65 -1 60 -1 59 -1 56 -1 #SUP: 114
71 -1 70 -1 65 -1 60 -1 59 -1 57 -1 #SUP: 119
71 -1 70 -1 65 -1 61 -1 #SUP: 143
71 -1 70 -1 65 -1 61 -1 59 -1 #SUP: 118
71 -1 70 -1 65 -1 61 -1 60 -1 #SUP: 122
71 -1 70 -1 65 -1 62 -1 #SUP: 135
71 -1 70 -1 65 -1 63 -1 #SUP: 178
71 -1 70 -1 65 -1 63 -1 56 -1 #SUP: 123
71 -1 70 -1 65 -1 63 -1 57 -1 #SUP: 131
71 -1 70 -1 65 -1 63 -1 59 -1 #SUP: 134
71 -1 70 -1 65 -1 63 -1 59 -1 57 -1 #SUP: 120
71 -1 70 -1 65 -1 63 -1 60 -1 #SUP: 129
71 -1 70 -1 65 -1 63 -1 60 -1 59 -1 #SUP: 117
71 -1 70 -1 65 -1 63 -1 61 -1 #SUP: 129
71 -1 70 -1 65 -1 63 -1 62 -1 #SUP: 114
71 -1 70 -1 65 -1 64 -1 #SUP: 190
71 -1 70 -1 65 -1 64 -1 56 -1 #SUP: 125
71 -1 70 -1 65 -1 64 -1 57 -1 #SUP: 140
71 -1 70 -1 65 -1 64 -1 57 -1 56 -1 #SUP: 118
71 -1 70 -1 65 -1 64 -1 59 -1 #SUP: 140
71 -1 70 -1 65 -1 64 -1 59 -1 56 -1 #SUP: 115
71 -1 70 -1 65 -1 64 -1 59 -1 57 -1 #SUP: 127
71 -1 70 -1 65 -1 64 -1 60 -1 57 -1 #SUP: 116
71 -1 70 -1 65 -1 64 -1 60 -1 59 -1 #SUP: 118
72 -1 70 -1 65 -1 60 -1 56 -1 #SUP: 118
71 -1 70 -1 65 -1 64 -1 61 -1 #SUP: 124
71 -1 70 -1 65 -1 64 -1 62 -1 #SUP: 116
71 -1 70 -1 65 -1 64 -1 63 -1 #SUP: 157
71 -1 70 -1 65 -1 64 -1 63 -1 57 -1 #SUP: 122
71 -1 70 -1 65 -1 64 -1 63 -1 59 -1 #SUP: 122
71 -1 70 -1 65 -1 64 -1 63 -1 60 -1 #SUP: 116
71 -1 70 -1 66 -1 #SUP: 217
71 -1 70 -1 66 -1 56 -1 #SUP: 137
71 -1 70 -1 66 -1 57 -1 #SUP: 149
71 -1 70 -1 66 -1 57 -1 56 -1 #SUP: 124
71 -1 70 -1 66 -1 59 -1 #SUP: 150
71 -1 70 -1 66 -1 59 -1 56 -1 #SUP: 122
71 -1 70 -1 66 -1 59 -1 57 -1 #SUP: 136
71 -1 70 -1 66 -1 59 -1 57 -1 56 -1 #SUP: 115
71 -1 70 -1 66 -1 60 -1 #SUP: 156
71 -1 70 -1 66 -1 60 -1 56 -1 #SUP: 124
71 -1 70 -1 66 -1 60 -1 57 -1 #SUP: 133
71 -1 70 -1 66 -1 60 -1 57 -1 56 -1 #SUP: 115
71 -1 70 -1 66 -1 60 -1 59 -1 #SUP: 136
71 -1 70 -1 66 -1 60 -1 59 -1 56 -1 #SUP: 115
71 -1 70 -1 66 -1 60 -1 59 -1 57 -1 #SUP: 125
71 -1 70 -1 66 -1 61 -1 #SUP: 141
71 -1 70 -1 66 -1 61 -1 57 -1 #SUP: 114
71 -1 70 -1 66 -1 61 -1 59 -1 #SUP: 116
71 -1 70 -1 66 -1 61 -1 60 -1 #SUP: 121
72 -1 68 -1 60 -1 59 -1 #SUP: 118
71 -1 70 -1 66 -1 62 -1 #SUP: 121
73 -1 71 -1 67 -1 61 -1 60 -1 #SUP: 120
71 -1 70 -1 66 -1 63 -1 #SUP: 160
71 -1 70 -1 66 -1 63 -1 56 -1 #SUP: 116
71 -1 70 -1 66 -1 63 -1 57 -1 #SUP: 127
71 -1 70 -1 66 -1 63 -1 59 -1 #SUP: 126
71 -1 70 -1 66 -1 63 -1 59 -1 57 -1 #SUP: 118
71 -1 70 -1 66 -1 63 -1 60 -1 #SUP: 129
71 -1 70 -1 66 -1 63 -1 60 -1 57 -1 #SUP: 117
71 -1 70 -1 66 -1 63 -1 60 -1 59 -1 #SUP: 119
71 -1 70 -1 66 -1 63 -1 61 -1 #SUP: 125
71 -1 70 -1 66 -1 64 -1 #SUP: 169
71 -1 70 -1 66 -1 64 -1 56 -1 #SUP: 119
71 -1 70 -1 66 -1 64 -1 57 -1 #SUP: 138
71 -1 70 -1 66 -1 64 -1 57 -1 56 -1 #SUP: 115
71 -1 70 -1 66 -1 64 -1 59 -1 #SUP: 134
71 -1 70 -1 66 -1 64 -1 59 -1 57 -1 #SUP: 127
71 -1 70 -1 66 -1 64 -1 60 -1 #SUP: 133
71 -1 70 -1 66 -1 64 -1 60 -1 59 -1 #SUP: 122
71 -1 70 -1 66 -1 64 -1 60 -1 59 -1 57 -1 #SUP: 117
71 -1 70 -1 66 -1 64 -1 61 -1 #SUP: 122
71 -1 70 -1 66 -1 64 -1 63 -1 #SUP: 139
71 -1 70 -1 66 -1 64 -1 63 -1 57 -1 #SUP: 120
71 -1 70 -1 66 -1 64 -1 63 -1 59 -1 #SUP: 118
71 -1 70 -1 66 -1 64 -1 63 -1 60 -1 #SUP: 115
73 -1 71 -1 70 -1 60 -1 #SUP: 116
71 -1 70 -1 66 -1 65 -1 #SUP: 177
71 -1 70 -1 66 -1 65 -1 56 -1 #SUP: 122
71 -1 70 -1 66 -1 65 -1 57 -1 #SUP: 129
71 -1 70 -1 66 -1 65 -1 59 -1 #SUP: 131
71 -1 70 -1 66 -1 65 -1 59 -1 57 -1 #SUP: 120
71 -1 70 -1 66 -1 65 -1 60 -1 #SUP: 131
71 -1 70 -1 66 -1 65 -1 60 -1 57 -1 #SUP: 116
71 -1 70 -1 66 -1 65 -1 60 -1 59 -1 #SUP: 119
71 -1 70 -1 66 -1 65 -1 61 -1 #SUP: 115
71 -1 70 -1 66 -1 65 -1 63 -1 #SUP: 136
71 -1 70 -1 66 -1 65 -1 64 -1 #SUP: 149
71 -1 70 -1 66 -1 65 -1 64 -1 57 -1 #SUP: 123
71 -1 70 -1 66 -1 65 -1 64 -1 59 -1 #SUP: 119
71 -1 70 -1 66 -1 65 -1 64 -1 59 -1 57 -1 #SUP: 114
71 -1 70 -1 66 -1 65 -1 64 -1 60 -1 #SUP: 116
71 -1 70 -1 66 -1 65 -1 64 -1 63 -1 #SUP: 123
71 -1 56 -1 #SUP: 251
71 -1 57 -1 #SUP: 301
71 -1 57 -1 53 -1 #SUP: 114
71 -1 57 -1 54 -1 #SUP: 116
71 -1 57 -1 55 -1 #SUP: 119
71 -1 57 -1 56 -1 #SUP: 189
71 -1 57 -1 74 -1 #SUP: 128
71 -1 57 -1 51 -1 #SUP: 124
71 -1 72 -1 #SUP: 268
71 -1 72 -1 73 -1 #SUP: 115
71 -1 73 -1 #SUP: 217
71 -1 73 -1 74 -1 #SUP: 124
71 -1 59 -1 #SUP: 316
71 -1 59 -1 53 -1 #SUP: 116
71 -1 59 -1 55 -1 #SUP: 130
71 -1 59 -1 56 -1 #SUP: 182
71 -1 59 -1 57 -1 #SUP: 221
71 -1 59 -1 57 -1 56 -1 #SUP: 157
71 -1 59 -1 74 -1 #SUP: 132
71 -1 59 -1 52 -1 #SUP: 130
71 -1 74 -1 #SUP: 286
71 -1 74 -1 75 -1 #SUP: 145
71 -1 60 -1 #SUP: 295
71 -1 60 -1 53 -1 #SUP: 150
71 -1 60 -1 54 -1 #SUP: 133
71 -1 60 -1 55 -1 #SUP: 120
71 -1 60 -1 56 -1 #SUP: 169
71 -1 60 -1 57 -1 #SUP: 199
71 -1 60 -1 57 -1 56 -1 #SUP: 144
71 -1 60 -1 59 -1 #SUP: 215
71 -1 60 -1 59 -1 56 -1 #SUP: 147
71 -1 60 -1 59 -1 57 -1 #SUP: 173
71 -1 60 -1 59 -1 57 -1 56 -1 #SUP: 134
71 -1 60 -1 74 -1 #SUP: 125
71 -1 75 -1 #SUP: 235
71 -1 61 -1 #SUP: 297
71 -1 61 -1 54 -1 #SUP: 147
71 -1 61 -1 55 -1 #SUP: 127
71 -1 61 -1 56 -1 #SUP: 132
71 -1 61 -1 57 -1 #SUP: 160
71 -1 61 -1 57 -1 56 -1 #SUP: 117
71 -1 61 -1 59 -1 #SUP: 178
71 -1 61 -1 59 -1 57 -1 #SUP: 140
71 -1 61 -1 74 -1 #SUP: 140
71 -1 61 -1 60 -1 #SUP: 198
71 -1 61 -1 60 -1 56 -1 #SUP: 117
71 -1 61 -1 60 -1 57 -1 #SUP: 139
71 -1 61 -1 60 -1 59 -1 #SUP: 153
71 -1 61 -1 60 -1 59 -1 57 -1 #SUP: 128
71 -1 61 -1 75 -1 #SUP: 123
71 -1 62 -1 #SUP: 289
71 -1 62 -1 55 -1 #SUP: 145
71 -1 62 -1 57 -1 #SUP: 129
71 -1 62 -1 59 -1 #SUP: 142
71 -1 62 -1 60 -1 #SUP: 144
71 -1 62 -1 60 -1 59 -1 #SUP: 116
72 -1 64 -1 60 -1 59 -1 57 -1 56 -1 #SUP: 116
71 -1 62 -1 75 -1 #SUP: 120
71 -1 62 -1 61 -1 #SUP: 161
71 -1 62 -1 61 -1 60 -1 #SUP: 119
71 -1 48 -1 #SUP: 141
71 -1 77 -1 #SUP: 140
71 -1 63 -1 #SUP: 339
71 -1 63 -1 54 -1 #SUP: 117
71 -1 64 -1 63 -1 61 -1 59 -1 #SUP: 122
71 -1 63 -1 55 -1 #SUP: 122
71 -1 63 -1 56 -1 #SUP: 173
71 -1 63 -1 57 -1 #SUP: 203
71 -1 63 -1 57 -1 56 -1 #SUP: 149
71 -1 63 -1 59 -1 #SUP: 210
71 -1 63 -1 59 -1 56 -1 #SUP: 143
71 -1 63 -1 59 -1 57 -1 #SUP: 171
71 -1 63 -1 59 -1 57 -1 56 -1 #SUP: 134
71 -1 63 -1 74 -1 #SUP: 116
71 -1 63 -1 60 -1 #SUP: 202
71 -1 63 -1 60 -1 57 -1 #SUP: 156
71 -1 63 -1 60 -1 57 -1 56 -1 #SUP: 122
71 -1 63 -1 60 -1 59 -1 #SUP: 172
71 -1 63 -1 60 -1 59 -1 56 -1 #SUP: 123
71 -1 63 -1 60 -1 59 -1 57 -1 56 -1 #SUP: 117
71 -1 63 -1 61 -1 #SUP: 199
71 -1 63 -1 61 -1 57 -1 #SUP: 131
71 -1 63 -1 61 -1 59 -1 #SUP: 145
72 -1 67 -1 66 -1 65 -1 59 -1 #SUP: 151
71 -1 63 -1 61 -1 59 -1 57 -1 #SUP: 119
71 -1 63 -1 61 -1 60 -1 #SUP: 157
71 -1 63 -1 61 -1 60 -1 57 -1 #SUP: 120
71 -1 63 -1 61 -1 60 -1 59 -1 #SUP: 137
71 -1 63 -1 61 -1 60 -1 59 -1 57 -1 #SUP: 116
71 -1 63 -1 62 -1 #SUP: 161
71 -1 49 -1 #SUP: 164
71 -1 92 -1 #SUP: 128
71 -1 78 -1 #SUP: 117
71 -1 64 -1 #SUP: 349
71 -1 64 -1 53 -1 #SUP: 120
71 -1 64 -1 56 -1 #SUP: 174
71 -1 64 -1 57 -1 #SUP: 244
71 -1 64 -1 57 -1 56 -1 #SUP: 162
71 -1 64 -1 59 -1 #SUP: 219
71 -1 64 -1 59 -1 56 -1 #SUP: 145
71 -1 64 -1 59 -1 57 -1 #SUP: 190
71 -1 64 -1 59 -1 57 -1 56 -1 #SUP: 139
71 -1 64 -1 74 -1 #SUP: 130
71 -1 64 -1 60 -1 #SUP: 213
71 -1 64 -1 60 -1 56 -1 #SUP: 136
71 -1 64 -1 60 -1 57 -1 #SUP: 175
71 -1 64 -1 60 -1 57 -1 56 -1 #SUP: 131
71 -1 64 -1 60 -1 59 -1 #SUP: 170
71 -1 64 -1 60 -1 59 -1 56 -1 #SUP: 124
71 -1 64 -1 60 -1 59 -1 57 -1 #SUP: 155
71 -1 64 -1 60 -1 59 -1 57 -1 56 -1 #SUP: 122
71 -1 64 -1 61 -1 #SUP: 187
71 -1 64 -1 61 -1 57 -1 #SUP: 141
71 -1 64 -1 61 -1 59 -1 #SUP: 142
71 -1 64 -1 61 -1 59 -1 57 -1 #SUP: 127
71 -1 64 -1 61 -1 60 -1 57 -1 #SUP: 126
72 -1 66 -1 54 -1 74 -1 #SUP: 119
71 -1 64 -1 61 -1 60 -1 59 -1 #SUP: 128
71 -1 64 -1 61 -1 60 -1 59 -1 57 -1 #SUP: 117
71 -1 64 -1 62 -1 #SUP: 169
71 -1 64 -1 62 -1 60 -1 #SUP: 114
71 -1 64 -1 63 -1 #SUP: 239
71 -1 64 -1 63 -1 56 -1 #SUP: 140
71 -1 64 -1 63 -1 57 -1 #SUP: 176
71 -1 64 -1 63 -1 57 -1 56 -1 #SUP: 130
71 -1 64 -1 63 -1 59 -1 #SUP: 170
71 -1 64 -1 63 -1 59 -1 56 -1 #SUP: 122
71 -1 64 -1 63 -1 59 -1 57 -1 #SUP: 152
71 -1 64 -1 63 -1 59 -1 57 -1 56 -1 #SUP: 120
71 -1 64 -1 63 -1 60 -1 #SUP: 166
71 -1 64 -1 63 -1 60 -1 56 -1 #SUP: 115
71 -1 64 -1 63 -1 60 -1 57 -1 #SUP: 140
71 -1 64 -1 63 -1 60 -1 59 -1 #SUP: 145
71 -1 64 -1 63 -1 60 -1 59 -1 57 -1 #SUP: 132
71 -1 64 -1 63 -1 61 -1 #SUP: 156
71 -1 64 -1 63 -1 61 -1 57 -1 #SUP: 118
71 -1 64 -1 63 -1 61 -1 60 -1 #SUP: 134
71 -1 64 -1 63 -1 61 -1 60 -1 59 -1 #SUP: 119
71 -1 64 -1 63 -1 62 -1 #SUP: 125
71 -1 65 -1 #SUP: 352
71 -1 65 -1 53 -1 #SUP: 124
71 -1 65 -1 54 -1 #SUP: 130
71 -1 65 -1 55 -1 #SUP: 133
71 -1 65 -1 56 -1 #SUP: 180
71 -1 65 -1 57 -1 #SUP: 205
71 -1 65 -1 57 -1 56 -1 #SUP: 154
71 -1 65 -1 59 -1 #SUP: 237
71 -1 65 -1 59 -1 56 -1 #SUP: 159
71 -1 65 -1 59 -1 57 -1 #SUP: 184
71 -1 65 -1 59 -1 74 -1 #SUP: 116
71 -1 65 -1 74 -1 #SUP: 142
71 -1 65 -1 60 -1 #SUP: 213
71 -1 65 -1 60 -1 56 -1 #SUP: 144
71 -1 65 -1 60 -1 57 -1 #SUP: 160
71 -1 65 -1 60 -1 57 -1 56 -1 #SUP: 131
71 -1 65 -1 60 -1 59 -1 #SUP: 177
71 -1 65 -1 60 -1 59 -1 56 -1 #SUP: 134
71 -1 65 -1 60 -1 59 -1 57 -1 #SUP: 150
71 -1 65 -1 60 -1 59 -1 57 -1 56 -1 #SUP: 125
71 -1 65 -1 75 -1 #SUP: 120
71 -1 65 -1 61 -1 #SUP: 196
71 -1 65 -1 61 -1 56 -1 #SUP: 115
71 -1 65 -1 61 -1 57 -1 #SUP: 135
71 -1 65 -1 61 -1 59 -1 #SUP: 150
71 -1 65 -1 61 -1 59 -1 57 -1 #SUP: 125
71 -1 65 -1 61 -1 60 -1 #SUP: 157
71 -1 65 -1 61 -1 60 -1 57 -1 #SUP: 121
71 -1 65 -1 61 -1 60 -1 59 -1 #SUP: 131
71 -1 65 -1 61 -1 60 -1 59 -1 57 -1 #SUP: 114
71 -1 65 -1 62 -1 #SUP: 176
71 -1 65 -1 62 -1 59 -1 #SUP: 115
71 -1 65 -1 62 -1 61 -1 #SUP: 118
71 -1 65 -1 63 -1 #SUP: 235
71 -1 65 -1 63 -1 56 -1 #SUP: 148
71 -1 65 -1 63 -1 57 -1 #SUP: 166
71 -1 65 -1 63 -1 57 -1 56 -1 #SUP: 132
71 -1 65 -1 63 -1 59 -1 #SUP: 179
71 -1 65 -1 63 -1 59 -1 56 -1 #SUP: 133
71 -1 65 -1 63 -1 59 -1 57 -1 #SUP: 152
71 -1 65 -1 63 -1 59 -1 57 -1 56 -1 #SUP: 125
71 -1 65 -1 63 -1 60 -1 #SUP: 166
71 -1 65 -1 63 -1 60 -1 56 -1 #SUP: 123
71 -1 65 -1 63 -1 60 -1 57 -1 #SUP: 135
71 -1 65 -1 63 -1 60 -1 57 -1 56 -1 #SUP: 115
71 -1 65 -1 63 -1 60 -1 59 -1 #SUP: 150
71 -1 65 -1 63 -1 60 -1 59 -1 56 -1 #SUP: 117
71 -1 65 -1 63 -1 60 -1 59 -1 57 -1 #SUP: 130
71 -1 65 -1 63 -1 61 -1 #SUP: 154
71 -1 65 -1 63 -1 61 -1 59 -1 #SUP: 123
71 -1 65 -1 63 -1 61 -1 60 -1 #SUP: 129
71 -1 65 -1 63 -1 61 -1 60 -1 59 -1 #SUP: 117
71 -1 65 -1 63 -1 62 -1 #SUP: 132
71 -1 65 -1 64 -1 #SUP: 257
71 -1 65 -1 64 -1 56 -1 #SUP: 148
71 -1 65 -1 64 -1 57 -1 #SUP: 187
71 -1 65 -1 64 -1 57 -1 56 -1 #SUP: 140
71 -1 65 -1 64 -1 59 -1 #SUP: 187
71 -1 65 -1 64 -1 59 -1 56 -1 #SUP: 134
71 -1 65 -1 64 -1 59 -1 57 -1 #SUP: 166
71 -1 65 -1 64 -1 59 -1 57 -1 56 -1 #SUP: 129
71 -1 65 -1 64 -1 60 -1 #SUP: 170
71 -1 65 -1 64 -1 60 -1 56 -1 #SUP: 122
71 -1 65 -1 64 -1 60 -1 57 -1 #SUP: 146
71 -1 65 -1 64 -1 60 -1 57 -1 56 -1 #SUP: 119
71 -1 65 -1 64 -1 60 -1 59 -1 #SUP: 146
71 -1 65 -1 64 -1 60 -1 59 -1 56 -1 #SUP: 115
71 -1 65 -1 64 -1 60 -1 59 -1 57 -1 #SUP: 136
71 -1 65 -1 64 -1 61 -1 #SUP: 154
71 -1 65 -1 64 -1 61 -1 57 -1 #SUP: 124
71 -1 65 -1 64 -1 61 -1 59 -1 57 -1 #SUP: 114
71 -1 65 -1 64 -1 61 -1 60 -1 #SUP: 130
71 -1 65 -1 64 -1 62 -1 #SUP: 139
71 -1 65 -1 64 -1 63 -1 #SUP: 196
71 -1 65 -1 64 -1 63 -1 56 -1 #SUP: 127
73 -1 71 -1 74 -1 #SUP: 123
71 -1 65 -1 64 -1 63 -1 57 -1 #SUP: 153
71 -1 65 -1 64 -1 63 -1 57 -1 56 -1 #SUP: 121
72 -1 70 -1 67 -1 66 -1 65 -1 60 -1 #SUP: 117
71 -1 65 -1 64 -1 63 -1 59 -1 #SUP: 152
71 -1 65 -1 64 -1 63 -1 59 -1 56 -1 #SUP: 116
71 -1 65 -1 64 -1 63 -1 59 -1 57 -1 #SUP: 139
71 -1 65 -1 64 -1 63 -1 59 -1 57 -1 56 -1 #SUP: 114
71 -1 65 -1 64 -1 63 -1 60 -1 #SUP: 141
71 -1 65 -1 64 -1 63 -1 60 -1 57 -1 #SUP: 124
71 -1 65 -1 64 -1 63 -1 60 -1 59 -1 #SUP: 128
71 -1 65 -1 64 -1 63 -1 60 -1 59 -1 57 -1 #SUP: 119
71 -1 65 -1 64 -1 63 -1 61 -1 #SUP: 128
71 -1 65 -1 52 -1 #SUP: 117
71 -1 51 -1 #SUP: 156
71 -1 94 -1 #SUP: 135
71 -1 66 -1 #SUP: 360
71 -1 66 -1 53 -1 #SUP: 143
71 -1 66 -1 54 -1 #SUP: 139
71 -1 66 -1 55 -1 #SUP: 135
71 -1 66 -1 56 -1 #SUP: 175
71 -1 66 -1 57 -1 #SUP: 210
71 -1 66 -1 57 -1 56 -1 #SUP: 152
71 -1 66 -1 59 -1 #SUP: 219
71 -1 66 -1 59 -1 57 -1 #SUP: 181
71 -1 66 -1 59 -1 57 -1 56 -1 #SUP: 137
71 -1 66 -1 74 -1 #SUP: 144
71 -1 66 -1 60 -1 #SUP: 244
71 -1 66 -1 60 -1 53 -1 #SUP: 128
71 -1 66 -1 60 -1 54 -1 #SUP: 117
71 -1 66 -1 60 -1 56 -1 #SUP: 153
71 -1 66 -1 60 -1 57 -1 #SUP: 181
71 -1 66 -1 60 -1 57 -1 56 -1 #SUP: 137
71 -1 66 -1 60 -1 59 -1 #SUP: 189
71 -1 66 -1 60 -1 59 -1 56 -1 #SUP: 140
71 -1 66 -1 60 -1 59 -1 57 -1 #SUP: 161
71 -1 66 -1 60 -1 59 -1 57 -1 56 -1 #SUP: 128
71 -1 66 -1 60 -1 74 -1 #SUP: 118
71 -1 66 -1 75 -1 #SUP: 120
71 -1 66 -1 61 -1 #SUP: 203
71 -1 66 -1 61 -1 56 -1 #SUP: 117
71 -1 66 -1 61 -1 57 -1 #SUP: 144
71 -1 66 -1 61 -1 59 -1 #SUP: 150
71 -1 66 -1 61 -1 59 -1 57 -1 #SUP: 130
71 -1 66 -1 61 -1 60 -1 #SUP: 167
71 -1 66 -1 61 -1 60 -1 57 -1 #SUP: 131
71 -1 66 -1 61 -1 60 -1 59 -1 #SUP: 138
71 -1 66 -1 61 -1 60 -1 59 -1 57 -1 #SUP: 121
71 -1 66 -1 62 -1 60 -1 #SUP: 120
72 -1 67 -1 66 -1 63 -1 61 -1 59 -1 #SUP: 120
71 -1 66 -1 62 -1 61 -1 #SUP: 115
71 -1 66 -1 63 -1 #SUP: 209
71 -1 66 -1 63 -1 57 -1 #SUP: 160
71 -1 66 -1 63 -1 57 -1 56 -1 #SUP: 126
71 -1 66 -1 63 -1 59 -1 #SUP: 163
71 -1 66 -1 63 -1 59 -1 56 -1 #SUP: 124
71 -1 66 -1 63 -1 59 -1 57 -1 #SUP: 146
71 -1 66 -1 63 -1 59 -1 57 -1 56 -1 #SUP: 118
71 -1 66 -1 63 -1 60 -1 #SUP: 169
71 -1 66 -1 63 -1 60 -1 56 -1 #SUP: 125
71 -1 66 -1 63 -1 60 -1 57 -1 #SUP: 145
71 -1 66 -1 63 -1 60 -1 57 -1 56 -1 #SUP: 117
71 -1 66 -1 63 -1 60 -1 59 -1 #SUP: 153
71 -1 66 -1 63 -1 60 -1 59 -1 56 -1 #SUP: 118
71 -1 66 -1 63 -1 60 -1 59 -1 57 -1 #SUP: 137
71 -1 66 -1 63 -1 61 -1 #SUP: 154
71 -1 66 -1 63 -1 61 -1 57 -1 #SUP: 119
71 -1 66 -1 63 -1 61 -1 59 -1 #SUP: 125
71 -1 66 -1 63 -1 61 -1 60 -1 57 -1 #SUP: 114
71 -1 66 -1 63 -1 61 -1 60 -1 59 -1 #SUP: 123
71 -1 66 -1 63 -1 62 -1 #SUP: 114
71 -1 66 -1 64 -1 #SUP: 236
71 -1 66 -1 64 -1 56 -1 #SUP: 141
71 -1 66 -1 64 -1 57 -1 #SUP: 185
71 -1 66 -1 64 -1 59 -1 #SUP: 175
71 -1 66 -1 64 -1 59 -1 56 -1 #SUP: 129
71 -1 66 -1 64 -1 59 -1 57 -1 #SUP: 164
71 -1 66 -1 64 -1 59 -1 57 -1 56 -1 #SUP: 126
71 -1 66 -1 64 -1 60 -1 #SUP: 180
71 -1 66 -1 64 -1 60 -1 56 -1 #SUP: 127
71 -1 66 -1 64 -1 60 -1 57 -1 #SUP: 163
71 -1 66 -1 64 -1 60 -1 57 -1 56 -1 #SUP: 125
71 -1 66 -1 64 -1 60 -1 59 -1 #SUP: 153
71 -1 66 -1 64 -1 60 -1 59 -1 56 -1 #SUP: 119
71 -1 66 -1 64 -1 60 -1 59 -1 57 -1 #SUP: 147
71 -1 66 -1 64 -1 60 -1 59 -1 57 -1 56 -1 #SUP: 117
71 -1 66 -1 64 -1 61 -1 #SUP: 153
71 -1 66 -1 64 -1 61 -1 57 -1 #SUP: 131
71 -1 66 -1 64 -1 61 -1 59 -1 #SUP: 127
71 -1 66 -1 64 -1 61 -1 59 -1 57 -1 #SUP: 121
71 -1 66 -1 64 -1 61 -1 60 -1 #SUP: 131
71 -1 66 -1 64 -1 61 -1 60 -1 57 -1 #SUP: 120
71 -1 66 -1 64 -1 61 -1 60 -1 59 -1 #SUP: 115
71 -1 66 -1 64 -1 63 -1 #SUP: 172
71 -1 66 -1 64 -1 63 -1 56 -1 #SUP: 118
71 -1 66 -1 64 -1 63 -1 57 -1 #SUP: 148
71 -1 66 -1 64 -1 63 -1 57 -1 56 -1 #SUP: 115
71 -1 66 -1 64 -1 63 -1 59 -1 57 -1 #SUP: 137
71 -1 66 -1 64 -1 63 -1 60 -1 57 -1 #SUP: 135
71 -1 66 -1 64 -1 63 -1 60 -1 59 -1 #SUP: 132
71 -1 66 -1 64 -1 63 -1 60 -1 59 -1 57 -1 #SUP: 128
71 -1 66 -1 64 -1 63 -1 61 -1 60 -1 #SUP: 114
71 -1 66 -1 65 -1 #SUP: 256
71 -1 66 -1 65 -1 56 -1 #SUP: 147
71 -1 66 -1 65 -1 57 -1 #SUP: 168
71 -1 66 -1 65 -1 57 -1 56 -1 #SUP: 132
71 -1 66 -1 65 -1 59 -1 #SUP: 179
71 -1 66 -1 65 -1 59 -1 56 -1 #SUP: 135
71 -1 66 -1 65 -1 59 -1 57 -1 #SUP: 155
71 -1 66 -1 65 -1 59 -1 57 -1 56 -1 #SUP: 125
71 -1 66 -1 65 -1 74 -1 #SUP: 118
71 -1 66 -1 65 -1 60 -1 #SUP: 184
71 -1 66 -1 65 -1 60 -1 56 -1 #SUP: 132
71 -1 66 -1 65 -1 60 -1 57 -1 #SUP: 148
71 -1 66 -1 65 -1 60 -1 57 -1 56 -1 #SUP: 121
71 -1 66 -1 65 -1 60 -1 59 -1 #SUP: 157
71 -1 66 -1 65 -1 60 -1 59 -1 56 -1 #SUP: 125
71 -1 66 -1 65 -1 60 -1 59 -1 57 -1 #SUP: 139
71 -1 66 -1 65 -1 60 -1 59 -1 57 -1 56 -1 #SUP: 116
71 -1 66 -1 65 -1 61 -1 #SUP: 156
71 -1 66 -1 65 -1 61 -1 57 -1 #SUP: 122
72 -1 70 -1 67 -1 66 -1 59 -1 #SUP: 122
71 -1 66 -1 65 -1 61 -1 59 -1 #SUP: 128
71 -1 66 -1 65 -1 61 -1 59 -1 57 -1 #SUP: 114
71 -1 66 -1 65 -1 61 -1 60 -1 #SUP: 134
71 -1 66 -1 65 -1 61 -1 60 -1 59 -1 #SUP: 116
71 -1 66 -1 65 -1 62 -1 #SUP: 131
71 -1 66 -1 65 -1 63 -1 #SUP: 173
71 -1 66 -1 65 -1 63 -1 56 -1 #SUP: 125
71 -1 66 -1 65 -1 63 -1 57 -1 #SUP: 140
71 -1 66 -1 65 -1 63 -1 57 -1 56 -1 #SUP: 116
71 -1 66 -1 65 -1 63 -1 59 -1 #SUP: 144
71 -1 66 -1 65 -1 63 -1 59 -1 56 -1 #SUP: 117
71 -1 66 -1 65 -1 63 -1 60 -1 #SUP: 144
71 -1 66 -1 65 -1 63 -1 60 -1 56 -1 #SUP: 116
71 -1 66 -1 65 -1 63 -1 60 -1 57 -1 #SUP: 128
71 -1 66 -1 65 -1 63 -1 60 -1 59 -1 #SUP: 134
71 -1 66 -1 65 -1 63 -1 60 -1 59 -1 57 -1 #SUP: 123
71 -1 66 -1 65 -1 63 -1 61 -1 #SUP: 124
71 -1 66 -1 65 -1 64 -1 #SUP: 197
71 -1 66 -1 65 -1 64 -1 56 -1 #SUP: 128
71 -1 66 -1 65 -1 64 -1 57 -1 #SUP: 158
71 -1 66 -1 65 -1 64 -1 57 -1 56 -1 #SUP: 124
71 -1 66 -1 65 -1 64 -1 59 -1 #SUP: 153
71 -1 66 -1 65 -1 64 -1 59 -1 56 -1 #SUP: 120
71 -1 66 -1 65 -1 64 -1 59 -1 57 -1 #SUP: 145
71 -1 66 -1 65 -1 64 -1 59 -1 57 -1 56 -1 #SUP: 117
71 -1 66 -1 65 -1 64 -1 60 -1 #SUP: 149
71 -1 66 -1 65 -1 64 -1 60 -1 56 -1 #SUP: 115
71 -1 66 -1 65 -1 64 -1 60 -1 57 -1 #SUP: 138
71 -1 66 -1 65 -1 64 -1 60 -1 59 -1 #SUP: 132
71 -1 66 -1 65 -1 64 -1 60 -1 59 -1 57 -1 #SUP: 129
71 -1 66 -1 65 -1 64 -1 61 -1 57 -1 #SUP: 117
71 -1 66 -1 65 -1 64 -1 63 -1 #SUP: 149
71 -1 66 -1 65 -1 64 -1 63 -1 59 -1 #SUP: 127
71 -1 66 -1 65 -1 64 -1 63 -1 59 -1 57 -1 #SUP: 124
71 -1 66 -1 65 -1 64 -1 63 -1 60 -1 #SUP: 124
71 -1 66 -1 65 -1 64 -1 63 -1 60 -1 59 -1 #SUP: 117
71 -1 66 -1 65 -1 64 -1 63 -1 60 -1 59 -1 57 -1 #SUP: 115
71 -1 52 -1 #SUP: 156
72 -1 #SUP: 962
72 -1 67 -1 #SUP: 436
72 -1 67 -1 53 -1 #SUP: 137
72 -1 67 -1 54 -1 #SUP: 192
72 -1 67 -1 54 -1 53 -1 #SUP: 114
72 -1 67 -1 54 -1 74 -1 #SUP: 135
72 -1 67 -1 55 -1 #SUP: 176
72 -1 67 -1 57 -1 #SUP: 171
72 -1 67 -1 57 -1 56 -1 #SUP: 118
72 -1 67 -1 59 -1 #SUP: 222
72 -1 67 -1 59 -1 54 -1 #SUP: 116
72 -1 67 -1 59 -1 56 -1 #SUP: 130
72 -1 67 -1 59 -1 57 -1 #SUP: 147
72 -1 67 -1 59 -1 74 -1 #SUP: 131
73 -1 66 -1 65 -1 61 -1 59 -1 #SUP: 118
72 -1 67 -1 74 -1 #SUP: 222
72 -1 67 -1 60 -1 #SUP: 249
72 -1 67 -1 60 -1 53 -1 #SUP: 121
72 -1 67 -1 60 -1 54 -1 #SUP: 138
72 -1 67 -1 60 -1 55 -1 #SUP: 116
72 -1 67 -1 60 -1 56 -1 #SUP: 131
72 -1 67 -1 60 -1 57 -1 #SUP: 146
72 -1 67 -1 60 -1 59 -1 #SUP: 180
72 -1 67 -1 60 -1 59 -1 57 -1 #SUP: 134
72 -1 67 -1 60 -1 74 -1 #SUP: 151
72 -1 67 -1 75 -1 #SUP: 165
72 -1 67 -1 61 -1 #SUP: 314
72 -1 67 -1 61 -1 54 -1 #SUP: 171
72 -1 67 -1 61 -1 54 -1 74 -1 #SUP: 132
72 -1 67 -1 61 -1 55 -1 #SUP: 147
72 -1 67 -1 61 -1 56 -1 #SUP: 133
72 -1 67 -1 61 -1 57 -1 #SUP: 149
72 -1 67 -1 61 -1 59 -1 #SUP: 194
72 -1 67 -1 61 -1 59 -1 56 -1 #SUP: 117
72 -1 67 -1 61 -1 59 -1 57 -1 #SUP: 133
72 -1 67 -1 61 -1 59 -1 74 -1 #SUP: 123
72 -1 67 -1 61 -1 74 -1 #SUP: 189
72 -1 67 -1 61 -1 60 -1 #SUP: 226
72 -1 67 -1 61 -1 60 -1 54 -1 #SUP: 125
72 -1 67 -1 61 -1 60 -1 56 -1 #SUP: 121
72 -1 67 -1 61 -1 60 -1 57 -1 #SUP: 133
72 -1 67 -1 61 -1 60 -1 59 -1 #SUP: 164
72 -1 67 -1 61 -1 60 -1 59 -1 57 -1 #SUP: 123
72 -1 67 -1 61 -1 60 -1 74 -1 #SUP: 142
72 -1 67 -1 61 -1 75 -1 #SUP: 136
72 -1 67 -1 62 -1 #SUP: 216
72 -1 67 -1 62 -1 55 -1 #SUP: 118
72 -1 67 -1 62 -1 59 -1 #SUP: 120
72 -1 67 -1 62 -1 60 -1 #SUP: 143
72 -1 67 -1 62 -1 61 -1 #SUP: 172
72 -1 67 -1 62 -1 61 -1 60 -1 #SUP: 140
72 -1 67 -1 63 -1 #SUP: 208
72 -1 67 -1 63 -1 56 -1 #SUP: 116
72 -1 67 -1 63 -1 57 -1 #SUP: 128
72 -1 67 -1 63 -1 59 -1 #SUP: 151
72 -1 67 -1 63 -1 59 -1 57 -1 #SUP: 119
72 -1 67 -1 63 -1 60 -1 57 -1 #SUP: 118
72 -1 67 -1 63 -1 60 -1 59 -1 #SUP: 143
72 -1 67 -1 63 -1 60 -1 59 -1 57 -1 #SUP: 115
73 -1 72 -1 62 -1 60 -1 #SUP: 114
72 -1 67 -1 63 -1 61 -1 #SUP: 185
72 -1 67 -1 63 -1 61 -1 57 -1 #SUP: 120
72 -1 67 -1 63 -1 61 -1 59 -1 #SUP: 142
72 -1 67 -1 63 -1 61 -1 60 -1 #SUP: 161
72 -1 67 -1 63 -1 61 -1 60 -1 59 -1 #SUP: 136
72 -1 67 -1 63 -1 62 -1 #SUP: 124
72 -1 67 -1 64 -1 #SUP: 205
72 -1 67 -1 64 -1 57 -1 #SUP: 142
72 -1 67 -1 64 -1 59 -1 #SUP: 144
72 -1 67 -1 64 -1 59 -1 57 -1 #SUP: 126
72 -1 67 -1 64 -1 74 -1 #SUP: 117
72 -1 67 -1 64 -1 60 -1 #SUP: 159
72 -1 67 -1 64 -1 60 -1 57 -1 #SUP: 129
72 -1 67 -1 64 -1 60 -1 59 -1 #SUP: 135
72 -1 67 -1 64 -1 60 -1 59 -1 57 -1 #SUP: 120
72 -1 67 -1 64 -1 61 -1 #SUP: 166
72 -1 67 -1 64 -1 61 -1 57 -1 #SUP: 129
72 -1 67 -1 64 -1 61 -1 59 -1 #SUP: 135
72 -1 67 -1 64 -1 61 -1 59 -1 57 -1 #SUP: 119
72 -1 67 -1 64 -1 61 -1 60 -1 #SUP: 148
72 -1 67 -1 64 -1 61 -1 60 -1 57 -1 #SUP: 120
72 -1 67 -1 64 -1 61 -1 60 -1 59 -1 #SUP: 127
72 -1 67 -1 64 -1 62 -1 #SUP: 120
72 -1 67 -1 64 -1 63 -1 #SUP: 142
72 -1 67 -1 64 -1 63 -1 59 -1 #SUP: 120
72 -1 67 -1 64 -1 63 -1 60 -1 #SUP: 131
72 -1 67 -1 64 -1 63 -1 60 -1 59 -1 #SUP: 119
72 -1 67 -1 64 -1 63 -1 61 -1 #SUP: 133
72 -1 67 -1 64 -1 63 -1 61 -1 59 -1 #SUP: 116
72 -1 67 -1 64 -1 63 -1 61 -1 60 -1 #SUP: 126
72 -1 67 -1 64 -1 63 -1 61 -1 60 -1 59 -1 #SUP: 115
72 -1 67 -1 65 -1 #SUP: 263
72 -1 67 -1 65 -1 54 -1 #SUP: 122
72 -1 67 -1 65 -1 55 -1 #SUP: 114
72 -1 67 -1 65 -1 56 -1 #SUP: 126
72 -1 67 -1 65 -1 57 -1 #SUP: 139
72 -1 67 -1 65 -1 59 -1 #SUP: 178
72 -1 67 -1 65 -1 59 -1 56 -1 #SUP: 119
72 -1 67 -1 65 -1 59 -1 57 -1 #SUP: 130
72 -1 67 -1 65 -1 59 -1 74 -1 #SUP: 121
72 -1 67 -1 65 -1 74 -1 #SUP: 150
72 -1 67 -1 65 -1 60 -1 #SUP: 184
72 -1 67 -1 65 -1 60 -1 56 -1 #SUP: 114
72 -1 67 -1 65 -1 60 -1 57 -1 #SUP: 126
72 -1 67 -1 65 -1 60 -1 59 -1 #SUP: 154
72 -1 67 -1 65 -1 60 -1 59 -1 57 -1 #SUP: 120
72 -1 67 -1 65 -1 61 -1 #SUP: 203
72 -1 67 -1 65 -1 61 -1 54 -1 #SUP: 117
72 -1 67 -1 65 -1 61 -1 56 -1 #SUP: 114
72 -1 67 -1 65 -1 61 -1 57 -1 #SUP: 127
72 -1 67 -1 65 -1 61 -1 59 -1 57 -1 #SUP: 119
72 -1 67 -1 65 -1 61 -1 59 -1 74 -1 #SUP: 114
72 -1 67 -1 65 -1 61 -1 74 -1 #SUP: 136
72 -1 67 -1 65 -1 61 -1 60 -1 #SUP: 170
72 -1 67 -1 65 -1 61 -1 60 -1 57 -1 #SUP: 116
72 -1 67 -1 65 -1 61 -1 60 -1 59 -1 #SUP: 141
72 -1 67 -1 65 -1 61 -1 60 -1 74 -1 #SUP: 115
72 -1 67 -1 65 -1 62 -1 #SUP: 142
72 -1 67 -1 65 -1 62 -1 61 -1 #SUP: 121
72 -1 67 -1 65 -1 63 -1 #SUP: 155
72 -1 67 -1 65 -1 63 -1 59 -1 #SUP: 129
72 -1 67 -1 65 -1 63 -1 60 -1 59 -1 #SUP: 123
72 -1 67 -1 65 -1 63 -1 61 -1 59 -1 #SUP: 120
72 -1 67 -1 65 -1 63 -1 61 -1 60 -1 #SUP: 129
72 -1 67 -1 65 -1 63 -1 61 -1 60 -1 59 -1 #SUP: 116
72 -1 67 -1 65 -1 64 -1 #SUP: 167
72 -1 67 -1 65 -1 64 -1 57 -1 #SUP: 120
72 -1 67 -1 65 -1 64 -1 59 -1 #SUP: 125
72 -1 67 -1 65 -1 64 -1 60 -1 #SUP: 130
72 -1 67 -1 65 -1 64 -1 61 -1 #SUP: 137
72 -1 67 -1 65 -1 64 -1 61 -1 59 -1 #SUP: 118
72 -1 67 -1 65 -1 64 -1 61 -1 60 -1 #SUP: 123
72 -1 71 -1 66 -1 63 -1 60 -1 59 -1 57 -1 #SUP: 119
72 -1 67 -1 65 -1 64 -1 63 -1 #SUP: 121
72 -1 67 -1 66 -1 #SUP: 296
72 -1 67 -1 66 -1 53 -1 #SUP: 119
72 -1 67 -1 66 -1 54 -1 #SUP: 146
72 -1 67 -1 66 -1 55 -1 #SUP: 129
72 -1 67 -1 66 -1 56 -1 #SUP: 138
72 -1 67 -1 66 -1 57 -1 #SUP: 148
72 -1 67 -1 66 -1 59 -1 #SUP: 176
72 -1 67 -1 66 -1 59 -1 56 -1 #SUP: 122
72 -1 67 -1 66 -1 59 -1 57 -1 #SUP: 132
72 -1 67 -1 66 -1 59 -1 74 -1 #SUP: 116
72 -1 67 -1 66 -1 74 -1 #SUP: 168
72 -1 67 -1 66 -1 60 -1 #SUP: 212
72 -1 67 -1 66 -1 60 -1 54 -1 #SUP: 127
72 -1 67 -1 66 -1 60 -1 56 -1 #SUP: 126
72 -1 67 -1 66 -1 60 -1 57 -1 #SUP: 135
72 -1 67 -1 66 -1 60 -1 59 -1 #SUP: 160
72 -1 67 -1 66 -1 60 -1 59 -1 56 -1 #SUP: 116
72 -1 67 -1 66 -1 60 -1 59 -1 57 -1 #SUP: 126
72 -1 67 -1 66 -1 75 -1 #SUP: 119
72 -1 67 -1 66 -1 61 -1 #SUP: 223
72 -1 67 -1 66 -1 61 -1 54 -1 #SUP: 131
72 -1 67 -1 66 -1 61 -1 56 -1 #SUP: 123
72 -1 67 -1 66 -1 61 -1 57 -1 #SUP: 135
72 -1 67 -1 66 -1 61 -1 59 -1 #SUP: 156
72 -1 67 -1 66 -1 61 -1 59 -1 57 -1 #SUP: 122
72 -1 67 -1 66 -1 61 -1 74 -1 #SUP: 150
72 -1 67 -1 66 -1 61 -1 60 -1 #SUP: 193
72 -1 67 -1 66 -1 61 -1 60 -1 54 -1 #SUP: 117
72 -1 67 -1 66 -1 61 -1 60 -1 56 -1 #SUP: 116
72 -1 67 -1 66 -1 61 -1 60 -1 57 -1 #SUP: 124
73 -1 68 -1 66 -1 75 -1 #SUP: 121
72 -1 67 -1 66 -1 61 -1 60 -1 59 -1 #SUP: 146
72 -1 67 -1 66 -1 61 -1 60 -1 59 -1 57 -1 #SUP: 116
72 -1 67 -1 66 -1 61 -1 60 -1 74 -1 #SUP: 135
72 -1 67 -1 66 -1 62 -1 #SUP: 150
72 -1 67 -1 66 -1 62 -1 60 -1 #SUP: 123
72 -1 67 -1 66 -1 62 -1 61 -1 #SUP: 131
72 -1 67 -1 66 -1 62 -1 61 -1 60 -1 #SUP: 121
72 -1 70 -1 67 -1 66 -1 63 -1 #SUP: 115
72 -1 67 -1 66 -1 63 -1 #SUP: 158
72 -1 67 -1 66 -1 63 -1 59 -1 #SUP: 126
72 -1 67 -1 66 -1 63 -1 60 -1 #SUP: 144
72 -1 67 -1 66 -1 63 -1 60 -1 59 -1 #SUP: 125
72 -1 67 -1 66 -1 63 -1 61 -1 #SUP: 147
72 -1 67 -1 66 -1 63 -1 61 -1 60 -1 #SUP: 135
72 -1 67 -1 66 -1 63 -1 61 -1 60 -1 59 -1 #SUP: 119
72 -1 67 -1 66 -1 64 -1 #SUP: 173
72 -1 67 -1 66 -1 64 -1 57 -1 #SUP: 129
72 -1 67 -1 66 -1 64 -1 59 -1 57 -1 #SUP: 118
72 -1 67 -1 66 -1 64 -1 60 -1 #SUP: 135
72 -1 67 -1 66 -1 64 -1 60 -1 57 -1 #SUP: 119
72 -1 67 -1 66 -1 64 -1 60 -1 59 -1 #SUP: 118
72 -1 67 -1 66 -1 64 -1 61 -1 #SUP: 139
72 -1 67 -1 66 -1 64 -1 61 -1 57 -1 #SUP: 119
72 -1 67 -1 66 -1 64 -1 61 -1 59 -1 #SUP: 118
72 -1 67 -1 66 -1 64 -1 61 -1 60 -1 #SUP: 125
72 -1 67 -1 66 -1 64 -1 63 -1 #SUP: 116
72 -1 67 -1 66 -1 65 -1 #SUP: 211
72 -1 67 -1 66 -1 65 -1 56 -1 #SUP: 115
72 -1 67 -1 66 -1 65 -1 57 -1 #SUP: 129
72 -1 67 -1 66 -1 65 -1 74 -1 #SUP: 134
72 -1 67 -1 66 -1 65 -1 60 -1 #SUP: 163
72 -1 67 -1 66 -1 65 -1 60 -1 57 -1 #SUP: 120
72 -1 67 -1 66 -1 65 -1 60 -1 59 -1 #SUP: 141
72 -1 67 -1 66 -1 65 -1 60 -1 59 -1 57 -1 #SUP: 115
72 -1 67 -1 66 -1 65 -1 60 -1 74 -1 #SUP: 115
72 -1 67 -1 66 -1 65 -1 61 -1 #SUP: 167
72 -1 67 -1 66 -1 65 -1 61 -1 57 -1 #SUP: 118
72 -1 67 -1 66 -1 65 -1 61 -1 59 -1 #SUP: 138
72 -1 67 -1 66 -1 65 -1 61 -1 74 -1 #SUP: 122
72 -1 67 -1 66 -1 65 -1 61 -1 60 -1 #SUP: 149
72 -1 67 -1 66 -1 65 -1 61 -1 60 -1 59 -1 #SUP: 129
72 -1 67 -1 66 -1 65 -1 62 -1 #SUP: 116
72 -1 67 -1 66 -1 65 -1 63 -1 #SUP: 129
72 -1 67 -1 66 -1 65 -1 63 -1 59 -1 #SUP: 114
72 -1 67 -1 66 -1 65 -1 63 -1 60 -1 #SUP: 120
72 -1 67 -1 66 -1 65 -1 63 -1 61 -1 #SUP: 120
72 -1 67 -1 66 -1 65 -1 63 -1 61 -1 60 -1 #SUP: 114
72 -1 67 -1 66 -1 65 -1 64 -1 #SUP: 147
72 -1 67 -1 66 -1 65 -1 64 -1 57 -1 #SUP: 116
72 -1 67 -1 66 -1 65 -1 64 -1 59 -1 #SUP: 116
72 -1 67 -1 66 -1 65 -1 64 -1 60 -1 #SUP: 116
72 -1 67 -1 66 -1 65 -1 64 -1 61 -1 #SUP: 121
72 -1 53 -1 #SUP: 212
72 -1 53 -1 74 -1 #SUP: 134
72 -1 11 -1 #SUP: 121
72 -1 68 -1 #SUP: 346
72 -1 68 -1 67 -1 #SUP: 199
72 -1 68 -1 67 -1 59 -1 #SUP: 121
72 -1 68 -1 67 -1 61 -1 #SUP: 165
72 -1 68 -1 67 -1 61 -1 59 -1 #SUP: 115
72 -1 68 -1 67 -1 61 -1 60 -1 #SUP: 128
72 -1 68 -1 67 -1 62 -1 #SUP: 137
72 -1 68 -1 67 -1 62 -1 61 -1 #SUP: 123
72 -1 68 -1 67 -1 65 -1 #SUP: 127
72 -1 68 -1 67 -1 66 -1 #SUP: 147
73 -1 72 -1 63 -1 61 -1 60 -1 #SUP: 126
72 -1 68 -1 67 -1 66 -1 60 -1 #SUP: 117
72 -1 68 -1 67 -1 66 -1 61 -1 #SUP: 125
73 -1 72 -1 61 -1 74 -1 #SUP: 117
72 -1 68 -1 55 -1 #SUP: 148
72 -1 68 -1 57 -1 #SUP: 119
72 -1 68 -1 59 -1 #SUP: 147
72 -1 68 -1 74 -1 #SUP: 139
72 -1 68 -1 60 -1 #SUP: 159
72 -1 68 -1 75 -1 #SUP: 169
72 -1 68 -1 61 -1 #SUP: 190
72 -1 68 -1 61 -1 59 -1 #SUP: 121
72 -1 68 -1 61 -1 60 -1 #SUP: 141
72 -1 68 -1 62 -1 #SUP: 200
72 -1 68 -1 62 -1 55 -1 #SUP: 114
72 -1 68 -1 62 -1 60 -1 #SUP: 119
72 -1 68 -1 62 -1 61 -1 #SUP: 144
72 -1 68 -1 63 -1 #SUP: 135
72 -1 68 -1 63 -1 61 -1 #SUP: 118
72 -1 68 -1 64 -1 #SUP: 128
72 -1 68 -1 65 -1 #SUP: 155
72 -1 68 -1 65 -1 59 -1 #SUP: 117
72 -1 68 -1 65 -1 60 -1 #SUP: 114
72 -1 68 -1 65 -1 61 -1 #SUP: 122
72 -1 68 -1 65 -1 62 -1 #SUP: 115
72 -1 68 -1 66 -1 #SUP: 176
72 -1 68 -1 66 -1 59 -1 #SUP: 116
72 -1 68 -1 66 -1 60 -1 #SUP: 131
72 -1 68 -1 66 -1 61 -1 #SUP: 135
72 -1 68 -1 66 -1 61 -1 60 -1 #SUP: 119
72 -1 68 -1 66 -1 62 -1 #SUP: 118
72 -1 68 -1 66 -1 65 -1 #SUP: 123
72 -1 66 -1 63 -1 74 -1 #SUP: 115
72 -1 54 -1 #SUP: 261
72 -1 54 -1 74 -1 #SUP: 157
72 -1 12 -1 #SUP: 148
72 -1 55 -1 #SUP: 280
72 -1 55 -1 74 -1 #SUP: 128
72 -1 55 -1 75 -1 #SUP: 123
72 -1 70 -1 #SUP: 336
72 -1 70 -1 67 -1 #SUP: 218
72 -1 70 -1 67 -1 56 -1 #SUP: 114
72 -1 70 -1 67 -1 57 -1 #SUP: 123
72 -1 70 -1 67 -1 59 -1 57 -1 #SUP: 114
72 -1 70 -1 67 -1 74 -1 #SUP: 122
72 -1 70 -1 67 -1 60 -1 #SUP: 154
72 -1 70 -1 67 -1 60 -1 59 -1 #SUP: 129
72 -1 70 -1 67 -1 61 -1 #SUP: 174
72 -1 70 -1 67 -1 61 -1 57 -1 #SUP: 115
72 -1 70 -1 67 -1 61 -1 59 -1 #SUP: 135
72 -1 70 -1 67 -1 61 -1 60 -1 #SUP: 145
72 -1 70 -1 67 -1 61 -1 60 -1 59 -1 #SUP: 123
72 -1 71 -1 66 -1 64 -1 63 -1 59 -1 #SUP: 118
72 -1 70 -1 67 -1 62 -1 #SUP: 131
72 -1 70 -1 67 -1 62 -1 61 -1 #SUP: 116
72 -1 70 -1 67 -1 63 -1 #SUP: 147
72 -1 70 -1 67 -1 63 -1 59 -1 #SUP: 117
72 -1 70 -1 67 -1 63 -1 60 -1 #SUP: 126
72 -1 70 -1 67 -1 63 -1 61 -1 #SUP: 137
72 -1 70 -1 67 -1 63 -1 61 -1 59 -1 #SUP: 115
72 -1 70 -1 67 -1 63 -1 61 -1 60 -1 #SUP: 123
72 -1 70 -1 67 -1 64 -1 #SUP: 146
72 -1 71 -1 70 -1 66 -1 65 -1 #SUP: 146
72 -1 70 -1 67 -1 64 -1 59 -1 #SUP: 116
72 -1 70 -1 67 -1 64 -1 60 -1 #SUP: 122
72 -1 70 -1 67 -1 64 -1 61 -1 #SUP: 125
72 -1 70 -1 67 -1 64 -1 61 -1 60 -1 #SUP: 116
72 -1 70 -1 67 -1 64 -1 63 -1 #SUP: 115
72 -1 70 -1 67 -1 65 -1 #SUP: 170
72 -1 70 -1 67 -1 65 -1 59 -1 #SUP: 126
72 -1 70 -1 67 -1 65 -1 60 -1 #SUP: 132
72 -1 70 -1 67 -1 65 -1 60 -1 59 -1 #SUP: 115
72 -1 70 -1 67 -1 65 -1 61 -1 #SUP: 138
72 -1 70 -1 67 -1 65 -1 63 -1 #SUP: 121
72 -1 70 -1 67 -1 65 -1 64 -1 #SUP: 127
72 -1 70 -1 67 -1 66 -1 #SUP: 170
72 -1 70 -1 67 -1 66 -1 60 -1 #SUP: 133
72 -1 70 -1 67 -1 66 -1 60 -1 59 -1 #SUP: 114
72 -1 70 -1 67 -1 66 -1 61 -1 #SUP: 134
72 -1 70 -1 67 -1 66 -1 61 -1 60 -1 #SUP: 124
72 -1 70 -1 67 -1 66 -1 64 -1 #SUP: 123
72 -1 70 -1 67 -1 66 -1 65 -1 #SUP: 139
72 -1 70 -1 67 -1 66 -1 65 -1 61 -1 #SUP: 117
72 -1 70 -1 68 -1 #SUP: 177
72 -1 70 -1 68 -1 67 -1 #SUP: 121
72 -1 70 -1 68 -1 61 -1 #SUP: 124
72 -1 70 -1 68 -1 62 -1 #SUP: 123
72 -1 70 -1 68 -1 65 -1 #SUP: 114
72 -1 70 -1 68 -1 66 -1 #SUP: 118
72 -1 70 -1 54 -1 #SUP: 121
72 -1 71 -1 67 -1 66 -1 57 -1 #SUP: 128
72 -1 70 -1 55 -1 #SUP: 143
72 -1 70 -1 56 -1 #SUP: 162
72 -1 70 -1 57 -1 #SUP: 171
72 -1 70 -1 59 -1 #SUP: 200
72 -1 70 -1 59 -1 56 -1 #SUP: 135
73 -1 66 -1 61 -1 57 -1 #SUP: 126
72 -1 70 -1 59 -1 57 -1 #SUP: 150
72 -1 70 -1 59 -1 57 -1 56 -1 #SUP: 117
72 -1 70 -1 74 -1 #SUP: 154
72 -1 70 -1 60 -1 #SUP: 198
72 -1 70 -1 60 -1 56 -1 #SUP: 133
72 -1 70 -1 60 -1 57 -1 #SUP: 139
72 -1 70 -1 60 -1 59 -1 #SUP: 165
72 -1 70 -1 60 -1 59 -1 56 -1 #SUP: 122
72 -1 70 -1 60 -1 59 -1 57 -1 #SUP: 132
72 -1 70 -1 61 -1 #SUP: 206
72 -1 70 -1 61 -1 56 -1 #SUP: 117
72 -1 70 -1 61 -1 59 -1 #SUP: 150
72 -1 70 -1 61 -1 59 -1 57 -1 #SUP: 115
72 -1 70 -1 61 -1 60 -1 #SUP: 163
72 -1 70 -1 61 -1 60 -1 57 -1 #SUP: 114
72 -1 70 -1 62 -1 #SUP: 181
72 -1 70 -1 62 -1 60 -1 #SUP: 119
72 -1 70 -1 62 -1 61 -1 #SUP: 131
72 -1 70 -1 63 -1 #SUP: 221
72 -1 70 -1 63 -1 56 -1 #SUP: 127
72 -1 70 -1 63 -1 57 -1 #SUP: 139
72 -1 70 -1 63 -1 59 -1 #SUP: 156
72 -1 70 -1 63 -1 59 -1 57 -1 #SUP: 126
72 -1 70 -1 63 -1 60 -1 #SUP: 159
72 -1 70 -1 63 -1 60 -1 57 -1 #SUP: 120
72 -1 70 -1 63 -1 60 -1 59 -1 #SUP: 141
72 -1 70 -1 63 -1 60 -1 59 -1 57 -1 #SUP: 117
72 -1 70 -1 63 -1 61 -1 #SUP: 163
72 -1 70 -1 63 -1 61 -1 59 -1 #SUP: 129
72 -1 70 -1 63 -1 61 -1 60 -1 #SUP: 139
72 -1 70 -1 63 -1 61 -1 60 -1 59 -1 #SUP: 124
72 -1 70 -1 63 -1 62 -1 #SUP: 133
72 -1 70 -1 64 -1 #SUP: 212
72 -1 70 -1 64 -1 56 -1 #SUP: 122
72 -1 70 -1 64 -1 57 -1 #SUP: 143
72 -1 70 -1 64 -1 59 -1 #SUP: 149
72 -1 70 -1 64 -1 59 -1 57 -1 #SUP: 130
72 -1 70 -1 64 -1 60 -1 #SUP: 148
72 -1 70 -1 64 -1 60 -1 57 -1 #SUP: 122
72 -1 70 -1 64 -1 60 -1 59 -1 #SUP: 133
72 -1 70 -1 64 -1 60 -1 59 -1 57 -1 #SUP: 117
72 -1 70 -1 64 -1 61 -1 #SUP: 140
72 -1 70 -1 64 -1 61 -1 59 -1 #SUP: 117
72 -1 70 -1 64 -1 61 -1 60 -1 #SUP: 122
72 -1 70 -1 64 -1 62 -1 #SUP: 124
72 -1 70 -1 64 -1 63 -1 #SUP: 158
72 -1 70 -1 64 -1 63 -1 57 -1 #SUP: 117
72 -1 70 -1 64 -1 63 -1 59 -1 #SUP: 124
72 -1 70 -1 64 -1 63 -1 60 -1 59 -1 #SUP: 118
72 -1 70 -1 64 -1 63 -1 61 -1 #SUP: 124
72 -1 70 -1 65 -1 #SUP: 229
72 -1 70 -1 65 -1 56 -1 #SUP: 135
72 -1 70 -1 65 -1 57 -1 #SUP: 141
72 -1 70 -1 65 -1 57 -1 56 -1 #SUP: 114
72 -1 70 -1 65 -1 59 -1 #SUP: 165
72 -1 70 -1 65 -1 59 -1 56 -1 #SUP: 126
72 -1 70 -1 65 -1 59 -1 57 -1 #SUP: 132
72 -1 70 -1 65 -1 74 -1 #SUP: 119
72 -1 70 -1 65 -1 60 -1 #SUP: 159
72 -1 70 -1 65 -1 60 -1 57 -1 #SUP: 120
72 -1 70 -1 65 -1 60 -1 59 -1 #SUP: 140
72 -1 70 -1 65 -1 60 -1 59 -1 56 -1 #SUP: 114
72 -1 70 -1 65 -1 60 -1 59 -1 57 -1 #SUP: 117
72 -1 70 -1 65 -1 61 -1 59 -1 #SUP: 125
72 -1 70 -1 65 -1 61 -1 60 -1 #SUP: 131
72 -1 70 -1 65 -1 61 -1 60 -1 59 -1 #SUP: 115
72 -1 70 -1 65 -1 62 -1 #SUP: 138
72 -1 70 -1 65 -1 63 -1 #SUP: 168
72 -1 70 -1 65 -1 63 -1 57 -1 #SUP: 119
72 -1 70 -1 65 -1 63 -1 59 -1 #SUP: 131
72 -1 70 -1 65 -1 63 -1 60 -1 #SUP: 129
72 -1 70 -1 65 -1 63 -1 60 -1 59 -1 #SUP: 118
72 -1 70 -1 65 -1 63 -1 61 -1 #SUP: 128
72 -1 70 -1 65 -1 64 -1 #SUP: 171
72 -1 70 -1 65 -1 64 -1 57 -1 #SUP: 122
72 -1 70 -1 65 -1 64 -1 59 -1 #SUP: 127
72 -1 70 -1 65 -1 64 -1 60 -1 #SUP: 123
72 -1 59 -1 55 -1 #SUP: 135
72 -1 70 -1 65 -1 64 -1 60 -1 59 -1 #SUP: 114
72 -1 70 -1 65 -1 64 -1 61 -1 #SUP: 117
72 -1 70 -1 65 -1 64 -1 63 -1 #SUP: 136
72 -1 70 -1 66 -1 #SUP: 226
72 -1 70 -1 66 -1 56 -1 #SUP: 131
72 -1 70 -1 66 -1 57 -1 #SUP: 140
72 -1 70 -1 66 -1 59 -1 #SUP: 157
72 -1 70 -1 66 -1 59 -1 56 -1 #SUP: 121
72 -1 70 -1 66 -1 59 -1 57 -1 #SUP: 133
72 -1 70 -1 66 -1 74 -1 #SUP: 121
72 -1 70 -1 66 -1 60 -1 #SUP: 164
72 -1 70 -1 66 -1 60 -1 56 -1 #SUP: 122
72 -1 70 -1 66 -1 60 -1 57 -1 #SUP: 127
72 -1 70 -1 66 -1 60 -1 59 -1 #SUP: 143
72 -1 70 -1 66 -1 60 -1 59 -1 56 -1 #SUP: 116
72 -1 70 -1 66 -1 60 -1 59 -1 57 -1 #SUP: 124
72 -1 70 -1 66 -1 61 -1 #SUP: 148
72 -1 70 -1 66 -1 61 -1 59 -1 #SUP: 122
72 -1 70 -1 66 -1 61 -1 60 -1 #SUP: 133
72 -1 70 -1 66 -1 61 -1 60 -1 59 -1 #SUP: 117
72 -1 70 -1 66 -1 62 -1 #SUP: 124
72 -1 70 -1 66 -1 63 -1 #SUP: 152
72 -1 70 -1 66 -1 63 -1 57 -1 #SUP: 118
72 -1 70 -1 66 -1 63 -1 59 -1 #SUP: 124
72 -1 70 -1 66 -1 63 -1 60 -1 #SUP: 129
72 -1 70 -1 66 -1 63 -1 60 -1 59 -1 #SUP: 120
72 -1 70 -1 66 -1 63 -1 61 -1 #SUP: 124
72 -1 70 -1 66 -1 64 -1 #SUP: 161
72 -1 70 -1 66 -1 64 -1 57 -1 #SUP: 126
72 -1 70 -1 66 -1 64 -1 59 -1 #SUP: 129
72 -1 70 -1 66 -1 64 -1 59 -1 57 -1 #SUP: 120
72 -1 70 -1 66 -1 64 -1 60 -1 #SUP: 126
72 -1 70 -1 66 -1 64 -1 60 -1 57 -1 #SUP: 116
72 -1 70 -1 66 -1 64 -1 60 -1 59 -1 #SUP: 120
72 -1 70 -1 66 -1 64 -1 61 -1 #SUP: 116
72 -1 70 -1 66 -1 64 -1 63 -1 #SUP: 125
72 -1 70 -1 66 -1 65 -1 #SUP: 178
72 -1 70 -1 66 -1 65 -1 56 -1 #SUP: 117
72 -1 70 -1 66 -1 65 -1 57 -1 #SUP: 121
72 -1 70 -1 66 -1 65 -1 59 -1 #SUP: 134
72 -1 70 -1 66 -1 65 -1 59 -1 57 -1 #SUP: 116
72 -1 71 -1 61 -1 54 -1 #SUP: 116
72 -1 70 -1 66 -1 65 -1 60 -1 #SUP: 135
72 -1 70 -1 66 -1 65 -1 60 -1 59 -1 #SUP: 124
72 -1 70 -1 66 -1 65 -1 61 -1 #SUP: 121
73 -1 72 -1 61 -1 57 -1 #SUP: 115
72 -1 70 -1 66 -1 65 -1 63 -1 #SUP: 128
72 -1 70 -1 66 -1 65 -1 64 -1 #SUP: 137
72 -1 56 -1 #SUP: 241
72 -1 56 -1 74 -1 #SUP: 126
72 -1 71 -1 #SUP: 426
72 -1 71 -1 67 -1 #SUP: 257
72 -1 71 -1 67 -1 55 -1 #SUP: 114
72 -1 71 -1 67 -1 56 -1 #SUP: 121
72 -1 71 -1 67 -1 57 -1 #SUP: 143
72 -1 71 -1 67 -1 59 -1 57 -1 #SUP: 126
72 -1 71 -1 67 -1 74 -1 #SUP: 131
72 -1 71 -1 67 -1 60 -1 #SUP: 171
72 -1 71 -1 67 -1 60 -1 57 -1 #SUP: 127
72 -1 71 -1 67 -1 60 -1 59 -1 #SUP: 142
72 -1 71 -1 67 -1 60 -1 59 -1 57 -1 #SUP: 118
72 -1 71 -1 67 -1 61 -1 #SUP: 198
72 -1 71 -1 67 -1 61 -1 57 -1 #SUP: 129
72 -1 71 -1 67 -1 61 -1 59 -1 #SUP: 144
72 -1 71 -1 67 -1 61 -1 59 -1 57 -1 #SUP: 117
72 -1 71 -1 67 -1 61 -1 74 -1 #SUP: 119
72 -1 71 -1 67 -1 61 -1 60 -1 #SUP: 157
72 -1 71 -1 67 -1 61 -1 60 -1 57 -1 #SUP: 118
72 -1 66 -1 57 -1 74 -1 #SUP: 119
72 -1 71 -1 67 -1 61 -1 60 -1 59 -1 #SUP: 130
72 -1 71 -1 67 -1 62 -1 #SUP: 147
72 -1 71 -1 67 -1 62 -1 61 -1 #SUP: 122
72 -1 71 -1 67 -1 63 -1 #SUP: 161
72 -1 71 -1 67 -1 63 -1 57 -1 #SUP: 116
72 -1 71 -1 67 -1 63 -1 59 -1 #SUP: 132
72 -1 71 -1 67 -1 63 -1 60 -1 59 -1 #SUP: 127
72 -1 71 -1 67 -1 63 -1 61 -1 #SUP: 149
72 -1 71 -1 67 -1 63 -1 61 -1 59 -1 #SUP: 125
72 -1 71 -1 67 -1 63 -1 61 -1 60 -1 #SUP: 133
72 -1 71 -1 67 -1 63 -1 61 -1 60 -1 59 -1 #SUP: 120
72 -1 71 -1 67 -1 64 -1 #SUP: 169
73 -1 71 -1 68 -1 #SUP: 165
72 -1 71 -1 67 -1 64 -1 57 -1 #SUP: 129
72 -1 71 -1 67 -1 64 -1 59 -1 #SUP: 128
72 -1 71 -1 67 -1 64 -1 59 -1 57 -1 #SUP: 115
72 -1 71 -1 67 -1 64 -1 60 -1 #SUP: 139
72 -1 71 -1 67 -1 64 -1 60 -1 59 -1 #SUP: 121
72 -1 71 -1 67 -1 64 -1 61 -1 #SUP: 143
72 -1 71 -1 67 -1 64 -1 61 -1 57 -1 #SUP: 118
72 -1 71 -1 67 -1 64 -1 61 -1 59 -1 #SUP: 121
72 -1 71 -1 67 -1 64 -1 61 -1 60 -1 #SUP: 130
72 -1 71 -1 67 -1 64 -1 61 -1 60 -1 59 -1 #SUP: 114
72 -1 71 -1 67 -1 64 -1 63 -1 #SUP: 128
72 -1 71 -1 67 -1 64 -1 63 -1 60 -1 #SUP: 120
72 -1 71 -1 70 -1 66 -1 65 -1 64 -1 #SUP: 121
72 -1 71 -1 67 -1 64 -1 63 -1 61 -1 #SUP: 121
72 -1 71 -1 67 -1 64 -1 63 -1 61 -1 60 -1 #SUP: 116
72 -1 71 -1 67 -1 65 -1 #SUP: 192
72 -1 71 -1 67 -1 65 -1 57 -1 #SUP: 120
72 -1 71 -1 67 -1 65 -1 59 -1 #SUP: 134
72 -1 71 -1 67 -1 65 -1 60 -1 #SUP: 139
72 -1 71 -1 67 -1 65 -1 60 -1 59 -1 #SUP: 122
72 -1 71 -1 67 -1 65 -1 61 -1 #SUP: 151
72 -1 71 -1 66 -1 60 -1 57 -1 #SUP: 151
72 -1 71 -1 67 -1 65 -1 61 -1 59 -1 #SUP: 124
72 -1 71 -1 67 -1 65 -1 61 -1 60 -1 #SUP: 130
72 -1 71 -1 67 -1 65 -1 63 -1 #SUP: 130
72 -1 71 -1 67 -1 65 -1 63 -1 59 -1 #SUP: 114
72 -1 71 -1 67 -1 65 -1 63 -1 60 -1 #SUP: 118
72 -1 71 -1 67 -1 65 -1 63 -1 61 -1 #SUP: 121
72 -1 71 -1 67 -1 65 -1 64 -1 #SUP: 143
72 -1 71 -1 67 -1 65 -1 64 -1 60 -1 #SUP: 118
72 -1 71 -1 67 -1 65 -1 64 -1 61 -1 #SUP: 123
72 -1 71 -1 67 -1 66 -1 #SUP: 202
72 -1 71 -1 67 -1 66 -1 59 -1 #SUP: 134
72 -1 71 -1 67 -1 66 -1 59 -1 57 -1 #SUP: 115
72 -1 71 -1 67 -1 66 -1 60 -1 #SUP: 146
72 -1 71 -1 67 -1 66 -1 60 -1 57 -1 #SUP: 117
72 -1 71 -1 67 -1 66 -1 60 -1 59 -1 #SUP: 124
72 -1 71 -1 67 -1 66 -1 61 -1 #SUP: 154
72 -1 71 -1 67 -1 66 -1 61 -1 57 -1 #SUP: 119
72 -1 71 -1 67 -1 66 -1 61 -1 59 -1 #SUP: 121
72 -1 71 -1 67 -1 66 -1 61 -1 60 -1 59 -1 #SUP: 114
72 -1 71 -1 67 -1 66 -1 63 -1 #SUP: 127
72 -1 71 -1 67 -1 66 -1 63 -1 60 -1 #SUP: 118
72 -1 71 -1 67 -1 66 -1 63 -1 61 -1 #SUP: 121
72 -1 71 -1 67 -1 66 -1 64 -1 #SUP: 140
72 -1 71 -1 67 -1 66 -1 64 -1 57 -1 #SUP: 118
72 -1 71 -1 67 -1 66 -1 64 -1 60 -1 #SUP: 116
72 -1 71 -1 67 -1 66 -1 64 -1 61 -1 #SUP: 119
72 -1 71 -1 67 -1 66 -1 65 -1 #SUP: 158
72 -1 71 -1 67 -1 66 -1 65 -1 59 -1 #SUP: 118
72 -1 71 -1 67 -1 66 -1 65 -1 60 -1 #SUP: 123
72 -1 71 -1 67 -1 66 -1 65 -1 61 -1 #SUP: 128
72 -1 71 -1 67 -1 66 -1 65 -1 61 -1 60 -1 #SUP: 114
72 -1 71 -1 67 -1 66 -1 65 -1 64 -1 #SUP: 125
72 -1 71 -1 53 -1 #SUP: 121
72 -1 71 -1 68 -1 67 -1 #SUP: 130
72 -1 71 -1 68 -1 61 -1 #SUP: 125
72 -1 71 -1 68 -1 62 -1 #SUP: 128
72 -1 71 -1 68 -1 65 -1 #SUP: 122
72 -1 71 -1 68 -1 66 -1 #SUP: 128
72 -1 71 -1 54 -1 #SUP: 148
72 -1 71 -1 55 -1 #SUP: 159
72 -1 71 -1 70 -1 #SUP: 235
72 -1 71 -1 70 -1 67 -1 #SUP: 166
72 -1 71 -1 70 -1 67 -1 59 -1 #SUP: 120
72 -1 71 -1 70 -1 67 -1 60 -1 #SUP: 126
72 -1 71 -1 70 -1 67 -1 61 -1 #SUP: 137
72 -1 71 -1 70 -1 67 -1 61 -1 59 -1 #SUP: 114
72 -1 71 -1 70 -1 67 -1 61 -1 60 -1 #SUP: 119
72 -1 71 -1 70 -1 67 -1 63 -1 #SUP: 125
72 -1 71 -1 70 -1 67 -1 63 -1 61 -1 #SUP: 117
72 -1 71 -1 70 -1 67 -1 64 -1 #SUP: 131
72 -1 71 -1 70 -1 67 -1 64 -1 61 -1 #SUP: 114
72 -1 71 -1 70 -1 67 -1 65 -1 #SUP: 139
72 -1 71 -1 70 -1 67 -1 65 -1 64 -1 #SUP: 116
72 -1 71 -1 70 -1 67 -1 66 -1 #SUP: 137
72 -1 71 -1 70 -1 67 -1 66 -1 65 -1 #SUP: 114
72 -1 71 -1 70 -1 68 -1 #SUP: 133
72 -1 71 -1 70 -1 57 -1 #SUP: 147
72 -1 71 -1 70 -1 59 -1 #SUP: 159
72 -1 71 -1 70 -1 59 -1 56 -1 #SUP: 115
72 -1 71 -1 70 -1 59 -1 57 -1 #SUP: 133
72 -1 71 -1 70 -1 60 -1 56 -1 #SUP: 115
72 -1 71 -1 70 -1 60 -1 57 -1 #SUP: 123
72 -1 71 -1 70 -1 60 -1 59 -1 #SUP: 137
72 -1 71 -1 70 -1 61 -1 #SUP: 160
72 -1 71 -1 70 -1 61 -1 59 -1 #SUP: 124
72 -1 71 -1 70 -1 61 -1 60 -1 #SUP: 129
72 -1 71 -1 70 -1 61 -1 60 -1 59 -1 #SUP: 115
72 -1 71 -1 70 -1 62 -1 #SUP: 144
72 -1 71 -1 70 -1 63 -1 #SUP: 174
72 -1 71 -1 70 -1 63 -1 57 -1 #SUP: 123
72 -1 71 -1 70 -1 63 -1 59 -1 #SUP: 133
72 -1 71 -1 70 -1 63 -1 60 -1 #SUP: 134
72 -1 71 -1 70 -1 63 -1 60 -1 59 -1 #SUP: 123
72 -1 71 -1 70 -1 63 -1 61 -1 #SUP: 137
72 -1 71 -1 70 -1 63 -1 61 -1 59 -1 #SUP: 114
72 -1 71 -1 70 -1 63 -1 61 -1 60 -1 #SUP: 118
72 -1 71 -1 70 -1 64 -1 #SUP: 181
72 -1 71 -1 70 -1 64 -1 59 -1 57 -1 #SUP: 119
72 -1 71 -1 70 -1 64 -1 60 -1 #SUP: 133
72 -1 71 -1 70 -1 64 -1 63 -1 #SUP: 142
72 -1 71 -1 70 -1 64 -1 63 -1 59 -1 #SUP: 114
72 -1 71 -1 70 -1 64 -1 63 -1 60 -1 #SUP: 115
72 -1 71 -1 70 -1 64 -1 63 -1 61 -1 #SUP: 114
72 -1 71 -1 70 -1 65 -1 #SUP: 182
72 -1 71 -1 70 -1 65 -1 56 -1 #SUP: 118
72 -1 71 -1 70 -1 65 -1 59 -1 #SUP: 133
72 -1 71 -1 70 -1 65 -1 59 -1 57 -1 #SUP: 118
72 -1 71 -1 70 -1 65 -1 60 -1 #SUP: 129
72 -1 71 -1 70 -1 65 -1 60 -1 59 -1 #SUP: 118
72 -1 71 -1 70 -1 65 -1 61 -1 #SUP: 124
72 -1 71 -1 66 -1 65 -1 64 -1 59 -1 57 -1 #SUP: 119
72 -1 71 -1 70 -1 65 -1 62 -1 #SUP: 115
72 -1 71 -1 70 -1 65 -1 63 -1 #SUP: 142
72 -1 71 -1 70 -1 65 -1 64 -1 #SUP: 151
72 -1 71 -1 70 -1 65 -1 64 -1 57 -1 #SUP: 114
72 -1 71 -1 70 -1 65 -1 64 -1 59 -1 #SUP: 116
72 -1 71 -1 70 -1 65 -1 64 -1 63 -1 #SUP: 124
72 -1 71 -1 70 -1 66 -1 #SUP: 178
72 -1 71 -1 70 -1 66 -1 56 -1 #SUP: 114
72 -1 71 -1 70 -1 66 -1 59 -1 #SUP: 129
72 -1 71 -1 70 -1 66 -1 59 -1 57 -1 #SUP: 118
72 -1 71 -1 70 -1 66 -1 60 -1 #SUP: 131
72 -1 71 -1 70 -1 66 -1 60 -1 57 -1 #SUP: 114
72 -1 71 -1 70 -1 66 -1 60 -1 59 -1 #SUP: 120
72 -1 71 -1 70 -1 66 -1 61 -1 #SUP: 121
72 -1 71 -1 70 -1 66 -1 63 -1 #SUP: 131
72 -1 71 -1 70 -1 66 -1 64 -1 #SUP: 139
72 -1 71 -1 70 -1 66 -1 64 -1 57 -1 #SUP: 116
72 -1 71 -1 70 -1 66 -1 64 -1 59 -1 #SUP: 116
72 -1 71 -1 70 -1 66 -1 64 -1 63 -1 #SUP: 114
72 -1 71 -1 56 -1 #SUP: 178
72 -1 71 -1 57 -1 #SUP: 214
72 -1 71 -1 57 -1 56 -1 #SUP: 139
72 -1 71 -1 57 -1 74 -1 #SUP: 119
72 -1 71 -1 59 -1 #SUP: 240
72 -1 71 -1 59 -1 56 -1 #SUP: 144
72 -1 71 -1 59 -1 57 -1 #SUP: 177
72 -1 71 -1 59 -1 57 -1 56 -1 #SUP: 126
72 -1 71 -1 59 -1 74 -1 #SUP: 122
72 -1 71 -1 74 -1 #SUP: 189
72 -1 71 -1 60 -1 #SUP: 227
72 -1 71 -1 60 -1 56 -1 #SUP: 136
72 -1 71 -1 60 -1 57 -1 #SUP: 162
72 -1 71 -1 60 -1 59 -1 #SUP: 181
72 -1 71 -1 60 -1 59 -1 56 -1 #SUP: 126
72 -1 71 -1 60 -1 59 -1 57 -1 #SUP: 149
72 -1 71 -1 60 -1 59 -1 57 -1 56 -1 #SUP: 117
72 -1 71 -1 60 -1 74 -1 #SUP: 116
72 -1 71 -1 75 -1 #SUP: 141
72 -1 71 -1 61 -1 #SUP: 232
72 -1 71 -1 61 -1 56 -1 #SUP: 114
72 -1 71 -1 61 -1 57 -1 #SUP: 139
72 -1 71 -1 61 -1 59 -1 #SUP: 157
72 -1 71 -1 61 -1 59 -1 57 -1 #SUP: 125
72 -1 71 -1 61 -1 74 -1 #SUP: 127
72 -1 71 -1 61 -1 60 -1 #SUP: 172
72 -1 71 -1 61 -1 60 -1 57 -1 #SUP: 124
72 -1 71 -1 61 -1 60 -1 59 -1 #SUP: 139
72 -1 71 -1 61 -1 60 -1 59 -1 57 -1 #SUP: 116
72 -1 71 -1 62 -1 #SUP: 202
72 -1 71 -1 62 -1 59 -1 #SUP: 116
72 -1 71 -1 62 -1 60 -1 #SUP: 118
72 -1 71 -1 62 -1 61 -1 #SUP: 136
72 -1 71 -1 63 -1 #SUP: 243
72 -1 71 -1 63 -1 56 -1 #SUP: 129
72 -1 71 -1 63 -1 57 -1 #SUP: 157
72 -1 71 -1 63 -1 57 -1 56 -1 #SUP: 114
72 -1 71 -1 63 -1 59 -1 #SUP: 171
72 -1 71 -1 63 -1 59 -1 56 -1 #SUP: 114
72 -1 71 -1 63 -1 59 -1 57 -1 #SUP: 140
72 -1 71 -1 63 -1 60 -1 #SUP: 168
72 -1 71 -1 63 -1 60 -1 59 -1 #SUP: 151
72 -1 71 -1 63 -1 60 -1 59 -1 57 -1 #SUP: 126
72 -1 71 -1 63 -1 61 -1 #SUP: 167
72 -1 71 -1 63 -1 61 -1 60 -1 #SUP: 140
72 -1 71 -1 63 -1 62 -1 #SUP: 130
72 -1 71 -1 64 -1 #SUP: 254
72 -1 71 -1 64 -1 56 -1 #SUP: 128
72 -1 71 -1 64 -1 57 -1 #SUP: 180
72 -1 71 -1 64 -1 59 -1 #SUP: 175
72 -1 71 -1 64 -1 59 -1 56 -1 #SUP: 117
72 -1 71 -1 64 -1 74 -1 #SUP: 119
72 -1 71 -1 64 -1 60 -1 #SUP: 172
72 -1 71 -1 64 -1 60 -1 57 -1 #SUP: 143
72 -1 71 -1 64 -1 60 -1 59 -1 #SUP: 145
72 -1 71 -1 64 -1 60 -1 59 -1 57 -1 #SUP: 132
72 -1 71 -1 64 -1 61 -1 #SUP: 157
72 -1 71 -1 64 -1 61 -1 57 -1 #SUP: 122
72 -1 71 -1 64 -1 61 -1 59 -1 #SUP: 125
72 -1 71 -1 64 -1 61 -1 60 -1 #SUP: 134
72 -1 71 -1 64 -1 61 -1 60 -1 59 -1 #SUP: 115
72 -1 71 -1 64 -1 62 -1 #SUP: 140
72 -1 71 -1 64 -1 63 -1 #SUP: 180
72 -1 71 -1 64 -1 63 -1 57 -1 #SUP: 137
72 -1 71 -1 64 -1 63 -1 59 -1 #SUP: 137
72 -1 71 -1 64 -1 63 -1 59 -1 57 -1 #SUP: 123
72 -1 71 -1 64 -1 63 -1 60 -1 #SUP: 137
72 -1 71 -1 64 -1 63 -1 60 -1 57 -1 #SUP: 116
72 -1 71 -1 64 -1 63 -1 60 -1 59 -1 #SUP: 125
72 -1 71 -1 64 -1 63 -1 61 -1 #SUP: 132
72 -1 71 -1 64 -1 63 -1 61 -1 60 -1 #SUP: 118
72 -1 71 -1 65 -1 #SUP: 273
72 -1 71 -1 65 -1 56 -1 #SUP: 141
72 -1 71 -1 65 -1 57 -1 #SUP: 163
72 -1 71 -1 65 -1 59 -1 #SUP: 188
72 -1 71 -1 65 -1 59 -1 56 -1 #SUP: 129
72 -1 71 -1 65 -1 59 -1 57 -1 56 -1 #SUP: 116
72 -1 71 -1 65 -1 60 -1 #SUP: 177
72 -1 71 -1 65 -1 60 -1 56 -1 #SUP: 121
73 -1 72 -1 71 -1 67 -1 62 -1 #SUP: 117
72 -1 71 -1 65 -1 60 -1 57 -1 #SUP: 134
72 -1 71 -1 65 -1 60 -1 59 -1 #SUP: 151
72 -1 71 -1 65 -1 60 -1 59 -1 56 -1 #SUP: 116
72 -1 71 -1 65 -1 60 -1 59 -1 57 -1 #SUP: 128
72 -1 71 -1 65 -1 61 -1 #SUP: 173
72 -1 71 -1 65 -1 61 -1 57 -1 #SUP: 118
72 -1 71 -1 65 -1 61 -1 59 -1 #SUP: 133
72 -1 71 -1 65 -1 61 -1 60 -1 #SUP: 140
72 -1 71 -1 65 -1 61 -1 60 -1 59 -1 #SUP: 118
72 -1 71 -1 65 -1 62 -1 #SUP: 147
72 -1 71 -1 65 -1 63 -1 #SUP: 184
72 -1 71 -1 65 -1 63 -1 56 -1 #SUP: 116
72 -1 71 -1 65 -1 63 -1 57 -1 #SUP: 133
72 -1 71 -1 65 -1 63 -1 59 -1 #SUP: 146
72 -1 71 -1 65 -1 63 -1 59 -1 57 -1 #SUP: 123
72 -1 71 -1 65 -1 63 -1 60 -1 #SUP: 141
72 -1 71 -1 65 -1 63 -1 60 -1 59 -1 #SUP: 130
72 -1 71 -1 65 -1 63 -1 61 -1 #SUP: 135
72 -1 71 -1 65 -1 63 -1 61 -1 60 -1 #SUP: 117
72 -1 71 -1 65 -1 64 -1 #SUP: 201
72 -1 71 -1 65 -1 64 -1 56 -1 #SUP: 116
72 -1 71 -1 65 -1 64 -1 57 -1 #SUP: 146
72 -1 71 -1 65 -1 64 -1 59 -1 #SUP: 149
73 -1 67 -1 66 -1 65 -1 61 -1 #SUP: 141
72 -1 71 -1 65 -1 64 -1 59 -1 57 -1 #SUP: 131
72 -1 71 -1 65 -1 64 -1 60 -1 #SUP: 141
72 -1 71 -1 65 -1 64 -1 60 -1 57 -1 #SUP: 120
72 -1 71 -1 65 -1 64 -1 60 -1 59 -1 #SUP: 124
72 -1 71 -1 65 -1 64 -1 60 -1 59 -1 57 -1 #SUP: 114
72 -1 71 -1 65 -1 64 -1 61 -1 #SUP: 133
72 -1 71 -1 65 -1 64 -1 61 -1 60 -1 #SUP: 114
72 -1 71 -1 65 -1 64 -1 62 -1 #SUP: 115
72 -1 71 -1 65 -1 64 -1 63 -1 #SUP: 153
72 -1 71 -1 65 -1 64 -1 63 -1 57 -1 #SUP: 120
72 -1 71 -1 65 -1 64 -1 63 -1 60 -1 #SUP: 118
72 -1 71 -1 66 -1 #SUP: 278
72 -1 71 -1 66 -1 56 -1 #SUP: 136
72 -1 71 -1 66 -1 57 -1 #SUP: 169
72 -1 71 -1 66 -1 57 -1 56 -1 #SUP: 121
72 -1 71 -1 66 -1 59 -1 #SUP: 183
72 -1 71 -1 66 -1 59 -1 56 -1 #SUP: 125
72 -1 71 -1 66 -1 59 -1 57 -1 #SUP: 154
72 -1 71 -1 66 -1 59 -1 57 -1 56 -1 #SUP: 115
72 -1 71 -1 66 -1 74 -1 #SUP: 133
72 -1 71 -1 66 -1 60 -1 #SUP: 197
72 -1 71 -1 66 -1 60 -1 56 -1 #SUP: 127
72 -1 71 -1 66 -1 60 -1 57 -1 56 -1 #SUP: 116
72 -1 71 -1 66 -1 60 -1 59 -1 #SUP: 162
72 -1 71 -1 66 -1 60 -1 59 -1 56 -1 #SUP: 121
72 -1 71 -1 66 -1 60 -1 59 -1 57 -1 #SUP: 141
72 -1 71 -1 66 -1 61 -1 #SUP: 175
72 -1 71 -1 66 -1 61 -1 57 -1 #SUP: 127
72 -1 71 -1 66 -1 61 -1 59 -1 #SUP: 134
72 -1 71 -1 66 -1 61 -1 59 -1 57 -1 #SUP: 116
72 -1 71 -1 66 -1 61 -1 60 -1 #SUP: 149
72 -1 71 -1 66 -1 61 -1 60 -1 57 -1 #SUP: 117
72 -1 71 -1 66 -1 61 -1 60 -1 59 -1 #SUP: 126
72 -1 71 -1 66 -1 62 -1 #SUP: 139
72 -1 71 -1 66 -1 63 -1 #SUP: 168
72 -1 71 -1 66 -1 63 -1 57 -1 #SUP: 132
72 -1 71 -1 66 -1 63 -1 59 -1 #SUP: 138
72 -1 71 -1 66 -1 63 -1 59 -1 57 -1 #SUP: 123
72 -1 71 -1 66 -1 63 -1 60 -1 #SUP: 143
72 -1 71 -1 66 -1 63 -1 60 -1 57 -1 #SUP: 122
73 -1 67 -1 63 -1 61 -1 59 -1 #SUP: 115
72 -1 71 -1 66 -1 63 -1 60 -1 59 -1 #SUP: 134
72 -1 71 -1 66 -1 63 -1 61 -1 #SUP: 135
72 -1 71 -1 66 -1 63 -1 61 -1 59 -1 #SUP: 114
72 -1 71 -1 66 -1 63 -1 61 -1 60 -1 #SUP: 120
72 -1 71 -1 66 -1 64 -1 #SUP: 187
72 -1 71 -1 66 -1 64 -1 57 -1 #SUP: 150
72 -1 71 -1 66 -1 64 -1 59 -1 #SUP: 146
72 -1 71 -1 66 -1 64 -1 59 -1 57 -1 #SUP: 138
72 -1 71 -1 66 -1 64 -1 60 -1 #SUP: 149
72 -1 71 -1 66 -1 64 -1 60 -1 57 -1 #SUP: 137
72 -1 71 -1 66 -1 64 -1 60 -1 59 -1 #SUP: 133
72 -1 71 -1 66 -1 64 -1 61 -1 #SUP: 132
72 -1 71 -1 66 -1 64 -1 61 -1 57 -1 #SUP: 116
72 -1 71 -1 66 -1 64 -1 61 -1 60 -1 #SUP: 116
72 -1 71 -1 66 -1 64 -1 63 -1 #SUP: 138
72 -1 71 -1 66 -1 64 -1 63 -1 57 -1 #SUP: 121
72 -1 71 -1 66 -1 64 -1 63 -1 59 -1 57 -1 #SUP: 114
72 -1 71 -1 66 -1 64 -1 63 -1 60 -1 #SUP: 119
72 -1 71 -1 66 -1 64 -1 63 -1 60 -1 59 -1 #SUP: 114
72 -1 71 -1 66 -1 65 -1 #SUP: 209
72 -1 71 -1 66 -1 65 -1 56 -1 #SUP: 118
72 -1 71 -1 66 -1 65 -1 57 -1 #SUP: 137
72 -1 71 -1 66 -1 65 -1 59 -1 #SUP: 147
72 -1 71 -1 66 -1 65 -1 59 -1 57 -1 #SUP: 129
72 -1 71 -1 66 -1 65 -1 60 -1 #SUP: 152
72 -1 71 -1 66 -1 65 -1 60 -1 57 -1 #SUP: 125
72 -1 71 -1 66 -1 65 -1 60 -1 59 -1 #SUP: 134
72 -1 71 -1 66 -1 65 -1 60 -1 59 -1 57 -1 #SUP: 120
72 -1 71 -1 66 -1 65 -1 61 -1 #SUP: 137
72 -1 71 -1 66 -1 65 -1 63 -1 #SUP: 139
72 -1 71 -1 66 -1 65 -1 63 -1 57 -1 #SUP: 114
72 -1 71 -1 66 -1 65 -1 63 -1 59 -1 #SUP: 119
72 -1 71 -1 66 -1 65 -1 63 -1 60 -1 #SUP: 120
72 -1 71 -1 66 -1 65 -1 63 -1 60 -1 59 -1 #SUP: 115
72 -1 71 -1 66 -1 65 -1 64 -1 #SUP: 157
72 -1 71 -1 66 -1 65 -1 64 -1 57 -1 #SUP: 127
72 -1 71 -1 66 -1 65 -1 64 -1 59 -1 #SUP: 125
72 -1 71 -1 66 -1 65 -1 64 -1 60 -1 #SUP: 123
72 -1 71 -1 66 -1 65 -1 64 -1 60 -1 57 -1 #SUP: 115
72 -1 71 -1 66 -1 65 -1 64 -1 63 -1 #SUP: 118
72 -1 57 -1 #SUP: 260
72 -1 57 -1 56 -1 #SUP: 160
72 -1 64 -1 63 -1 61 -1 #SUP: 151
72 -1 57 -1 74 -1 #SUP: 138
72 -1 29 -1 #SUP: 130
72 -1 58 -1 #SUP: 119
72 -1 44 -1 #SUP: 121
72 -1 73 -1 #SUP: 339
72 -1 73 -1 74 -1 #SUP: 208
72 -1 59 -1 #SUP: 348
72 -1 59 -1 53 -1 #SUP: 125
72 -1 59 -1 56 -1 #SUP: 178
72 -1 59 -1 57 -1 #SUP: 206
72 -1 59 -1 57 -1 56 -1 #SUP: 143
72 -1 59 -1 57 -1 74 -1 #SUP: 120
72 -1 59 -1 74 -1 #SUP: 171
72 -1 59 -1 75 -1 #SUP: 128
72 -1 59 -1 52 -1 #SUP: 136
72 -1 74 -1 #SUP: 422
72 -1 74 -1 75 -1 #SUP: 202
72 -1 60 -1 #SUP: 336
72 -1 60 -1 53 -1 #SUP: 173
72 -1 60 -1 53 -1 74 -1 #SUP: 117
72 -1 60 -1 54 -1 #SUP: 167
72 -1 60 -1 54 -1 53 -1 #SUP: 122
72 -1 60 -1 54 -1 74 -1 #SUP: 118
72 -1 60 -1 55 -1 #SUP: 140
72 -1 60 -1 56 -1 #SUP: 165
72 -1 60 -1 57 -1 #SUP: 188
72 -1 60 -1 57 -1 56 -1 #SUP: 135
72 -1 60 -1 59 -1 #SUP: 233
72 -1 60 -1 59 -1 54 -1 #SUP: 114
72 -1 60 -1 59 -1 56 -1 #SUP: 147
72 -1 60 -1 59 -1 57 -1 #SUP: 170
72 -1 60 -1 59 -1 74 -1 #SUP: 132
80 -1 74 -1 #SUP: 115
72 -1 60 -1 74 -1 #SUP: 180
72 -1 60 -1 75 -1 #SUP: 126
72 -1 75 -1 #SUP: 308
72 -1 61 -1 #SUP: 386
72 -1 61 -1 53 -1 #SUP: 137
72 -1 61 -1 54 -1 #SUP: 199
72 -1 61 -1 54 -1 53 -1 #SUP: 119
72 -1 61 -1 54 -1 74 -1 #SUP: 144
72 -1 61 -1 55 -1 #SUP: 164
72 -1 61 -1 56 -1 #SUP: 141
72 -1 61 -1 57 -1 #SUP: 163
72 -1 61 -1 57 -1 56 -1 #SUP: 115
72 -1 61 -1 59 -1 #SUP: 216
72 -1 61 -1 59 -1 54 -1 #SUP: 118
72 -1 61 -1 59 -1 56 -1 #SUP: 121
72 -1 61 -1 59 -1 57 -1 #SUP: 144
72 -1 61 -1 59 -1 74 -1 #SUP: 131
72 -1 61 -1 74 -1 #SUP: 207
72 -1 61 -1 60 -1 #SUP: 250
72 -1 61 -1 60 -1 53 -1 #SUP: 117
72 -1 61 -1 60 -1 54 -1 #SUP: 137
72 -1 61 -1 60 -1 55 -1 #SUP: 123
72 -1 61 -1 60 -1 56 -1 #SUP: 127
72 -1 61 -1 60 -1 57 -1 #SUP: 143
72 -1 61 -1 60 -1 59 -1 #SUP: 180
72 -1 61 -1 60 -1 59 -1 57 -1 #SUP: 132
72 -1 61 -1 60 -1 74 -1 #SUP: 151
72 -1 61 -1 75 -1 #SUP: 158
72 -1 76 -1 #SUP: 131
92 -1 91 -1 #SUP: 149
72 -1 62 -1 #SUP: 332
72 -1 62 -1 54 -1 #SUP: 117
72 -1 62 -1 55 -1 #SUP: 169
72 -1 62 -1 56 -1 #SUP: 114
72 -1 62 -1 57 -1 #SUP: 122
72 -1 62 -1 59 -1 #SUP: 147
72 -1 62 -1 74 -1 #SUP: 137
72 -1 62 -1 60 -1 #SUP: 164
72 -1 62 -1 60 -1 59 -1 #SUP: 117
72 -1 62 -1 75 -1 #SUP: 149
72 -1 62 -1 61 -1 #SUP: 196
72 -1 62 -1 61 -1 55 -1 #SUP: 114
72 -1 62 -1 61 -1 59 -1 #SUP: 118
72 -1 62 -1 61 -1 60 -1 #SUP: 147
72 -1 48 -1 #SUP: 193
72 -1 91 -1 #SUP: 131
72 -1 20 -1 #SUP: 114
72 -1 77 -1 #SUP: 185
72 -1 63 -1 #SUP: 338
72 -1 63 -1 54 -1 #SUP: 126
72 -1 63 -1 55 -1 #SUP: 130
72 -1 63 -1 56 -1 #SUP: 159
72 -1 63 -1 57 -1 #SUP: 177
72 -1 63 -1 57 -1 56 -1 #SUP: 126
72 -1 63 -1 59 -1 #SUP: 203
72 -1 63 -1 59 -1 56 -1 #SUP: 132
72 -1 63 -1 59 -1 57 -1 #SUP: 155
72 -1 63 -1 59 -1 57 -1 56 -1 #SUP: 119
72 -1 63 -1 60 -1 #SUP: 210
72 -1 63 -1 60 -1 56 -1 #SUP: 128
72 -1 63 -1 60 -1 57 -1 #SUP: 146
72 -1 63 -1 60 -1 59 -1 #SUP: 174
72 -1 63 -1 60 -1 59 -1 56 -1 #SUP: 120
72 -1 63 -1 60 -1 59 -1 57 -1 #SUP: 139
72 -1 63 -1 60 -1 74 -1 #SUP: 115
72 -1 63 -1 61 -1 #SUP: 219
72 -1 63 -1 61 -1 57 -1 #SUP: 130
72 -1 63 -1 61 -1 59 -1 57 -1 #SUP: 121
72 -1 63 -1 61 -1 60 -1 #SUP: 174
72 -1 63 -1 61 -1 60 -1 57 -1 #SUP: 122
72 -1 63 -1 61 -1 60 -1 59 -1 #SUP: 146
72 -1 63 -1 61 -1 60 -1 59 -1 57 -1 #SUP: 118
72 -1 63 -1 62 -1 #SUP: 169
72 -1 63 -1 62 -1 60 -1 #SUP: 115
72 -1 63 -1 62 -1 61 -1 #SUP: 120
72 -1 49 -1 #SUP: 200
72 -1 92 -1 #SUP: 139
72 -1 78 -1 #SUP: 128
72 -1 64 -1 #SUP: 314
72 -1 64 -1 55 -1 #SUP: 122
72 -1 64 -1 56 -1 #SUP: 148
72 -1 64 -1 57 -1 #SUP: 201
72 -1 64 -1 57 -1 56 -1 #SUP: 136
72 -1 64 -1 59 -1 #SUP: 199
72 -1 64 -1 59 -1 56 -1 #SUP: 131
72 -1 64 -1 59 -1 57 -1 #SUP: 168
72 -1 64 -1 59 -1 57 -1 56 -1 #SUP: 123
72 -1 64 -1 59 -1 74 -1 #SUP: 115
72 -1 64 -1 74 -1 #SUP: 145
72 -1 64 -1 60 -1 #SUP: 198
72 -1 64 -1 60 -1 56 -1 #SUP: 128
72 -1 64 -1 60 -1 57 -1 #SUP: 157
73 -1 67 -1 64 -1 61 -1 #SUP: 147
72 -1 64 -1 60 -1 57 -1 56 -1 #SUP: 121
72 -1 64 -1 60 -1 59 -1 #SUP: 164
72 -1 64 -1 60 -1 59 -1 56 -1 #SUP: 121
72 -1 64 -1 60 -1 59 -1 57 -1 #SUP: 145
72 -1 64 -1 61 -1 #SUP: 189
72 -1 64 -1 61 -1 57 -1 #SUP: 135
72 -1 64 -1 61 -1 59 -1 #SUP: 141
72 -1 64 -1 61 -1 59 -1 57 -1 #SUP: 123
72 -1 64 -1 61 -1 60 -1 #SUP: 155
72 -1 64 -1 61 -1 60 -1 57 -1 #SUP: 122
72 -1 64 -1 61 -1 60 -1 59 -1 #SUP: 130
72 -1 64 -1 61 -1 60 -1 59 -1 57 -1 #SUP: 115
72 -1 64 -1 62 -1 #SUP: 159
72 -1 64 -1 63 -1 #SUP: 208
72 -1 64 -1 63 -1 56 -1 #SUP: 117
72 -1 64 -1 63 -1 57 -1 #SUP: 145
72 -1 64 -1 63 -1 59 -1 #SUP: 150
72 -1 64 -1 63 -1 59 -1 57 -1 #SUP: 131
72 -1 64 -1 63 -1 60 -1 #SUP: 153
72 -1 64 -1 63 -1 60 -1 57 -1 #SUP: 124
72 -1 64 -1 63 -1 60 -1 59 -1 #SUP: 137
72 -1 64 -1 63 -1 60 -1 59 -1 57 -1 #SUP: 121
72 -1 64 -1 63 -1 61 -1 59 -1 #SUP: 120
72 -1 64 -1 63 -1 61 -1 60 -1 #SUP: 131
72 -1 64 -1 63 -1 61 -1 60 -1 59 -1 #SUP: 118
72 -1 64 -1 63 -1 62 -1 #SUP: 116
72 -1 50 -1 #SUP: 144
72 -1 93 -1 #SUP: 137
72 -1 65 -1 #SUP: 386
72 -1 65 -1 53 -1 #SUP: 136
72 -1 65 -1 54 -1 #SUP: 153
72 -1 65 -1 55 -1 #SUP: 145
72 -1 65 -1 56 -1 #SUP: 168
72 -1 65 -1 57 -1 #SUP: 191
72 -1 65 -1 57 -1 56 -1 #SUP: 139
72 -1 65 -1 59 -1 #SUP: 261
72 -1 65 -1 59 -1 54 -1 #SUP: 125
72 -1 65 -1 59 -1 56 -1 #SUP: 155
72 -1 65 -1 59 -1 57 -1 #SUP: 174
72 -1 65 -1 59 -1 57 -1 56 -1 #SUP: 131
72 -1 65 -1 59 -1 74 -1 #SUP: 148
72 -1 65 -1 74 -1 #SUP: 182
72 -1 65 -1 60 -1 #SUP: 234
72 -1 65 -1 60 -1 53 -1 #SUP: 120
72 -1 65 -1 60 -1 54 -1 #SUP: 122
72 -1 65 -1 60 -1 56 -1 #SUP: 140
72 -1 65 -1 60 -1 57 -1 #SUP: 156
72 -1 65 -1 60 -1 57 -1 56 -1 #SUP: 123
72 -1 65 -1 60 -1 59 -1 #SUP: 194
72 -1 65 -1 60 -1 59 -1 56 -1 #SUP: 135
72 -1 65 -1 60 -1 59 -1 57 -1 #SUP: 149
72 -1 65 -1 60 -1 59 -1 57 -1 56 -1 #SUP: 120
72 -1 65 -1 60 -1 59 -1 74 -1 #SUP: 121
72 -1 65 -1 60 -1 74 -1 #SUP: 137
72 -1 65 -1 75 -1 #SUP: 138
72 -1 65 -1 61 -1 #SUP: 234
72 -1 65 -1 61 -1 54 -1 #SUP: 129
72 -1 65 -1 61 -1 56 -1 #SUP: 119
72 -1 65 -1 61 -1 57 -1 #SUP: 136
72 -1 65 -1 61 -1 59 -1 #SUP: 175
72 -1 65 -1 61 -1 59 -1 57 -1 #SUP: 127
72 -1 65 -1 61 -1 59 -1 74 -1 #SUP: 119
72 -1 65 -1 61 -1 74 -1 #SUP: 144
72 -1 65 -1 61 -1 60 -1 #SUP: 183
72 -1 65 -1 61 -1 60 -1 57 -1 #SUP: 123
72 -1 65 -1 61 -1 60 -1 59 -1 #SUP: 151
72 -1 65 -1 61 -1 60 -1 59 -1 57 -1 #SUP: 117
72 -1 65 -1 61 -1 60 -1 74 -1 #SUP: 120
72 -1 65 -1 62 -1 #SUP: 188
72 -1 65 -1 62 -1 59 -1 #SUP: 120
72 -1 65 -1 62 -1 60 -1 #SUP: 120
72 -1 65 -1 62 -1 61 -1 #SUP: 132
72 -1 65 -1 63 -1 #SUP: 225
72 -1 65 -1 63 -1 56 -1 #SUP: 131
72 -1 65 -1 63 -1 57 -1 #SUP: 147
72 -1 65 -1 63 -1 57 -1 56 -1 #SUP: 114
72 -1 65 -1 63 -1 59 -1 #SUP: 171
72 -1 65 -1 63 -1 59 -1 56 -1 #SUP: 122
72 -1 65 -1 63 -1 59 -1 57 -1 #SUP: 137
72 -1 65 -1 63 -1 60 -1 #SUP: 164
72 -1 65 -1 63 -1 60 -1 56 -1 #SUP: 114
72 -1 65 -1 63 -1 60 -1 57 -1 #SUP: 125
72 -1 65 -1 63 -1 60 -1 59 -1 #SUP: 147
72 -1 65 -1 63 -1 60 -1 59 -1 57 -1 #SUP: 123
72 -1 65 -1 63 -1 61 -1 #SUP: 160
72 -1 65 -1 63 -1 61 -1 59 -1 #SUP: 128
72 -1 65 -1 63 -1 61 -1 60 -1 #SUP: 137
72 -1 65 -1 63 -1 61 -1 60 -1 59 -1 #SUP: 123
72 -1 65 -1 63 -1 62 -1 #SUP: 129
72 -1 65 -1 64 -1 #SUP: 237
72 -1 65 -1 64 -1 56 -1 #SUP: 129
72 -1 65 -1 64 -1 57 -1 #SUP: 158
72 -1 65 -1 64 -1 57 -1 56 -1 #SUP: 120
72 -1 65 -1 64 -1 59 -1 #SUP: 165
72 -1 65 -1 64 -1 59 -1 56 -1 #SUP: 119
72 -1 65 -1 64 -1 59 -1 57 -1 #SUP: 142
72 -1 65 -1 64 -1 74 -1 #SUP: 122
72 -1 65 -1 64 -1 60 -1 #SUP: 155
72 -1 65 -1 64 -1 60 -1 56 -1 #SUP: 114
72 -1 65 -1 64 -1 60 -1 59 -1 #SUP: 137
72 -1 65 -1 64 -1 60 -1 59 -1 57 -1 #SUP: 124
72 -1 65 -1 64 -1 61 -1 #SUP: 149
72 -1 65 -1 64 -1 61 -1 57 -1 #SUP: 117
72 -1 65 -1 64 -1 61 -1 59 -1 #SUP: 122
72 -1 65 -1 64 -1 61 -1 60 -1 #SUP: 127
72 -1 65 -1 64 -1 62 -1 #SUP: 130
72 -1 65 -1 64 -1 63 -1 #SUP: 171
72 -1 65 -1 64 -1 63 -1 57 -1 #SUP: 127
72 -1 65 -1 64 -1 63 -1 59 -1 #SUP: 130
72 -1 65 -1 64 -1 63 -1 59 -1 57 -1 #SUP: 117
72 -1 65 -1 64 -1 63 -1 60 -1 #SUP: 127
72 -1 65 -1 64 -1 63 -1 60 -1 59 -1 #SUP: 117
72 -1 65 -1 64 -1 63 -1 61 -1 #SUP: 122
72 -1 65 -1 52 -1 #SUP: 122
72 -1 51 -1 #SUP: 123
72 -1 94 -1 #SUP: 157
72 -1 66 -1 #SUP: 414
72 -1 66 -1 53 -1 #SUP: 162
72 -1 66 -1 54 -1 #SUP: 170
72 -1 66 -1 54 -1 53 -1 #SUP: 117
72 -1 66 -1 55 -1 #SUP: 157
72 -1 66 -1 56 -1 #SUP: 167
72 -1 66 -1 57 -1 #SUP: 195
72 -1 66 -1 59 -1 #SUP: 238
72 -1 66 -1 59 -1 54 -1 #SUP: 118
72 -1 66 -1 59 -1 56 -1 #SUP: 149
72 -1 66 -1 59 -1 57 -1 #SUP: 177
72 -1 66 -1 59 -1 57 -1 56 -1 #SUP: 129
72 -1 66 -1 59 -1 74 -1 #SUP: 135
72 -1 66 -1 74 -1 #SUP: 204
72 -1 66 -1 60 -1 #SUP: 279
72 -1 66 -1 60 -1 53 -1 #SUP: 146
72 -1 66 -1 60 -1 54 -1 #SUP: 146
72 -1 66 -1 60 -1 55 -1 #SUP: 121
72 -1 66 -1 60 -1 56 -1 #SUP: 153
72 -1 66 -1 60 -1 57 -1 #SUP: 174
72 -1 66 -1 60 -1 59 -1 #SUP: 208
72 -1 66 -1 60 -1 59 -1 56 -1 #SUP: 142
72 -1 66 -1 60 -1 59 -1 57 -1 #SUP: 162
72 -1 66 -1 60 -1 59 -1 57 -1 56 -1 #SUP: 125
72 -1 66 -1 60 -1 59 -1 74 -1 #SUP: 123
72 -1 66 -1 60 -1 74 -1 #SUP: 162
72 -1 66 -1 75 -1 #SUP: 143
72 -1 66 -1 61 -1 #SUP: 249
72 -1 66 -1 61 -1 54 -1 #SUP: 137
72 -1 66 -1 61 -1 55 -1 #SUP: 118
72 -1 66 -1 61 -1 56 -1 #SUP: 125
72 -1 66 -1 61 -1 57 -1 #SUP: 144
72 -1 66 -1 61 -1 59 -1 #SUP: 171
72 -1 66 -1 61 -1 59 -1 57 -1 #SUP: 131
72 -1 66 -1 61 -1 59 -1 74 -1 #SUP: 114
72 -1 66 -1 61 -1 74 -1 #SUP: 156
72 -1 66 -1 61 -1 60 -1 #SUP: 210
72 -1 66 -1 61 -1 60 -1 54 -1 #SUP: 122
72 -1 66 -1 61 -1 60 -1 56 -1 #SUP: 118
72 -1 66 -1 61 -1 60 -1 57 -1 #SUP: 132
72 -1 66 -1 61 -1 60 -1 59 -1 #SUP: 160
72 -1 66 -1 61 -1 60 -1 59 -1 57 -1 #SUP: 124
72 -1 66 -1 61 -1 60 -1 74 -1 #SUP: 140
72 -1 66 -1 61 -1 75 -1 #SUP: 114
72 -1 66 -1 62 -1 #SUP: 187
72 -1 66 -1 62 -1 59 -1 #SUP: 114
72 -1 66 -1 62 -1 60 -1 #SUP: 139
72 -1 66 -1 62 -1 61 -1 #SUP: 141
72 -1 66 -1 62 -1 61 -1 60 -1 #SUP: 127
72 -1 66 -1 63 -1 #SUP: 210
72 -1 66 -1 63 -1 56 -1 #SUP: 128
72 -1 66 -1 63 -1 57 -1 #SUP: 145
72 -1 66 -1 63 -1 59 -1 #SUP: 158
72 -1 66 -1 63 -1 59 -1 56 -1 #SUP: 117
72 -1 66 -1 63 -1 59 -1 57 -1 #SUP: 136
72 -1 66 -1 63 -1 60 -1 #SUP: 173
72 -1 66 -1 63 -1 60 -1 56 -1 #SUP: 121
72 -1 66 -1 63 -1 60 -1 59 -1 #SUP: 153
72 -1 66 -1 63 -1 60 -1 59 -1 56 -1 #SUP: 115
72 -1 66 -1 63 -1 60 -1 59 -1 57 -1 #SUP: 131
72 -1 66 -1 63 -1 61 -1 #SUP: 163
72 -1 66 -1 63 -1 61 -1 57 -1 #SUP: 117
72 -1 66 -1 63 -1 61 -1 59 -1 #SUP: 130
72 -1 66 -1 63 -1 61 -1 60 -1 #SUP: 145
72 -1 66 -1 63 -1 62 -1 #SUP: 117
72 -1 66 -1 64 -1 #SUP: 229
72 -1 66 -1 64 -1 56 -1 #SUP: 127
72 -1 66 -1 64 -1 57 -1 #SUP: 164
72 -1 66 -1 64 -1 57 -1 56 -1 #SUP: 121
72 -1 66 -1 64 -1 59 -1 #SUP: 164
72 -1 66 -1 64 -1 59 -1 56 -1 #SUP: 121
72 -1 66 -1 64 -1 59 -1 57 -1 #SUP: 151
72 -1 66 -1 64 -1 59 -1 57 -1 56 -1 #SUP: 116
72 -1 66 -1 64 -1 74 -1 #SUP: 123
72 -1 66 -1 64 -1 60 -1 #SUP: 171
72 -1 66 -1 64 -1 60 -1 56 -1 #SUP: 122
73 -1 66 -1 64 -1 60 -1 57 -1 #SUP: 115
72 -1 66 -1 64 -1 60 -1 57 -1 #SUP: 150
72 -1 66 -1 64 -1 60 -1 57 -1 56 -1 #SUP: 117
72 -1 66 -1 64 -1 60 -1 59 -1 #SUP: 149
72 -1 66 -1 64 -1 60 -1 59 -1 57 -1 #SUP: 140
72 -1 66 -1 64 -1 61 -1 #SUP: 154
72 -1 66 -1 64 -1 61 -1 57 -1 #SUP: 126
72 -1 66 -1 64 -1 61 -1 59 -1 #SUP: 127
72 -1 66 -1 64 -1 61 -1 59 -1 57 -1 #SUP: 118
72 -1 66 -1 64 -1 61 -1 60 -1 57 -1 #SUP: 117
72 -1 66 -1 64 -1 61 -1 60 -1 59 -1 #SUP: 118
72 -1 66 -1 64 -1 62 -1 #SUP: 124
72 -1 66 -1 64 -1 63 -1 #SUP: 155
72 -1 66 -1 64 -1 63 -1 57 -1 #SUP: 129
72 -1 66 -1 64 -1 63 -1 59 -1 #SUP: 128
75 -1 74 -1 62 -1 #SUP: 119
72 -1 66 -1 64 -1 63 -1 59 -1 57 -1 #SUP: 122
72 -1 66 -1 64 -1 63 -1 60 -1 #SUP: 131
72 -1 66 -1 64 -1 63 -1 60 -1 57 -1 #SUP: 121
72 -1 66 -1 64 -1 63 -1 60 -1 59 -1 #SUP: 124
72 -1 66 -1 64 -1 63 -1 60 -1 59 -1 57 -1 #SUP: 118
72 -1 66 -1 64 -1 63 -1 61 -1 #SUP: 123
72 -1 66 -1 65 -1 #SUP: 277
72 -1 66 -1 65 -1 53 -1 #SUP: 114
72 -1 66 -1 65 -1 54 -1 #SUP: 122
72 -1 66 -1 65 -1 57 -1 #SUP: 158
72 -1 66 -1 65 -1 57 -1 56 -1 #SUP: 120
72 -1 66 -1 65 -1 59 -1 #SUP: 190
72 -1 66 -1 65 -1 59 -1 57 -1 #SUP: 149
72 -1 66 -1 65 -1 59 -1 57 -1 56 -1 #SUP: 117
72 -1 66 -1 65 -1 59 -1 74 -1 #SUP: 123
72 -1 66 -1 65 -1 74 -1 #SUP: 151
72 -1 66 -1 65 -1 60 -1 #SUP: 201
72 -1 66 -1 65 -1 60 -1 57 -1 #SUP: 144
72 -1 66 -1 65 -1 60 -1 57 -1 56 -1 #SUP: 115
72 -1 66 -1 65 -1 60 -1 59 -1 #SUP: 172
72 -1 66 -1 65 -1 60 -1 59 -1 56 -1 #SUP: 127
72 -1 66 -1 65 -1 60 -1 59 -1 57 -1 #SUP: 138
72 -1 66 -1 65 -1 60 -1 74 -1 #SUP: 128
72 -1 66 -1 65 -1 61 -1 #SUP: 180
72 -1 66 -1 65 -1 61 -1 57 -1 #SUP: 121
72 -1 66 -1 65 -1 61 -1 59 -1 #SUP: 144
72 -1 66 -1 65 -1 61 -1 59 -1 57 -1 #SUP: 114
72 -1 66 -1 65 -1 61 -1 74 -1 #SUP: 126
72 -1 66 -1 65 -1 61 -1 60 -1 #SUP: 156
72 -1 66 -1 65 -1 61 -1 60 -1 59 -1 #SUP: 134
72 -1 66 -1 65 -1 62 -1 #SUP: 138
72 -1 66 -1 65 -1 63 -1 #SUP: 164
72 -1 66 -1 65 -1 63 -1 57 -1 #SUP: 125
72 -1 66 -1 65 -1 63 -1 59 -1 #SUP: 135
72 -1 66 -1 65 -1 63 -1 59 -1 57 -1 #SUP: 120
72 -1 66 -1 65 -1 63 -1 60 -1 #SUP: 138
72 -1 66 -1 65 -1 63 -1 60 -1 57 -1 #SUP: 117
72 -1 66 -1 65 -1 63 -1 60 -1 59 -1 #SUP: 130
72 -1 66 -1 65 -1 63 -1 60 -1 59 -1 57 -1 #SUP: 115
72 -1 66 -1 65 -1 63 -1 61 -1 #SUP: 126
72 -1 66 -1 65 -1 63 -1 61 -1 60 -1 #SUP: 116
72 -1 66 -1 65 -1 64 -1 #SUP: 186
72 -1 66 -1 65 -1 64 -1 56 -1 #SUP: 114
72 -1 66 -1 65 -1 64 -1 57 -1 #SUP: 137
72 -1 66 -1 65 -1 64 -1 59 -1 #SUP: 138
72 -1 66 -1 65 -1 64 -1 59 -1 57 -1 #SUP: 129
72 -1 66 -1 65 -1 64 -1 60 -1 #SUP: 136
72 -1 66 -1 65 -1 64 -1 60 -1 57 -1 #SUP: 124
72 -1 66 -1 65 -1 64 -1 60 -1 59 -1 #SUP: 125
72 -1 66 -1 65 -1 64 -1 60 -1 59 -1 57 -1 #SUP: 119
72 -1 66 -1 65 -1 64 -1 61 -1 #SUP: 126
72 -1 66 -1 65 -1 64 -1 63 -1 #SUP: 131
72 -1 52 -1 #SUP: 187
73 -1 #SUP: 1013
73 -1 81 -1 #SUP: 128
73 -1 67 -1 #SUP: 466
73 -1 67 -1 53 -1 #SUP: 152
73 -1 67 -1 54 -1 #SUP: 217
73 -1 67 -1 54 -1 53 -1 #SUP: 121
73 -1 67 -1 54 -1 74 -1 #SUP: 128
73 -1 67 -1 54 -1 75 -1 #SUP: 127
73 -1 67 -1 55 -1 #SUP: 195
73 -1 67 -1 55 -1 75 -1 #SUP: 123
73 -1 67 -1 56 -1 #SUP: 130
73 -1 67 -1 57 -1 #SUP: 146
73 -1 67 -1 59 -1 #SUP: 190
73 -1 67 -1 59 -1 57 -1 #SUP: 120
73 -1 67 -1 74 -1 #SUP: 212
73 -1 67 -1 74 -1 75 -1 #SUP: 160
73 -1 67 -1 60 -1 #SUP: 264
73 -1 67 -1 60 -1 53 -1 #SUP: 134
73 -1 67 -1 60 -1 54 -1 #SUP: 154
73 -1 67 -1 60 -1 55 -1 #SUP: 131
73 -1 67 -1 60 -1 57 -1 #SUP: 128
73 -1 67 -1 60 -1 59 -1 #SUP: 160
73 -1 67 -1 60 -1 74 -1 #SUP: 136
73 -1 67 -1 60 -1 75 -1 #SUP: 146
73 -1 67 -1 75 -1 #SUP: 233
73 -1 67 -1 61 -1 #SUP: 345
73 -1 67 -1 61 -1 54 -1 #SUP: 185
73 -1 67 -1 61 -1 54 -1 74 -1 #SUP: 124
73 -1 67 -1 61 -1 54 -1 75 -1 #SUP: 121
73 -1 67 -1 61 -1 55 -1 #SUP: 158
73 -1 67 -1 61 -1 56 -1 #SUP: 114
73 -1 67 -1 61 -1 57 -1 #SUP: 131
73 -1 67 -1 61 -1 59 -1 #SUP: 165
73 -1 67 -1 61 -1 74 -1 #SUP: 185
73 -1 67 -1 61 -1 74 -1 75 -1 #SUP: 143
73 -1 67 -1 61 -1 60 -1 #SUP: 233
73 -1 67 -1 61 -1 60 -1 54 -1 #SUP: 133
73 -1 67 -1 61 -1 60 -1 55 -1 #SUP: 119
73 -1 67 -1 61 -1 60 -1 57 -1 #SUP: 116
73 -1 67 -1 61 -1 60 -1 59 -1 #SUP: 143
73 -1 67 -1 61 -1 60 -1 74 -1 #SUP: 130
73 -1 67 -1 61 -1 60 -1 75 -1 #SUP: 143
73 -1 67 -1 61 -1 75 -1 #SUP: 192
73 -1 67 -1 61 -1 48 -1 #SUP: 120
73 -1 67 -1 62 -1 #SUP: 242
73 -1 67 -1 62 -1 55 -1 #SUP: 134
73 -1 67 -1 62 -1 59 -1 #SUP: 118
73 -1 67 -1 62 -1 74 -1 #SUP: 115
73 -1 67 -1 62 -1 60 -1 #SUP: 163
73 -1 67 -1 62 -1 75 -1 #SUP: 148
73 -1 67 -1 62 -1 61 -1 #SUP: 192
73 -1 67 -1 62 -1 61 -1 55 -1 #SUP: 114
73 -1 67 -1 62 -1 61 -1 60 -1 #SUP: 149
73 -1 67 -1 62 -1 61 -1 75 -1 #SUP: 128
73 -1 67 -1 48 -1 #SUP: 141
73 -1 67 -1 63 -1 #SUP: 189
73 -1 67 -1 63 -1 60 -1 #SUP: 151
73 -1 67 -1 63 -1 60 -1 59 -1 #SUP: 118
73 -1 67 -1 63 -1 61 -1 #SUP: 171
73 -1 67 -1 63 -1 61 -1 60 -1 #SUP: 141
73 -1 67 -1 63 -1 62 -1 #SUP: 119
73 -1 67 -1 64 -1 #SUP: 176
73 -1 67 -1 64 -1 57 -1 #SUP: 116
73 -1 67 -1 64 -1 60 -1 #SUP: 135
73 -1 67 -1 64 -1 61 -1 60 -1 #SUP: 125
73 -1 67 -1 64 -1 63 -1 #SUP: 122
73 -1 67 -1 64 -1 63 -1 61 -1 #SUP: 116
73 -1 67 -1 65 -1 #SUP: 226
73 -1 67 -1 65 -1 57 -1 #SUP: 118
73 -1 67 -1 65 -1 59 -1 #SUP: 152
73 -1 67 -1 65 -1 60 -1 #SUP: 159
73 -1 67 -1 65 -1 60 -1 59 -1 #SUP: 131
73 -1 67 -1 65 -1 75 -1 #SUP: 123
73 -1 67 -1 65 -1 61 -1 #SUP: 176
73 -1 67 -1 65 -1 61 -1 59 -1 #SUP: 135
73 -1 67 -1 65 -1 61 -1 60 -1 #SUP: 144
73 -1 67 -1 65 -1 61 -1 60 -1 59 -1 #SUP: 120
73 -1 67 -1 65 -1 62 -1 #SUP: 135
73 -1 67 -1 65 -1 62 -1 61 -1 #SUP: 114
73 -1 67 -1 65 -1 63 -1 #SUP: 128
73 -1 67 -1 65 -1 63 -1 61 -1 #SUP: 119
73 -1 67 -1 65 -1 64 -1 #SUP: 137
73 -1 67 -1 65 -1 64 -1 61 -1 #SUP: 115
73 -1 67 -1 66 -1 #SUP: 313
73 -1 67 -1 66 -1 53 -1 #SUP: 133
73 -1 67 -1 66 -1 54 -1 #SUP: 162
73 -1 67 -1 66 -1 55 -1 #SUP: 142
73 -1 67 -1 66 -1 57 -1 #SUP: 131
73 -1 67 -1 66 -1 59 -1 #SUP: 153
73 -1 67 -1 66 -1 74 -1 #SUP: 155
73 -1 67 -1 66 -1 74 -1 75 -1 #SUP: 123
73 -1 67 -1 66 -1 60 -1 #SUP: 221
73 -1 67 -1 66 -1 60 -1 53 -1 #SUP: 122
73 -1 67 -1 66 -1 60 -1 54 -1 #SUP: 140
73 -1 67 -1 66 -1 60 -1 55 -1 #SUP: 115
73 -1 67 -1 66 -1 60 -1 57 -1 #SUP: 119
73 -1 67 -1 66 -1 60 -1 59 -1 #SUP: 138
73 -1 67 -1 66 -1 60 -1 74 -1 #SUP: 127
73 -1 67 -1 66 -1 60 -1 75 -1 #SUP: 133
73 -1 67 -1 66 -1 75 -1 #SUP: 163
73 -1 67 -1 66 -1 61 -1 #SUP: 235
73 -1 67 -1 66 -1 61 -1 54 -1 #SUP: 138
73 -1 67 -1 66 -1 61 -1 55 -1 #SUP: 120
73 -1 67 -1 66 -1 61 -1 57 -1 #SUP: 119
73 -1 67 -1 66 -1 61 -1 59 -1 #SUP: 132
73 -1 67 -1 66 -1 61 -1 74 -1 #SUP: 141
73 -1 67 -1 66 -1 61 -1 74 -1 75 -1 #SUP: 115
73 -1 67 -1 66 -1 61 -1 60 -1 #SUP: 194
73 -1 67 -1 66 -1 61 -1 60 -1 54 -1 #SUP: 123
73 -1 67 -1 66 -1 61 -1 60 -1 59 -1 #SUP: 122
73 -1 67 -1 66 -1 61 -1 60 -1 74 -1 #SUP: 122
73 -1 67 -1 66 -1 61 -1 60 -1 75 -1 #SUP: 131
73 -1 67 -1 66 -1 61 -1 75 -1 #SUP: 147
73 -1 67 -1 66 -1 62 -1 #SUP: 168
73 -1 67 -1 66 -1 62 -1 60 -1 #SUP: 137
73 -1 67 -1 66 -1 62 -1 75 -1 #SUP: 114
73 -1 67 -1 66 -1 62 -1 61 -1 #SUP: 145
73 -1 67 -1 66 -1 62 -1 61 -1 60 -1 #SUP: 129
73 -1 67 -1 66 -1 63 -1 #SUP: 141
73 -1 67 -1 66 -1 63 -1 60 -1 #SUP: 125
73 -1 67 -1 66 -1 63 -1 61 -1 #SUP: 131
73 -1 67 -1 66 -1 63 -1 61 -1 60 -1 #SUP: 116
73 -1 67 -1 66 -1 64 -1 #SUP: 141
73 -1 67 -1 66 -1 64 -1 61 -1 #SUP: 116
73 -1 67 -1 66 -1 65 -1 #SUP: 176
73 -1 67 -1 66 -1 65 -1 59 -1 #SUP: 126
73 -1 67 -1 66 -1 65 -1 60 -1 #SUP: 137
73 -1 67 -1 66 -1 65 -1 60 -1 59 -1 #SUP: 116
73 -1 67 -1 66 -1 65 -1 61 -1 59 -1 #SUP: 114
73 -1 67 -1 66 -1 65 -1 61 -1 60 -1 #SUP: 123
73 -1 67 -1 66 -1 65 -1 64 -1 #SUP: 116
73 -1 53 -1 #SUP: 218
73 -1 53 -1 74 -1 #SUP: 115
73 -1 68 -1 #SUP: 404
73 -1 68 -1 67 -1 #SUP: 238
73 -1 68 -1 67 -1 54 -1 #SUP: 117
73 -1 68 -1 67 -1 55 -1 #SUP: 121
73 -1 68 -1 67 -1 59 -1 #SUP: 121
73 -1 68 -1 67 -1 74 -1 #SUP: 131
73 -1 68 -1 67 -1 60 -1 #SUP: 158
73 -1 68 -1 67 -1 75 -1 #SUP: 149
73 -1 68 -1 67 -1 61 -1 #SUP: 200
73 -1 68 -1 67 -1 61 -1 59 -1 #SUP: 116
73 -1 68 -1 67 -1 61 -1 74 -1 #SUP: 121
73 -1 68 -1 67 -1 61 -1 60 -1 #SUP: 150
73 -1 68 -1 67 -1 61 -1 75 -1 #SUP: 134
73 -1 68 -1 67 -1 62 -1 #SUP: 166
73 -1 68 -1 67 -1 62 -1 60 -1 #SUP: 123
73 -1 68 -1 67 -1 62 -1 75 -1 #SUP: 114
73 -1 68 -1 67 -1 62 -1 61 -1 #SUP: 147
73 -1 68 -1 67 -1 62 -1 61 -1 60 -1 #SUP: 117
73 -1 68 -1 67 -1 65 -1 #SUP: 128
73 -1 68 -1 67 -1 65 -1 61 -1 #SUP: 114
73 -1 68 -1 67 -1 66 -1 #SUP: 172
73 -1 68 -1 67 -1 66 -1 60 -1 #SUP: 137
73 -1 68 -1 67 -1 66 -1 75 -1 #SUP: 114
73 -1 68 -1 67 -1 66 -1 61 -1 #SUP: 148
73 -1 68 -1 67 -1 66 -1 61 -1 60 -1 #SUP: 130
73 -1 68 -1 67 -1 66 -1 62 -1 #SUP: 126
73 -1 68 -1 67 -1 66 -1 62 -1 61 -1 #SUP: 116
73 -1 68 -1 54 -1 #SUP: 132
73 -1 68 -1 55 -1 #SUP: 165
73 -1 68 -1 55 -1 75 -1 #SUP: 118
73 -1 68 -1 74 -1 #SUP: 164
73 -1 68 -1 74 -1 75 -1 #SUP: 132
73 -1 72 -1 66 -1 65 -1 60 -1 #SUP: 126
73 -1 68 -1 60 -1 #SUP: 183
73 -1 68 -1 60 -1 59 -1 #SUP: 116
73 -1 68 -1 60 -1 75 -1 #SUP: 116
73 -1 68 -1 75 -1 #SUP: 212
73 -1 68 -1 61 -1 #SUP: 228
73 -1 68 -1 61 -1 54 -1 #SUP: 117
73 -1 68 -1 61 -1 55 -1 #SUP: 119
73 -1 68 -1 61 -1 59 -1 #SUP: 121
73 -1 72 -1 71 -1 66 -1 57 -1 #SUP: 115
73 -1 68 -1 61 -1 60 -1 #SUP: 161
73 -1 68 -1 61 -1 75 -1 #SUP: 146
73 -1 68 -1 62 -1 #SUP: 227
73 -1 68 -1 62 -1 55 -1 #SUP: 125
73 -1 68 -1 62 -1 60 -1 #SUP: 133
73 -1 68 -1 62 -1 75 -1 #SUP: 141
73 -1 68 -1 62 -1 61 -1 #SUP: 167
73 -1 68 -1 62 -1 61 -1 60 -1 #SUP: 125
73 -1 68 -1 63 -1 #SUP: 137
73 -1 68 -1 63 -1 61 -1 #SUP: 120
73 -1 68 -1 64 -1 #SUP: 124
73 -1 68 -1 65 -1 #SUP: 154
73 -1 68 -1 65 -1 60 -1 #SUP: 115
73 -1 68 -1 65 -1 61 -1 #SUP: 126
73 -1 68 -1 65 -1 62 -1 #SUP: 117
73 -1 72 -1 67 -1 57 -1 #SUP: 118
73 -1 68 -1 66 -1 #SUP: 208
73 -1 68 -1 66 -1 74 -1 #SUP: 115
73 -1 68 -1 66 -1 60 -1 #SUP: 152
73 -1 68 -1 66 -1 61 -1 #SUP: 163
73 -1 68 -1 66 -1 61 -1 60 -1 #SUP: 140
73 -1 68 -1 66 -1 62 -1 #SUP: 145
73 -1 68 -1 66 -1 62 -1 60 -1 #SUP: 114
73 -1 68 -1 66 -1 62 -1 61 -1 #SUP: 124
73 -1 68 -1 66 -1 65 -1 #SUP: 123
73 -1 54 -1 #SUP: 280
73 -1 54 -1 53 -1 #SUP: 140
73 -1 54 -1 74 -1 #SUP: 148
73 -1 54 -1 75 -1 #SUP: 148
73 -1 54 -1 48 -1 #SUP: 118
73 -1 12 -1 #SUP: 157
73 -1 69 -1 #SUP: 115
73 -1 55 -1 #SUP: 290
73 -1 55 -1 54 -1 #SUP: 129
73 -1 55 -1 74 -1 #SUP: 121
73 -1 55 -1 75 -1 #SUP: 154
73 -1 70 -1 #SUP: 291
73 -1 70 -1 67 -1 #SUP: 202
73 -1 70 -1 67 -1 59 -1 #SUP: 122
73 -1 70 -1 67 -1 60 -1 #SUP: 142
73 -1 70 -1 67 -1 61 -1 #SUP: 173
73 -1 70 -1 67 -1 61 -1 59 -1 #SUP: 115
73 -1 70 -1 67 -1 61 -1 60 -1 #SUP: 134
73 -1 70 -1 67 -1 62 -1 #SUP: 131
73 -1 70 -1 67 -1 62 -1 61 -1 #SUP: 114
73 -1 70 -1 67 -1 63 -1 #SUP: 138
73 -1 70 -1 67 -1 63 -1 61 -1 #SUP: 128
73 -1 70 -1 67 -1 64 -1 #SUP: 123
73 -1 70 -1 67 -1 65 -1 #SUP: 145
73 -1 70 -1 67 -1 66 -1 #SUP: 150
73 -1 70 -1 67 -1 66 -1 60 -1 #SUP: 117
73 -1 70 -1 67 -1 66 -1 61 -1 #SUP: 124
73 -1 70 -1 68 -1 #SUP: 170
73 -1 70 -1 68 -1 67 -1 #SUP: 125
73 -1 70 -1 68 -1 61 -1 #SUP: 128
73 -1 70 -1 68 -1 62 -1 #SUP: 128
73 -1 70 -1 68 -1 66 -1 #SUP: 120
73 -1 70 -1 56 -1 #SUP: 133
73 -1 70 -1 59 -1 #SUP: 161
73 -1 70 -1 59 -1 57 -1 #SUP: 121
73 -1 70 -1 60 -1 #SUP: 175
73 -1 70 -1 60 -1 57 -1 #SUP: 116
73 -1 70 -1 60 -1 59 -1 #SUP: 133
73 -1 70 -1 75 -1 #SUP: 135
73 -1 70 -1 61 -1 #SUP: 200
73 -1 70 -1 61 -1 59 -1 #SUP: 128
73 -1 70 -1 61 -1 60 -1 #SUP: 150
73 -1 70 -1 61 -1 60 -1 59 -1 #SUP: 116
73 -1 70 -1 62 -1 #SUP: 173
73 -1 70 -1 62 -1 61 -1 #SUP: 127
73 -1 70 -1 63 -1 #SUP: 186
73 -1 70 -1 63 -1 59 -1 #SUP: 126
73 -1 70 -1 63 -1 60 -1 #SUP: 135
73 -1 70 -1 63 -1 60 -1 59 -1 #SUP: 115
73 -1 70 -1 63 -1 61 -1 #SUP: 148
73 -1 70 -1 63 -1 61 -1 60 -1 #SUP: 123
73 -1 70 -1 63 -1 62 -1 #SUP: 118
73 -1 70 -1 64 -1 #SUP: 168
73 -1 70 -1 64 -1 57 -1 #SUP: 114
73 -1 70 -1 64 -1 59 -1 #SUP: 118
73 -1 70 -1 64 -1 60 -1 #SUP: 120
73 -1 70 -1 66 -1 62 -1 #SUP: 117
73 -1 70 -1 64 -1 61 -1 #SUP: 124
73 -1 70 -1 64 -1 63 -1 #SUP: 130
73 -1 70 -1 65 -1 #SUP: 185
73 -1 70 -1 65 -1 57 -1 #SUP: 116
73 -1 70 -1 65 -1 59 -1 #SUP: 131
73 -1 70 -1 65 -1 60 -1 #SUP: 132
73 -1 70 -1 65 -1 61 -1 #SUP: 136
73 -1 70 -1 65 -1 61 -1 60 -1 #SUP: 116
73 -1 70 -1 65 -1 62 -1 #SUP: 123
73 -1 70 -1 65 -1 63 -1 #SUP: 134
73 -1 70 -1 65 -1 64 -1 #SUP: 130
73 -1 70 -1 66 -1 #SUP: 200
73 -1 70 -1 66 -1 57 -1 #SUP: 120
73 -1 70 -1 66 -1 59 -1 #SUP: 126
73 -1 70 -1 66 -1 60 -1 #SUP: 142
73 -1 70 -1 66 -1 61 -1 #SUP: 144
73 -1 70 -1 66 -1 61 -1 60 -1 #SUP: 121
73 -1 70 -1 66 -1 63 -1 #SUP: 134
73 -1 70 -1 66 -1 64 -1 #SUP: 124
73 -1 70 -1 66 -1 65 -1 #SUP: 139
73 -1 56 -1 #SUP: 185
73 -1 71 -1 #SUP: 288
73 -1 71 -1 67 -1 #SUP: 195
73 -1 71 -1 67 -1 59 -1 #SUP: 123
73 -1 71 -1 67 -1 60 -1 #SUP: 129
73 -1 71 -1 67 -1 61 -1 #SUP: 157
73 -1 71 -1 67 -1 62 -1 #SUP: 124
73 -1 71 -1 67 -1 63 -1 61 -1 #SUP: 122
73 -1 71 -1 67 -1 64 -1 #SUP: 126
73 -1 71 -1 67 -1 64 -1 61 -1 #SUP: 115
73 -1 71 -1 67 -1 65 -1 #SUP: 144
73 -1 71 -1 67 -1 65 -1 61 -1 #SUP: 114
73 -1 71 -1 67 -1 66 -1 #SUP: 155
73 -1 71 -1 67 -1 66 -1 61 -1 #SUP: 117
73 -1 71 -1 67 -1 66 -1 65 -1 #SUP: 117
73 -1 71 -1 68 -1 67 -1 #SUP: 119
73 -1 71 -1 68 -1 66 -1 #SUP: 114
73 -1 71 -1 55 -1 #SUP: 116
73 -1 71 -1 70 -1 #SUP: 170
73 -1 71 -1 70 -1 67 -1 #SUP: 130
73 -1 71 -1 70 -1 67 -1 61 -1 #SUP: 116
73 -1 71 -1 70 -1 68 -1 #SUP: 114
73 -1 71 -1 70 -1 59 -1 #SUP: 118
73 -1 71 -1 70 -1 61 -1 #SUP: 129
73 -1 71 -1 70 -1 63 -1 #SUP: 133
73 -1 71 -1 70 -1 64 -1 #SUP: 133
73 -1 71 -1 70 -1 65 -1 #SUP: 134
73 -1 71 -1 70 -1 66 -1 #SUP: 135
73 -1 71 -1 56 -1 #SUP: 120
73 -1 71 -1 75 -1 #SUP: 125
73 -1 71 -1 57 -1 #SUP: 143
73 -1 71 -1 59 -1 #SUP: 169
73 -1 71 -1 59 -1 57 -1 #SUP: 123
73 -1 71 -1 60 -1 #SUP: 161
73 -1 71 -1 60 -1 59 -1 #SUP: 130
73 -1 71 -1 61 -1 #SUP: 180
73 -1 71 -1 61 -1 59 -1 #SUP: 121
73 -1 71 -1 61 -1 60 -1 #SUP: 131
73 -1 71 -1 62 -1 #SUP: 157
73 -1 71 -1 62 -1 61 -1 #SUP: 114
73 -1 71 -1 63 -1 #SUP: 170
73 -1 71 -1 63 -1 59 -1 #SUP: 120
73 -1 71 -1 63 -1 60 -1 #SUP: 125
73 -1 71 -1 63 -1 61 -1 #SUP: 134
73 -1 71 -1 64 -1 #SUP: 176
73 -1 71 -1 64 -1 59 -1 #SUP: 125
73 -1 71 -1 64 -1 60 -1 #SUP: 123
73 -1 71 -1 64 -1 61 -1 #SUP: 126
73 -1 71 -1 64 -1 63 -1 #SUP: 132
73 -1 71 -1 65 -1 #SUP: 192
73 -1 71 -1 65 -1 59 -1 #SUP: 127
73 -1 71 -1 65 -1 60 -1 #SUP: 122
73 -1 71 -1 65 -1 61 -1 #SUP: 128
73 -1 71 -1 65 -1 62 -1 #SUP: 117
73 -1 71 -1 65 -1 63 -1 #SUP: 128
73 -1 71 -1 65 -1 64 -1 #SUP: 136
73 -1 71 -1 66 -1 #SUP: 203
73 -1 71 -1 66 -1 57 -1 #SUP: 117
73 -1 71 -1 66 -1 59 -1 #SUP: 128
73 -1 71 -1 66 -1 60 -1 #SUP: 134
73 -1 71 -1 66 -1 61 -1 #SUP: 135
73 -1 71 -1 66 -1 63 -1 #SUP: 125
73 -1 71 -1 66 -1 64 -1 #SUP: 130
73 -1 71 -1 66 -1 65 -1 #SUP: 152
73 -1 57 -1 #SUP: 208
73 -1 57 -1 56 -1 #SUP: 121
73 -1 29 -1 #SUP: 149
73 -1 72 -1 #SUP: 391
73 -1 72 -1 67 -1 #SUP: 259
73 -1 72 -1 67 -1 55 -1 #SUP: 118
73 -1 72 -1 67 -1 59 -1 #SUP: 151
73 -1 72 -1 67 -1 74 -1 #SUP: 118
73 -1 72 -1 67 -1 60 -1 #SUP: 165
73 -1 72 -1 67 -1 60 -1 59 -1 #SUP: 128
73 -1 72 -1 67 -1 75 -1 #SUP: 134
73 -1 72 -1 67 -1 61 -1 #SUP: 202
73 -1 72 -1 67 -1 61 -1 59 -1 #SUP: 137
73 -1 72 -1 67 -1 61 -1 75 -1 #SUP: 120
73 -1 72 -1 67 -1 62 -1 #SUP: 150
73 -1 72 -1 67 -1 62 -1 61 -1 #SUP: 125
73 -1 72 -1 67 -1 63 -1 #SUP: 147
73 -1 72 -1 67 -1 63 -1 60 -1 #SUP: 125
73 -1 72 -1 67 -1 63 -1 61 -1 #SUP: 135
73 -1 72 -1 67 -1 63 -1 61 -1 60 -1 #SUP: 119
73 -1 72 -1 67 -1 64 -1 #SUP: 139
73 -1 72 -1 67 -1 64 -1 60 -1 #SUP: 114
73 -1 72 -1 67 -1 64 -1 61 -1 #SUP: 122
73 -1 72 -1 67 -1 65 -1 #SUP: 171
73 -1 72 -1 67 -1 65 -1 59 -1 #SUP: 122
73 -1 72 -1 67 -1 65 -1 60 -1 #SUP: 120
73 -1 72 -1 67 -1 65 -1 61 -1 #SUP: 134
73 -1 72 -1 67 -1 66 -1 #SUP: 193
73 -1 72 -1 67 -1 66 -1 59 -1 #SUP: 123
73 -1 72 -1 67 -1 66 -1 60 -1 #SUP: 136
73 -1 72 -1 67 -1 66 -1 61 -1 #SUP: 145
73 -1 72 -1 67 -1 66 -1 64 -1 #SUP: 115
73 -1 72 -1 67 -1 66 -1 65 -1 #SUP: 137
73 -1 72 -1 68 -1 #SUP: 213
73 -1 72 -1 68 -1 67 -1 #SUP: 146
73 -1 72 -1 68 -1 67 -1 61 -1 #SUP: 128
73 -1 72 -1 68 -1 67 -1 66 -1 #SUP: 119
73 -1 72 -1 68 -1 59 -1 #SUP: 115
73 -1 72 -1 68 -1 60 -1 #SUP: 120
73 -1 72 -1 68 -1 75 -1 #SUP: 119
73 -1 72 -1 68 -1 61 -1 #SUP: 142
73 -1 72 -1 68 -1 62 -1 #SUP: 140
73 -1 72 -1 68 -1 62 -1 61 -1 #SUP: 114
73 -1 72 -1 68 -1 65 -1 #SUP: 125
73 -1 72 -1 68 -1 66 -1 #SUP: 137
73 -1 72 -1 54 -1 #SUP: 138
73 -1 72 -1 55 -1 #SUP: 152
73 -1 72 -1 70 -1 #SUP: 208
73 -1 72 -1 70 -1 67 -1 #SUP: 150
73 -1 72 -1 70 -1 67 -1 61 -1 #SUP: 132
73 -1 72 -1 70 -1 67 -1 65 -1 #SUP: 120
73 -1 72 -1 70 -1 67 -1 66 -1 #SUP: 119
73 -1 72 -1 70 -1 68 -1 #SUP: 136
73 -1 72 -1 70 -1 57 -1 #SUP: 120
73 -1 72 -1 70 -1 59 -1 #SUP: 141
73 -1 72 -1 70 -1 60 -1 #SUP: 139
73 -1 72 -1 70 -1 60 -1 59 -1 #SUP: 117
73 -1 72 -1 70 -1 61 -1 #SUP: 152
73 -1 72 -1 70 -1 61 -1 60 -1 #SUP: 121
73 -1 72 -1 70 -1 63 -1 #SUP: 149
73 -1 72 -1 70 -1 63 -1 60 -1 #SUP: 118
73 -1 72 -1 70 -1 63 -1 61 -1 #SUP: 123
73 -1 72 -1 70 -1 64 -1 #SUP: 143
73 -1 72 -1 70 -1 65 -1 #SUP: 152
73 -1 72 -1 70 -1 66 -1 #SUP: 154
73 -1 72 -1 70 -1 66 -1 60 -1 #SUP: 114
73 -1 72 -1 70 -1 66 -1 65 -1 #SUP: 118
73 -1 72 -1 56 -1 #SUP: 140
73 -1 72 -1 71 -1 #SUP: 254
73 -1 72 -1 71 -1 67 -1 #SUP: 180
73 -1 72 -1 71 -1 67 -1 59 -1 #SUP: 120
73 -1 72 -1 71 -1 67 -1 60 -1 #SUP: 123
73 -1 72 -1 71 -1 67 -1 61 -1 #SUP: 147
73 -1 72 -1 71 -1 67 -1 61 -1 60 -1 #SUP: 115
73 -1 72 -1 71 -1 67 -1 63 -1 61 -1 #SUP: 116
73 -1 72 -1 71 -1 67 -1 64 -1 #SUP: 117
73 -1 72 -1 71 -1 67 -1 65 -1 #SUP: 138
73 -1 72 -1 71 -1 67 -1 66 -1 #SUP: 145
73 -1 72 -1 71 -1 68 -1 #SUP: 153
73 -1 72 -1 71 -1 70 -1 #SUP: 158
73 -1 72 -1 71 -1 70 -1 67 -1 #SUP: 121
73 -1 72 -1 71 -1 70 -1 59 -1 #SUP: 114
73 -1 72 -1 71 -1 70 -1 61 -1 #SUP: 122
73 -1 72 -1 71 -1 70 -1 63 -1 #SUP: 121
73 -1 72 -1 71 -1 70 -1 64 -1 #SUP: 123
73 -1 72 -1 71 -1 70 -1 65 -1 #SUP: 125
73 -1 72 -1 71 -1 70 -1 66 -1 #SUP: 126
73 -1 72 -1 71 -1 57 -1 #SUP: 136
73 -1 72 -1 71 -1 59 -1 #SUP: 163
73 -1 72 -1 71 -1 74 -1 #SUP: 117
73 -1 72 -1 71 -1 60 -1 #SUP: 152
73 -1 72 -1 71 -1 60 -1 59 -1 #SUP: 126
73 -1 72 -1 71 -1 75 -1 #SUP: 120
73 -1 72 -1 71 -1 61 -1 #SUP: 169
73 -1 72 -1 71 -1 61 -1 60 -1 #SUP: 125
74 -1 67 -1 48 -1 #SUP: 114
73 -1 72 -1 71 -1 62 -1 #SUP: 148
73 -1 72 -1 71 -1 63 -1 #SUP: 155
73 -1 72 -1 71 -1 63 -1 59 -1 #SUP: 116
73 -1 72 -1 71 -1 63 -1 60 -1 #SUP: 121
73 -1 72 -1 71 -1 63 -1 61 -1 #SUP: 126
73 -1 72 -1 71 -1 64 -1 #SUP: 162
73 -1 72 -1 71 -1 64 -1 57 -1 #SUP: 116
73 -1 72 -1 71 -1 64 -1 59 -1 #SUP: 122
73 -1 72 -1 71 -1 64 -1 60 -1 #SUP: 118
73 -1 72 -1 71 -1 64 -1 61 -1 #SUP: 118
73 -1 72 -1 71 -1 64 -1 63 -1 #SUP: 121
73 -1 72 -1 71 -1 65 -1 #SUP: 181
73 -1 72 -1 71 -1 65 -1 59 -1 #SUP: 125
73 -1 72 -1 71 -1 65 -1 60 -1 #SUP: 119
73 -1 72 -1 71 -1 65 -1 61 -1 #SUP: 124
73 -1 72 -1 71 -1 65 -1 63 -1 #SUP: 120
73 -1 72 -1 71 -1 65 -1 64 -1 #SUP: 129
73 -1 72 -1 71 -1 66 -1 #SUP: 189
73 -1 72 -1 71 -1 66 -1 60 -1 #SUP: 129
73 -1 72 -1 71 -1 66 -1 61 -1 #SUP: 129
73 -1 72 -1 71 -1 66 -1 63 -1 #SUP: 118
73 -1 72 -1 71 -1 66 -1 64 -1 #SUP: 124
73 -1 72 -1 71 -1 66 -1 65 -1 #SUP: 145
73 -1 72 -1 57 -1 #SUP: 157
73 -1 72 -1 59 -1 #SUP: 212
73 -1 72 -1 59 -1 57 -1 #SUP: 135
73 -1 72 -1 74 -1 #SUP: 174
73 -1 72 -1 74 -1 75 -1 #SUP: 116
73 -1 72 -1 60 -1 #SUP: 207
73 -1 72 -1 60 -1 57 -1 #SUP: 122
73 -1 72 -1 60 -1 59 -1 #SUP: 155
73 -1 72 -1 60 -1 59 -1 57 -1 #SUP: 117
73 -1 72 -1 75 -1 #SUP: 169
73 -1 72 -1 61 -1 #SUP: 234
73 -1 72 -1 61 -1 59 -1 #SUP: 149
73 -1 72 -1 61 -1 60 -1 #SUP: 166
73 -1 72 -1 61 -1 60 -1 59 -1 #SUP: 128
73 -1 72 -1 61 -1 75 -1 #SUP: 128
73 -1 72 -1 62 -1 #SUP: 193
73 -1 72 -1 62 -1 61 -1 #SUP: 137
73 -1 72 -1 63 -1 #SUP: 197
73 -1 72 -1 63 -1 57 -1 #SUP: 114
73 -1 72 -1 63 -1 60 -1 #SUP: 144
73 -1 72 -1 63 -1 60 -1 59 -1 #SUP: 120
73 -1 72 -1 63 -1 61 -1 #SUP: 153
73 -1 72 -1 63 -1 62 -1 #SUP: 120
73 -1 72 -1 64 -1 #SUP: 196
73 -1 72 -1 64 -1 57 -1 #SUP: 131
73 -1 72 -1 64 -1 59 -1 #SUP: 138
73 -1 72 -1 64 -1 59 -1 57 -1 #SUP: 115
73 -1 72 -1 64 -1 60 -1 #SUP: 136
73 -1 72 -1 64 -1 60 -1 59 -1 #SUP: 116
73 -1 72 -1 64 -1 61 -1 #SUP: 138
73 -1 72 -1 64 -1 61 -1 60 -1 #SUP: 114
73 -1 72 -1 64 -1 62 -1 #SUP: 117
73 -1 72 -1 64 -1 63 -1 #SUP: 140
73 -1 72 -1 64 -1 63 -1 61 -1 #SUP: 116
73 -1 72 -1 65 -1 #SUP: 234
73 -1 72 -1 65 -1 59 -1 #SUP: 162
73 -1 72 -1 65 -1 59 -1 57 -1 #SUP: 115
73 -1 72 -1 65 -1 60 -1 #SUP: 147
73 -1 72 -1 65 -1 60 -1 59 -1 #SUP: 126
73 -1 72 -1 65 -1 75 -1 #SUP: 118
73 -1 72 -1 65 -1 61 -1 #SUP: 151
73 -1 72 -1 65 -1 61 -1 59 -1 #SUP: 118
73 -1 72 -1 65 -1 61 -1 60 -1 #SUP: 118
73 -1 72 -1 65 -1 62 -1 #SUP: 132
73 -1 72 -1 65 -1 63 -1 #SUP: 140
73 -1 72 -1 65 -1 64 -1 #SUP: 149
73 -1 72 -1 66 -1 #SUP: 254
73 -1 72 -1 66 -1 57 -1 #SUP: 133
73 -1 72 -1 66 -1 59 -1 #SUP: 159
73 -1 72 -1 66 -1 59 -1 57 -1 #SUP: 123
73 -1 72 -1 66 -1 60 -1 #SUP: 174
73 -1 72 -1 66 -1 60 -1 57 -1 #SUP: 117
73 -1 72 -1 66 -1 60 -1 59 -1 #SUP: 138
73 -1 72 -1 66 -1 75 -1 #SUP: 121
73 -1 72 -1 66 -1 61 -1 #SUP: 166
73 -1 72 -1 66 -1 61 -1 59 -1 #SUP: 122
73 -1 72 -1 66 -1 61 -1 60 -1 #SUP: 137
73 -1 72 -1 66 -1 62 -1 #SUP: 132
73 -1 72 -1 66 -1 63 -1 #SUP: 142
73 -1 72 -1 66 -1 63 -1 60 -1 #SUP: 119
73 -1 72 -1 66 -1 64 -1 #SUP: 150
73 -1 72 -1 66 -1 64 -1 59 -1 #SUP: 114
73 -1 72 -1 66 -1 64 -1 60 -1 #SUP: 115
73 -1 72 -1 66 -1 65 -1 #SUP: 178
73 -1 72 -1 66 -1 65 -1 59 -1 #SUP: 125
73 -1 72 -1 66 -1 65 -1 61 -1 #SUP: 120
73 -1 72 -1 66 -1 65 -1 64 -1 #SUP: 119
73 -1 44 -1 #SUP: 132
73 -1 59 -1 #SUP: 276
73 -1 59 -1 54 -1 #SUP: 115
73 -1 59 -1 55 -1 #SUP: 120
73 -1 59 -1 56 -1 #SUP: 130
73 -1 59 -1 57 -1 #SUP: 155
73 -1 59 -1 74 -1 #SUP: 123
73 -1 59 -1 75 -1 #SUP: 134
73 -1 74 -1 #SUP: 567
73 -1 74 -1 75 -1 #SUP: 289
73 -1 60 -1 #SUP: 346
73 -1 60 -1 53 -1 #SUP: 179
73 -1 60 -1 54 -1 #SUP: 179
73 -1 60 -1 54 -1 53 -1 #SUP: 125
73 -1 60 -1 55 -1 #SUP: 154
73 -1 60 -1 56 -1 #SUP: 131
73 -1 60 -1 57 -1 #SUP: 150
73 -1 60 -1 59 -1 #SUP: 197
73 -1 60 -1 59 -1 57 -1 #SUP: 134
73 -1 60 -1 74 -1 #SUP: 159
73 -1 60 -1 74 -1 75 -1 #SUP: 119
73 -1 60 -1 75 -1 #SUP: 169
73 -1 75 -1 #SUP: 401
73 -1 61 -1 #SUP: 422
73 -1 61 -1 53 -1 #SUP: 144
73 -1 61 -1 54 -1 #SUP: 213
73 -1 61 -1 54 -1 53 -1 #SUP: 119
73 -1 61 -1 54 -1 74 -1 #SUP: 139
73 -1 61 -1 54 -1 75 -1 #SUP: 130
73 -1 61 -1 55 -1 #SUP: 179
73 -1 61 -1 55 -1 75 -1 #SUP: 119
73 -1 61 -1 56 -1 #SUP: 123
73 -1 61 -1 57 -1 #SUP: 140
73 -1 61 -1 59 -1 #SUP: 182
73 -1 61 -1 59 -1 57 -1 #SUP: 116
73 -1 61 -1 74 -1 #SUP: 209
73 -1 61 -1 74 -1 75 -1 #SUP: 156
73 -1 61 -1 60 -1 #SUP: 261
73 -1 61 -1 60 -1 53 -1 #SUP: 126
73 -1 61 -1 60 -1 54 -1 #SUP: 147
73 -1 61 -1 60 -1 55 -1 #SUP: 129
73 -1 61 -1 60 -1 57 -1 #SUP: 121
73 -1 61 -1 60 -1 59 -1 #SUP: 155
73 -1 61 -1 60 -1 74 -1 #SUP: 142
73 -1 61 -1 60 -1 75 -1 #SUP: 150
73 -1 61 -1 75 -1 #SUP: 218
73 -1 61 -1 48 -1 #SUP: 140
73 -1 19 -1 #SUP: 116
73 -1 76 -1 #SUP: 128
73 -1 62 -1 #SUP: 355
73 -1 62 -1 54 -1 #SUP: 136
73 -1 62 -1 55 -1 #SUP: 174
73 -1 62 -1 59 -1 #SUP: 132
73 -1 62 -1 74 -1 #SUP: 142
73 -1 62 -1 74 -1 75 -1 #SUP: 125
73 -1 62 -1 60 -1 #SUP: 178
73 -1 62 -1 75 -1 #SUP: 190
73 -1 62 -1 61 -1 #SUP: 215
73 -1 62 -1 61 -1 55 -1 #SUP: 122
73 -1 62 -1 61 -1 74 -1 #SUP: 119
73 -1 62 -1 61 -1 60 -1 #SUP: 157
73 -1 62 -1 61 -1 75 -1 #SUP: 138
73 -1 48 -1 #SUP: 217
73 -1 91 -1 #SUP: 118
73 -1 20 -1 #SUP: 119
73 -1 77 -1 #SUP: 169
76 -1 74 -1 #SUP: 173
73 -1 63 -1 #SUP: 263
73 -1 63 -1 56 -1 #SUP: 123
73 -1 63 -1 59 -1 #SUP: 150
73 -1 63 -1 59 -1 57 -1 #SUP: 116
73 -1 63 -1 60 -1 #SUP: 176
73 -1 63 -1 60 -1 57 -1 #SUP: 115
73 -1 63 -1 60 -1 59 -1 #SUP: 136
73 -1 63 -1 75 -1 #SUP: 115
73 -1 63 -1 61 -1 #SUP: 196
73 -1 63 -1 61 -1 59 -1 #SUP: 121
73 -1 63 -1 61 -1 60 -1 #SUP: 153
73 -1 63 -1 61 -1 60 -1 59 -1 #SUP: 118
73 -1 63 -1 62 -1 61 -1 #SUP: 117
73 -1 49 -1 #SUP: 194
73 -1 92 -1 #SUP: 135
73 -1 78 -1 #SUP: 125
73 -1 64 -1 #SUP: 256
73 -1 64 -1 57 -1 #SUP: 153
73 -1 64 -1 59 -1 #SUP: 153
73 -1 64 -1 59 -1 57 -1 #SUP: 126
73 -1 64 -1 60 -1 #SUP: 160
73 -1 64 -1 60 -1 57 -1 #SUP: 122
73 -1 64 -1 60 -1 59 -1 #SUP: 129
73 -1 64 -1 61 -1 #SUP: 163
73 -1 64 -1 61 -1 60 -1 #SUP: 130
73 -1 64 -1 62 -1 #SUP: 139
73 -1 64 -1 63 -1 #SUP: 161
73 -1 64 -1 63 -1 60 -1 #SUP: 124
73 -1 64 -1 63 -1 61 -1 #SUP: 128
73 -1 50 -1 #SUP: 121
73 -1 93 -1 #SUP: 134
73 -1 65 -1 #SUP: 319
73 -1 65 -1 54 -1 #SUP: 124
73 -1 65 -1 55 -1 #SUP: 137
73 -1 65 -1 57 -1 #SUP: 150
73 -1 65 -1 59 -1 #SUP: 202
73 -1 65 -1 59 -1 56 -1 #SUP: 114
73 -1 65 -1 59 -1 57 -1 #SUP: 133
73 -1 65 -1 59 -1 75 -1 #SUP: 116
73 -1 65 -1 74 -1 #SUP: 134
73 -1 65 -1 60 -1 #SUP: 197
73 -1 65 -1 60 -1 57 -1 #SUP: 127
73 -1 65 -1 60 -1 59 -1 #SUP: 159
73 -1 65 -1 60 -1 59 -1 57 -1 #SUP: 119
73 -1 65 -1 75 -1 #SUP: 148
73 -1 65 -1 61 -1 #SUP: 201
73 -1 65 -1 61 -1 57 -1 #SUP: 115
73 -1 65 -1 61 -1 59 -1 #SUP: 143
73 -1 65 -1 61 -1 60 -1 #SUP: 155
73 -1 65 -1 61 -1 60 -1 59 -1 #SUP: 127
73 -1 65 -1 61 -1 75 -1 #SUP: 115
73 -1 65 -1 62 -1 #SUP: 172
73 -1 65 -1 62 -1 61 -1 #SUP: 121
73 -1 65 -1 63 -1 #SUP: 173
73 -1 65 -1 63 -1 59 -1 #SUP: 124
73 -1 65 -1 63 -1 60 -1 #SUP: 129
73 -1 65 -1 63 -1 61 -1 #SUP: 132
73 -1 65 -1 64 -1 #SUP: 189
73 -1 65 -1 64 -1 57 -1 #SUP: 117
73 -1 65 -1 64 -1 59 -1 #SUP: 123
73 -1 65 -1 64 -1 60 -1 #SUP: 121
73 -1 65 -1 64 -1 61 -1 #SUP: 124
73 -1 65 -1 64 -1 63 -1 #SUP: 130
73 -1 94 -1 #SUP: 163
73 -1 66 -1 #SUP: 426
73 -1 66 -1 53 -1 #SUP: 171
73 -1 66 -1 54 -1 #SUP: 186
73 -1 66 -1 54 -1 53 -1 #SUP: 121
73 -1 66 -1 55 -1 #SUP: 173
73 -1 66 -1 56 -1 #SUP: 134
73 -1 66 -1 57 -1 #SUP: 160
73 -1 66 -1 59 -1 #SUP: 195
73 -1 66 -1 59 -1 57 -1 #SUP: 140
73 -1 66 -1 74 -1 #SUP: 185
73 -1 66 -1 74 -1 75 -1 #SUP: 135
73 -1 66 -1 60 -1 #SUP: 281
73 -1 66 -1 60 -1 53 -1 #SUP: 152
73 -1 66 -1 60 -1 54 -1 #SUP: 158
73 -1 66 -1 60 -1 56 -1 #SUP: 122
73 -1 66 -1 60 -1 57 -1 #SUP: 143
73 -1 66 -1 60 -1 59 -1 #SUP: 171
73 -1 66 -1 60 -1 59 -1 57 -1 #SUP: 129
73 -1 66 -1 60 -1 75 -1 #SUP: 147
73 -1 66 -1 75 -1 #SUP: 187
73 -1 66 -1 61 -1 #SUP: 271
73 -1 66 -1 61 -1 53 -1 #SUP: 119
73 -1 66 -1 61 -1 54 -1 #SUP: 148
73 -1 66 -1 61 -1 55 -1 #SUP: 131
73 -1 66 -1 61 -1 59 -1 #SUP: 145
73 -1 66 -1 61 -1 74 -1 #SUP: 151
73 -1 66 -1 61 -1 74 -1 75 -1 #SUP: 119
73 -1 66 -1 61 -1 60 -1 #SUP: 214
73 -1 66 -1 61 -1 60 -1 54 -1 #SUP: 131
73 -1 66 -1 61 -1 60 -1 55 -1 #SUP: 115
73 -1 66 -1 61 -1 60 -1 59 -1 #SUP: 135
73 -1 66 -1 61 -1 60 -1 74 -1 #SUP: 127
73 -1 66 -1 61 -1 60 -1 75 -1 #SUP: 136
73 -1 66 -1 61 -1 75 -1 #SUP: 157
73 -1 66 -1 62 -1 #SUP: 207
73 -1 66 -1 62 -1 60 -1 #SUP: 147
73 -1 66 -1 62 -1 75 -1 #SUP: 128
73 -1 66 -1 62 -1 61 -1 #SUP: 156
73 -1 66 -1 62 -1 61 -1 60 -1 #SUP: 134
73 -1 66 -1 48 -1 #SUP: 117
73 -1 66 -1 63 -1 #SUP: 182
73 -1 66 -1 63 -1 57 -1 #SUP: 116
73 -1 66 -1 63 -1 59 -1 #SUP: 122
73 -1 66 -1 63 -1 60 -1 #SUP: 143
73 -1 66 -1 63 -1 60 -1 59 -1 #SUP: 118
73 -1 66 -1 63 -1 61 -1 #SUP: 146
73 -1 66 -1 63 -1 61 -1 60 -1 #SUP: 125
73 -1 66 -1 64 -1 #SUP: 185
73 -1 66 -1 64 -1 57 -1 #SUP: 125
73 -1 66 -1 64 -1 59 -1 #SUP: 125
73 -1 66 -1 64 -1 59 -1 57 -1 #SUP: 114
73 -1 66 -1 64 -1 60 -1 #SUP: 133
73 -1 66 -1 64 -1 60 -1 59 -1 #SUP: 114
73 -1 66 -1 64 -1 61 -1 #SUP: 130
73 -1 66 -1 64 -1 63 -1 #SUP: 123
73 -1 66 -1 65 -1 #SUP: 230
73 -1 66 -1 65 -1 57 -1 #SUP: 127
73 -1 66 -1 65 -1 59 -1 #SUP: 150
73 -1 66 -1 65 -1 59 -1 57 -1 #SUP: 117
73 -1 66 -1 65 -1 60 -1 #SUP: 163
73 -1 66 -1 65 -1 60 -1 57 -1 #SUP: 117
73 -1 66 -1 65 -1 60 -1 59 -1 #SUP: 136
73 -1 66 -1 65 -1 75 -1 #SUP: 123
73 -1 66 -1 65 -1 61 -1 #SUP: 152
73 -1 66 -1 65 -1 61 -1 60 -1 #SUP: 128
73 -1 66 -1 65 -1 62 -1 #SUP: 131
73 -1 66 -1 65 -1 63 -1 #SUP: 131
73 -1 66 -1 65 -1 64 -1 #SUP: 146
73 -1 52 -1 #SUP: 133
74 -1 #SUP: 1100
74 -1 67 -1 #SUP: 386
74 -1 67 -1 54 -1 #SUP: 149
74 -1 67 -1 55 -1 #SUP: 136
74 -1 67 -1 60 -1 #SUP: 172
74 -1 67 -1 75 -1 #SUP: 128
74 -1 67 -1 61 -1 #SUP: 253
74 -1 67 -1 61 -1 60 -1 #SUP: 142
74 -1 67 -1 62 -1 #SUP: 175
74 -1 67 -1 62 -1 61 -1 #SUP: 114
74 -1 67 -1 63 -1 #SUP: 119
74 -1 67 -1 65 -1 #SUP: 132
74 -1 67 -1 66 -1 60 -1 #SUP: 128
74 -1 67 -1 66 -1 61 -1 #SUP: 138
74 -1 53 -1 #SUP: 152
74 -1 68 -1 #SUP: 317
74 -1 68 -1 67 -1 #SUP: 163
74 -1 68 -1 67 -1 61 -1 #SUP: 123
74 -1 68 -1 75 -1 #SUP: 123
74 -1 68 -1 61 -1 #SUP: 154
74 -1 68 -1 62 -1 #SUP: 156
74 -1 68 -1 66 -1 #SUP: 123
74 -1 54 -1 #SUP: 202
74 -1 12 -1 #SUP: 154
74 -1 55 -1 #SUP: 216
74 -1 70 -1 #SUP: 205
74 -1 70 -1 67 -1 #SUP: 132
74 -1 70 -1 61 -1 #SUP: 121
74 -1 70 -1 63 -1 #SUP: 115
74 -1 70 -1 66 -1 #SUP: 117
74 -1 71 -1 #SUP: 152
74 -1 29 -1 #SUP: 157
74 -1 72 -1 #SUP: 220
74 -1 72 -1 67 -1 #SUP: 145
74 -1 72 -1 68 -1 #SUP: 115
74 -1 72 -1 61 -1 #SUP: 123
74 -1 72 -1 63 -1 #SUP: 120
74 -1 72 -1 65 -1 #SUP: 126
74 -1 72 -1 66 -1 #SUP: 130
74 -1 44 -1 #SUP: 146
74 -1 73 -1 #SUP: 306
74 -1 73 -1 67 -1 #SUP: 206
74 -1 73 -1 67 -1 61 -1 #SUP: 149
74 -1 73 -1 67 -1 66 -1 #SUP: 136
74 -1 73 -1 68 -1 #SUP: 154
74 -1 73 -1 72 -1 #SUP: 163
74 -1 73 -1 72 -1 67 -1 #SUP: 118
74 -1 73 -1 60 -1 #SUP: 151
74 -1 73 -1 61 -1 #SUP: 181
74 -1 73 -1 61 -1 60 -1 #SUP: 117
74 -1 73 -1 62 -1 #SUP: 141
74 -1 73 -1 63 -1 #SUP: 136
74 -1 73 -1 65 -1 #SUP: 144
74 -1 73 -1 66 -1 #SUP: 184
74 -1 73 -1 66 -1 60 -1 #SUP: 117
74 -1 73 -1 66 -1 61 -1 #SUP: 114
74 -1 59 -1 #SUP: 144
74 -1 74 -1 #SUP: 145
74 -1 60 -1 #SUP: 229
74 -1 75 -1 #SUP: 509
74 -1 61 -1 #SUP: 328
74 -1 61 -1 54 -1 #SUP: 130
74 -1 61 -1 60 -1 #SUP: 159
74 -1 62 -1 #SUP: 270
74 -1 62 -1 61 -1 #SUP: 132
74 -1 48 -1 #SUP: 189
74 -1 20 -1 #SUP: 130
75 -1 94 -1 #SUP: 132
74 -1 77 -1 #SUP: 138
74 -1 63 -1 #SUP: 180
74 -1 63 -1 61 -1 #SUP: 121
74 -1 49 -1 #SUP: 162
74 -1 92 -1 #SUP: 119
74 -1 21 -1 #SUP: 119
74 -1 64 -1 #SUP: 142
74 -1 93 -1 #SUP: 125
74 -1 65 -1 #SUP: 191
74 -1 94 -1 #SUP: 160
74 -1 66 -1 #SUP: 287
74 -1 66 -1 60 -1 #SUP: 166
74 -1 66 -1 61 -1 #SUP: 166
74 -1 66 -1 61 -1 60 -1 #SUP: 118
74 -1 66 -1 62 -1 #SUP: 118
74 -1 66 -1 65 -1 #SUP: 117
75 -1 #SUP: 929
75 -1 67 -1 #SUP: 249
75 -1 67 -1 61 -1 #SUP: 153
75 -1 67 -1 66 -1 #SUP: 128
75 -1 68 -1 #SUP: 282
75 -1 68 -1 67 -1 #SUP: 125
75 -1 68 -1 61 -1 #SUP: 114
75 -1 68 -1 62 -1 #SUP: 146
75 -1 54 -1 #SUP: 144
75 -1 12 -1 #SUP: 131
75 -1 55 -1 #SUP: 197
75 -1 70 -1 #SUP: 142
75 -1 29 -1 #SUP: 122
75 -1 72 -1 #SUP: 138
75 -1 44 -1 #SUP: 127
75 -1 73 -1 #SUP: 172
75 -1 73 -1 67 -1 #SUP: 115
75 -1 74 -1 #SUP: 245
75 -1 74 -1 67 -1 #SUP: 146
75 -1 74 -1 68 -1 #SUP: 127
75 -1 74 -1 61 -1 #SUP: 117
75 -1 60 -1 #SUP: 145
75 -1 75 -1 #SUP: 172
75 -1 61 -1 #SUP: 213
75 -1 62 -1 #SUP: 229
75 -1 48 -1 #SUP: 157
75 -1 77 -1 #SUP: 116
75 -1 63 -1 #SUP: 115
75 -1 49 -1 #SUP: 141
75 -1 65 -1 #SUP: 118
75 -1 66 -1 #SUP: 186
76 -1 #SUP: 442
76 -1 69 -1 #SUP: 173
76 -1 75 -1 #SUP: 133
77 -1 #SUP: 555
77 -1 74 -1 #SUP: 160
77 -1 75 -1 #SUP: 148
77 -1 76 -1 #SUP: 195
77 -1 49 -1 #SUP: 120
78 -1 #SUP: 654
78 -1 83 -1 #SUP: 176
78 -1 69 -1 #SUP: 116
78 -1 1 -1 #SUP: 140
78 -1 74 -1 #SUP: 135
78 -1 75 -1 #SUP: 134
79 -1 #SUP: 447
79 -1 47 -1 #SUP: 167
79 -1 78 -1 #SUP: 176
80 -1 #SUP: 475
80 -1 58 -1 #SUP: 165
81 -1 #SUP: 550
81 -1 69 -1 #SUP: 176
81 -1 74 -1 #SUP: 181
81 -1 75 -1 #SUP: 151
81 -1 76 -1 #SUP: 123
81 -1 79 -1 #SUP: 141
81 -1 80 -1 #SUP: 151
83 -1 #SUP: 307
83 -1 1 -1 #SUP: 157
84 -1 #SUP: 208
85 -1 #SUP: 187
86 -1 #SUP: 197
87 -1 #SUP: 237
88 -1 #SUP: 304
88 -1 87 -1 #SUP: 127
89 -1 #SUP: 367
89 -1 88 -1 #SUP: 123
90 -1 #SUP: 310
91 -1 #SUP: 454
91 -1 74 -1 #SUP: 117
92 -1 #SUP: 475
93 -1 #SUP: 447
93 -1 92 -1 #SUP: 162
93 -1 94 -1 #SUP: 131
94 -1 #SUP: 515
94 -1 92 -1 #SUP: 127
94 -1 93 -1 #SUP: 146
95 -1 #SUP: 202
96 -1 #SUP: 192
97 -1 #SUP: 177
98 -1 #SUP: 194
99 -1 #SUP: 175
100 -1 #SUP: 193
101 -1 #SUP: 206
102 -1 #SUP: 181
105 -1 #SUP: 230
